<states><itno>0</itno><environment><NNODES>11</NNODES><WIDTH>0.45</WIDTH><DT>0.01</DT><NOISE>0.0001</NOISE><DELTA>1.8</DELTA><KEL>30</KEL><KI>0.02</KI><KTH>4</KTH><SIDEBOX>0</SIDEBOX><SIDEX>60</SIDEX><SIDEY>60</SIDEY></environment><agents><xagent><name>Sporo</name><id>1</id><iter>0</iter><FP>1.0</FP><K0>0.2</K0><TH0>2.94159265359</TH0><R0>0.998334166468</R0><coordx>{18.8346981329,17.8386364068,16.8490549393,15.9054052208,15.0453075878,14.3030514186,13.7082281243,13.2845514327,13.0489119965,13.0107040164,13.1714507239}</coordx><coordy>{2.80086874342,2.73354753113,2.86545517755,3.19133294107,3.69818910364,4.36581690952,5.16760014493,6.07157424243,7.04170060741,8.03930336311,9.02461123579}</coordy><xnbr_node0>{0}</xnbr_node0><xnbr_node1>{0}</xnbr_node1><xnbr_node2>{0}</xnbr_node2><xnbr_node3>{0}</xnbr_node3><xnbr_node4>{0}</xnbr_node4><xnbr_node5>{0}</xnbr_node5><xnbr_node6>{0}</xnbr_node6><xnbr_node7>{0}</xnbr_node7><xnbr_node8>{0}</xnbr_node8><xnbr_node9>{0}</xnbr_node9><xnbr_node10>{0}</xnbr_node10><ynbr_node0>{0}</ynbr_node0><ynbr_node1>{0}</ynbr_node1><ynbr_node2>{0}</ynbr_node2><ynbr_node3>{0}</ynbr_node3><ynbr_node4>{0}</ynbr_node4><ynbr_node5>{0}</ynbr_node5><ynbr_node6>{0}</ynbr_node6><ynbr_node7>{0}</ynbr_node7><ynbr_node8>{0}</ynbr_node8><ynbr_node9>{0}</ynbr_node9><ynbr_node10>{0}</ynbr_node10></xagent><xagent><name>Sporo</name><id>2</id><iter>0</iter><FP>1.0</FP><K0>0.2</K0><TH0>2.94159265359</TH0><R0>0.998334166468</R0><coordx>{28.7625567945,28.3463765827,27.7582098223,27.021504866,26.1656318156,25.2247116286,24.2362558238,23.2396710147,22.274687893,21.3797772903,20.5906164685}</coordx><coordy>{7.32039962563,6.41294982576,5.60627085001,4.93252244351,4.41856482909,4.08488787496,3.94479422828,4.00386898068,4.25975700818,4.70225686264,5.31372747125}</coordy><xnbr_node0>{0}</xnbr_node0><xnbr_node1>{0}</xnbr_node1><xnbr_node2>{0}</xnbr_node2><xnbr_node3>{0}</xnbr_node3><xnbr_node4>{0}</xnbr_node4><xnbr_node5>{0}</xnbr_node5><xnbr_node6>{0}</xnbr_node6><xnbr_node7>{0}</xnbr_node7><xnbr_node8>{0}</xnbr_node8><xnbr_node9>{0}</xnbr_node9><xnbr_node10>{0}</xnbr_node10><ynbr_node0>{0}</ynbr_node0><ynbr_node1>{0}</ynbr_node1><ynbr_node2>{0}</ynbr_node2><ynbr_node3>{0}</ynbr_node3><ynbr_node4>{0}</ynbr_node4><ynbr_node5>{0}</ynbr_node5><ynbr_node6>{0}</ynbr_node6><ynbr_node7>{0}</ynbr_node7><ynbr_node8>{0}</ynbr_node8><ynbr_node9>{0}</ynbr_node9><ynbr_node10>{0}</ynbr_node10></xagent><xagent><name>Sporo</name><id>3</id><iter>0</iter><FP>1.0</FP><K0>0.2</K0><TH0>2.94159265359</TH0><R0>0.998334166468</R0><coordx>{31.0053778888,31.9931482043,32.9900057108,33.9562088452,34.8532381376,35.6453318608,36.3009117376,36.7938418672,37.1044706808,37.220414388,37.1370506789}</coordx><coordy>{6.89316725167,7.03801514286,6.98373605231,6.73249391607,6.29430496528,5.68663841061,4.93371999999,4.0655662145,3.11678760593,2.12520898338,1.1303614574}</coordy><xnbr_node0>{0}</xnbr_node0><xnbr_node1>{0}</xnbr_node1><xnbr_node2>{0}</xnbr_node2><xnbr_node3>{0}</xnbr_node3><xnbr_node4>{0}</xnbr_node4><xnbr_node5>{0}</xnbr_node5><xnbr_node6>{0}</xnbr_node6><xnbr_node7>{0}</xnbr_node7><xnbr_node8>{0}</xnbr_node8><xnbr_node9>{0}</xnbr_node9><xnbr_node10>{0}</xnbr_node10><ynbr_node0>{0}</ynbr_node0><ynbr_node1>{0}</ynbr_node1><ynbr_node2>{0}</ynbr_node2><ynbr_node3>{0}</ynbr_node3><ynbr_node4>{0}</ynbr_node4><ynbr_node5>{0}</ynbr_node5><ynbr_node6>{0}</ynbr_node6><ynbr_node7>{0}</ynbr_node7><ynbr_node8>{0}</ynbr_node8><ynbr_node9>{0}</ynbr_node9><ynbr_node10>{0}</ynbr_node10></xagent><xagent><name>Sporo</name><id>4</id><iter>0</iter><FP>1.0</FP><K0>0.2</K0><TH0>2.94159265359</TH0><R0>0.998334166468</R0><coordx>{42.2238725335,42.3144096048,42.6006630582,43.0712208719,43.7073233909,44.4836112149,45.3691361982,46.3285952541,47.3237377779,48.3148905774,49.2625395183}</coordx><coordy>{1.55991216042,2.5541325317,3.51054774924,4.39102855645,5.16047296207,5.78820564578,6.2492008864,6.52508025843,6.60484532191,6.48531609546,6.17125783215}</coordy><xnbr_node0>{0}</xnbr_node0><xnbr_node1>{0}</xnbr_node1><xnbr_node2>{0}</xnbr_node2><xnbr_node3>{0}</xnbr_node3><xnbr_node4>{0}</xnbr_node4><xnbr_node5>{0}</xnbr_node5><xnbr_node6>{0}</xnbr_node6><xnbr_node7>{0}</xnbr_node7><xnbr_node8>{0}</xnbr_node8><xnbr_node9>{0}</xnbr_node9><xnbr_node10>{0}</xnbr_node10><ynbr_node0>{0}</ynbr_node0><ynbr_node1>{0}</ynbr_node1><ynbr_node2>{0}</ynbr_node2><ynbr_node3>{0}</ynbr_node3><ynbr_node4>{0}</ynbr_node4><ynbr_node5>{0}</ynbr_node5><ynbr_node6>{0}</ynbr_node6><ynbr_node7>{0}</ynbr_node7><ynbr_node8>{0}</ynbr_node8><ynbr_node9>{0}</ynbr_node9><ynbr_node10>{0}</ynbr_node10></xagent><xagent><name>Sporo</name><id>5</id><iter>0</iter><FP>1.0</FP><K0>0.2</K0><TH0>2.94159265359</TH0><R0>0.998334166468</R0><coordx>{58.7497956716,58.3385901958,57.7548490057,57.0218440205,56.1687978359,55.2297187111,54.2420447676,53.2451514486,52.278781745,51.3814617671,50.588964831}</coordx><coordy>{7.34096571431,6.43125083337,5.62136359989,4.94359166213,4.42495564841,4.08613193994,3.94062836877,3.99424570311,4.24484638905,4.68243976804,5.28958037298}</coordy><xnbr_node0>{0}</xnbr_node0><xnbr_node1>{0}</xnbr_node1><xnbr_node2>{0}</xnbr_node2><xnbr_node3>{0}</xnbr_node3><xnbr_node4>{0}</xnbr_node4><xnbr_node5>{0}</xnbr_node5><xnbr_node6>{0}</xnbr_node6><xnbr_node7>{0}</xnbr_node7><xnbr_node8>{0}</xnbr_node8><xnbr_node9>{0}</xnbr_node9><xnbr_node10>{0}</xnbr_node10><ynbr_node0>{0}</ynbr_node0><ynbr_node1>{0}</ynbr_node1><ynbr_node2>{0}</ynbr_node2><ynbr_node3>{0}</ynbr_node3><ynbr_node4>{0}</ynbr_node4><ynbr_node5>{0}</ynbr_node5><ynbr_node6>{0}</ynbr_node6><ynbr_node7>{0}</ynbr_node7><ynbr_node8>{0}</ynbr_node8><ynbr_node9>{0}</ynbr_node9><ynbr_node10>{0}</ynbr_node10></xagent><xagent><name>Sporo</name><id>6</id><iter>0</iter><FP>1.0</FP><K0>0.2</K0><TH0>2.94159265359</TH0><R0>0.998334166468</R0><coordx>{7.88748774501,6.9255400792,6.03582646541,5.25381697776,4.61068786674,4.13207866051,3.83706999777,3.73742294296,3.8371101097,4.13215728522,4.61080186973}</coordx><coordy>{11.6528366373,11.9199092794,12.3727677489,12.9933580076,13.7569390802,14.6330693991,15.5868204132,16.5801690792,17.5735137207,18.5272528214,19.403363813}</coordy><xnbr_node0>{0}</xnbr_node0><xnbr_node1>{0}</xnbr_node1><xnbr_node2>{0}</xnbr_node2><xnbr_node3>{0}</xnbr_node3><xnbr_node4>{0}</xnbr_node4><xnbr_node5>{0}</xnbr_node5><xnbr_node6>{0}</xnbr_node6><xnbr_node7>{0}</xnbr_node7><xnbr_node8>{0}</xnbr_node8><xnbr_node9>{0}</xnbr_node9><xnbr_node10>{0}</xnbr_node10><ynbr_node0>{0}</ynbr_node0><ynbr_node1>{0}</ynbr_node1><ynbr_node2>{0}</ynbr_node2><ynbr_node3>{0}</ynbr_node3><ynbr_node4>{0}</ynbr_node4><ynbr_node5>{0}</ynbr_node5><ynbr_node6>{0}</ynbr_node6><ynbr_node7>{0}</ynbr_node7><ynbr_node8>{0}</ynbr_node8><ynbr_node9>{0}</ynbr_node9><ynbr_node10>{0}</ynbr_node10></xagent><xagent><name>Sporo</name><id>7</id><iter>0</iter><FP>1.0</FP><K0>0.2</K0><TH0>2.94159265359</TH0><R0>0.998334166468</R0><coordx>{12.5729061426,13.4918911127,14.3150669185,15.0096161381,15.547849286,15.9083087051,16.0766240158,16.0460850178,15.8179092047,15.4011932259,14.8125502327}</coordx><coordy>{18.6946317085,18.3045833365,17.7397358343,17.0226078893,16.1817891297,15.2508003462,14.2667571235,13.2688901596,12.2969812615,11.3897773699,10.583445841}</coordy><xnbr_node0>{0}</xnbr_node0><xnbr_node1>{0}</xnbr_node1><xnbr_node2>{0}</xnbr_node2><xnbr_node3>{0}</xnbr_node3><xnbr_node4>{0}</xnbr_node4><xnbr_node5>{0}</xnbr_node5><xnbr_node6>{0}</xnbr_node6><xnbr_node7>{0}</xnbr_node7><xnbr_node8>{0}</xnbr_node8><xnbr_node9>{0}</xnbr_node9><xnbr_node10>{0}</xnbr_node10><ynbr_node0>{0}</ynbr_node0><ynbr_node1>{0}</ynbr_node1><ynbr_node2>{0}</ynbr_node2><ynbr_node3>{0}</ynbr_node3><ynbr_node4>{0}</ynbr_node4><ynbr_node5>{0}</ynbr_node5><ynbr_node6>{0}</ynbr_node6><ynbr_node7>{0}</ynbr_node7><ynbr_node8>{0}</ynbr_node8><ynbr_node9>{0}</ynbr_node9><ynbr_node10>{0}</ynbr_node10></xagent><xagent><name>Sporo</name><id>8</id><iter>0</iter><FP>1.0</FP><K0>0.2</K0><TH0>2.94159265359</TH0><R0>0.998334166468</R0><coordx>{20.7635001367,21.4013278302,22.1790224484,23.0655797609,24.0256555254,25.0209745508,26.0118566086,26.9587983579,27.8240482196,28.573111412,29.1761251495}</coordx><coordy>{13.7377967824,14.505811718,15.1318006866,15.5908074835,15.8645329561,15.9420645337,15.8203112769,15.5041271039,15.0061172798,14.3461358848,13.5504942944}</coordy><xnbr_node0>{0}</xnbr_node0><xnbr_node1>{0}</xnbr_node1><xnbr_node2>{0}</xnbr_node2><xnbr_node3>{0}</xnbr_node3><xnbr_node4>{0}</xnbr_node4><xnbr_node5>{0}</xnbr_node5><xnbr_node6>{0}</xnbr_node6><xnbr_node7>{0}</xnbr_node7><xnbr_node8>{0}</xnbr_node8><xnbr_node9>{0}</xnbr_node9><xnbr_node10>{0}</xnbr_node10><ynbr_node0>{0}</ynbr_node0><ynbr_node1>{0}</ynbr_node1><ynbr_node2>{0}</ynbr_node2><ynbr_node3>{0}</ynbr_node3><ynbr_node4>{0}</ynbr_node4><ynbr_node5>{0}</ynbr_node5><ynbr_node6>{0}</ynbr_node6><ynbr_node7>{0}</ynbr_node7><ynbr_node8>{0}</ynbr_node8><ynbr_node9>{0}</ynbr_node9><ynbr_node10>{0}</ynbr_node10></xagent><xagent><name>Sporo</name><id>9</id><iter>0</iter><FP>1.0</FP><K0>0.2</K0><TH0>2.94159265359</TH0><R0>0.998334166468</R0><coordx>{31.1788667412,32.1753227664,33.1640762928,34.1057088376,34.9626804826,35.7008264727,36.2907192566,36.7088416706,36.9385244935,36.9706109959,36.8038219902}</coordx><coordy>{17.2226175273,17.2838261688,17.1458494609,16.8141880996,16.3020643767,15.6298950489,14.8244773862,13.9179208491,12.9463669861,11.9485485836,10.9642455127}</coordy><xnbr_node0>{0}</xnbr_node0><xnbr_node1>{0}</xnbr_node1><xnbr_node2>{0}</xnbr_node2><xnbr_node3>{0}</xnbr_node3><xnbr_node4>{0}</xnbr_node4><xnbr_node5>{0}</xnbr_node5><xnbr_node6>{0}</xnbr_node6><xnbr_node7>{0}</xnbr_node7><xnbr_node8>{0}</xnbr_node8><xnbr_node9>{0}</xnbr_node9><xnbr_node10>{0}</xnbr_node10><ynbr_node0>{0}</ynbr_node0><ynbr_node1>{0}</ynbr_node1><ynbr_node2>{0}</ynbr_node2><ynbr_node3>{0}</ynbr_node3><ynbr_node4>{0}</ynbr_node4><ynbr_node5>{0}</ynbr_node5><ynbr_node6>{0}</ynbr_node6><ynbr_node7>{0}</ynbr_node7><ynbr_node8>{0}</ynbr_node8><ynbr_node9>{0}</ynbr_node9><ynbr_node10>{0}</ynbr_node10></xagent><xagent><name>Sporo</name><id>10</id><iter>0</iter><FP>1.0</FP><K0>0.2</K0><TH0>2.94159265359</TH0><R0>0.998334166468</R0><coordx>{40.5805313708,41.3987599004,42.3143153136,43.2906973055,44.288980607,45.2693668134,46.1927710202,47.0223800158,47.7251199074,48.2729746733,48.6441030727}</coordx><coordy>{14.9031233257,15.4751138687,15.8731457685,16.081350749,16.0914283349,15.9029767645,15.5235090073,14.9681532453,14.2590497602,13.4244682702,12.4976809056}</coordy><xnbr_node0>{0}</xnbr_node0><xnbr_node1>{0}</xnbr_node1><xnbr_node2>{0}</xnbr_node2><xnbr_node3>{0}</xnbr_node3><xnbr_node4>{0}</xnbr_node4><xnbr_node5>{0}</xnbr_node5><xnbr_node6>{0}</xnbr_node6><xnbr_node7>{0}</xnbr_node7><xnbr_node8>{0}</xnbr_node8><xnbr_node9>{0}</xnbr_node9><xnbr_node10>{0}</xnbr_node10><ynbr_node0>{0}</ynbr_node0><ynbr_node1>{0}</ynbr_node1><ynbr_node2>{0}</ynbr_node2><ynbr_node3>{0}</ynbr_node3><ynbr_node4>{0}</ynbr_node4><ynbr_node5>{0}</ynbr_node5><ynbr_node6>{0}</ynbr_node6><ynbr_node7>{0}</ynbr_node7><ynbr_node8>{0}</ynbr_node8><ynbr_node9>{0}</ynbr_node9><ynbr_node10>{0}</ynbr_node10></xagent><xagent><name>Sporo</name><id>11</id><iter>0</iter><FP>1.0</FP><K0>0.2</K0><TH0>2.94159265359</TH0><R0>0.998334166468</R0><coordx>{50.7407802234,51.3927672082,52.1819581925,53.0768906222,54.0418863656,55.0384740875,56.0269229804,56.9678267062,57.8236744025,58.5603461224,59.1484730891}</coordx><coordy>{13.8167270183,14.5727588164,15.1841904955,15.6266462041,15.8824866294,15.9415122209,15.8013698145,15.4676464459,14.9536466125,14.2798618656,13.473153877}</coordy><xnbr_node0>{0}</xnbr_node0><xnbr_node1>{0}</xnbr_node1><xnbr_node2>{0}</xnbr_node2><xnbr_node3>{0}</xnbr_node3><xnbr_node4>{0}</xnbr_node4><xnbr_node5>{0}</xnbr_node5><xnbr_node6>{0}</xnbr_node6><xnbr_node7>{0}</xnbr_node7><xnbr_node8>{0}</xnbr_node8><xnbr_node9>{0}</xnbr_node9><xnbr_node10>{0}</xnbr_node10><ynbr_node0>{0}</ynbr_node0><ynbr_node1>{0}</ynbr_node1><ynbr_node2>{0}</ynbr_node2><ynbr_node3>{0}</ynbr_node3><ynbr_node4>{0}</ynbr_node4><ynbr_node5>{0}</ynbr_node5><ynbr_node6>{0}</ynbr_node6><ynbr_node7>{0}</ynbr_node7><ynbr_node8>{0}</ynbr_node8><ynbr_node9>{0}</ynbr_node9><ynbr_node10>{0}</ynbr_node10></xagent><xagent><name>Sporo</name><id>12</id><iter>0</iter><FP>1.0</FP><K0>0.2</K0><TH0>2.94159265359</TH0><R0>0.998334166468</R0><coordx>{5.41937272466,4.7891541473,4.32532189345,4.04636749138,3.9634119728,4.07976251245,4.39078058149,4.88406687098,5.5399556132,6.33229859379,7.2295075985}</coordx><coordy>{20.5994074749,21.3736785209,22.2577207983,23.2162903312,24.2111719774,25.2027029451,26.1513540235,27.0193054879,27.7719548523,28.3792963617,28.8171172267}</coordy><xnbr_node0>{0}</xnbr_node0><xnbr_node1>{0}</xnbr_node1><xnbr_node2>{0}</xnbr_node2><xnbr_node3>{0}</xnbr_node3><xnbr_node4>{0}</xnbr_node4><xnbr_node5>{0}</xnbr_node5><xnbr_node6>{0}</xnbr_node6><xnbr_node7>{0}</xnbr_node7><xnbr_node8>{0}</xnbr_node8><xnbr_node9>{0}</xnbr_node9><xnbr_node10>{0}</xnbr_node10><ynbr_node0>{0}</ynbr_node0><ynbr_node1>{0}</ynbr_node1><ynbr_node2>{0}</ynbr_node2><ynbr_node3>{0}</ynbr_node3><ynbr_node4>{0}</ynbr_node4><ynbr_node5>{0}</ynbr_node5><ynbr_node6>{0}</ynbr_node6><ynbr_node7>{0}</ynbr_node7><ynbr_node8>{0}</ynbr_node8><ynbr_node9>{0}</ynbr_node9><ynbr_node10>{0}</ynbr_node10></xagent><xagent><name>Sporo</name><id>13</id><iter>0</iter><FP>1.0</FP><K0>0.2</K0><TH0>2.94159265359</TH0><R0>0.998334166468</R0><coordx>{18.4834618745,17.487936756,16.5271240347,15.6393282817,14.8599431123,14.2200401535,13.745130317,13.4541467594,13.3586900768,13.4625658259,13.7616328084}</coordx><coordy>{22.2784964774,22.3533352797,22.6244625976,23.0810694405,23.7049523346,24.4712390377,25.349380117,26.3043668588,27.2981269555,28.2910423279,29.2435285734}</coordy><xnbr_node0>{0}</xnbr_node0><xnbr_node1>{0}</xnbr_node1><xnbr_node2>{0}</xnbr_node2><xnbr_node3>{0}</xnbr_node3><xnbr_node4>{0}</xnbr_node4><xnbr_node5>{0}</xnbr_node5><xnbr_node6>{0}</xnbr_node6><xnbr_node7>{0}</xnbr_node7><xnbr_node8>{0}</xnbr_node8><xnbr_node9>{0}</xnbr_node9><xnbr_node10>{0}</xnbr_node10><ynbr_node0>{0}</ynbr_node0><ynbr_node1>{0}</ynbr_node1><ynbr_node2>{0}</ynbr_node2><ynbr_node3>{0}</ynbr_node3><ynbr_node4>{0}</ynbr_node4><ynbr_node5>{0}</ynbr_node5><ynbr_node6>{0}</ynbr_node6><ynbr_node7>{0}</ynbr_node7><ynbr_node8>{0}</ynbr_node8><ynbr_node9>{0}</ynbr_node9><ynbr_node10>{0}</ynbr_node10></xagent><xagent><name>Sporo</name><id>14</id><iter>0</iter><FP>1.0</FP><K0>0.2</K0><TH0>2.94159265359</TH0><R0>0.998334166468</R0><coordx>{21.4770817429,22.4735955148,23.4382733078,24.3326564625,25.1210887449,25.772137848,26.2598484985,26.5647772119,26.6747674426,26.5854342272,26.3003389991}</coordx><coordy>{27.6702312649,27.6099700804,27.3529333833,26.9093684157,26.296958713,25.5401191175,24.6690224356,23.718396543,22.7261398942,21.7318106305,20.775049522}</coordy><xnbr_node0>{0}</xnbr_node0><xnbr_node1>{0}</xnbr_node1><xnbr_node2>{0}</xnbr_node2><xnbr_node3>{0}</xnbr_node3><xnbr_node4>{0}</xnbr_node4><xnbr_node5>{0}</xnbr_node5><xnbr_node6>{0}</xnbr_node6><xnbr_node7>{0}</xnbr_node7><xnbr_node8>{0}</xnbr_node8><xnbr_node9>{0}</xnbr_node9><xnbr_node10>{0}</xnbr_node10><ynbr_node0>{0}</ynbr_node0><ynbr_node1>{0}</ynbr_node1><ynbr_node2>{0}</ynbr_node2><ynbr_node3>{0}</ynbr_node3><ynbr_node4>{0}</ynbr_node4><ynbr_node5>{0}</ynbr_node5><ynbr_node6>{0}</ynbr_node6><ynbr_node7>{0}</ynbr_node7><ynbr_node8>{0}</ynbr_node8><ynbr_node9>{0}</ynbr_node9><ynbr_node10>{0}</ynbr_node10></xagent><xagent><name>Sporo</name><id>15</id><iter>0</iter><FP>1.0</FP><K0>0.2</K0><TH0>2.94159265359</TH0><R0>0.998334166468</R0><coordx>{39.399753381,38.6267319217,37.7436099392,36.78559472,35.7908793077,34.7991198668,33.8498547165,32.9809280628,32.2269812693,31.6180718155,31.1784749997}</coordx><coordy>{25.428086721,24.7963360333,24.3307539547,24.0499017735,23.9649761799,24.0793628894,24.3885016646,24.8800681184,25.5344650473,26.3256037108,27.2219439071}</coordy><xnbr_node0>{0}</xnbr_node0><xnbr_node1>{0}</xnbr_node1><xnbr_node2>{0}</xnbr_node2><xnbr_node3>{0}</xnbr_node3><xnbr_node4>{0}</xnbr_node4><xnbr_node5>{0}</xnbr_node5><xnbr_node6>{0}</xnbr_node6><xnbr_node7>{0}</xnbr_node7><xnbr_node8>{0}</xnbr_node8><xnbr_node9>{0}</xnbr_node9><xnbr_node10>{0}</xnbr_node10><ynbr_node0>{0}</ynbr_node0><ynbr_node1>{0}</ynbr_node1><ynbr_node2>{0}</ynbr_node2><ynbr_node3>{0}</ynbr_node3><ynbr_node4>{0}</ynbr_node4><ynbr_node5>{0}</ynbr_node5><ynbr_node6>{0}</ynbr_node6><ynbr_node7>{0}</ynbr_node7><ynbr_node8>{0}</ynbr_node8><ynbr_node9>{0}</ynbr_node9><ynbr_node10>{0}</ynbr_node10></xagent><xagent><name>Sporo</name><id>16</id><iter>0</iter><FP>1.0</FP><K0>0.2</K0><TH0>2.94159265359</TH0><R0>0.998334166468</R0><coordx>{41.6122143919,42.6045760471,43.5554938791,44.4270577948,45.1845212911,45.7976866889,46.2421090187,46.5000705647,46.5612872139,46.4233184519,46.0916646578}</coordx><coordy>{27.8397177198,27.7306789503,27.4266618706,26.9397866825,26.2894635631,25.5016188431,24.6076614052,23.6432305115,22.6467749782,21.658020343,20.7163851329}</coordy><xnbr_node0>{0}</xnbr_node0><xnbr_node1>{0}</xnbr_node1><xnbr_node2>{0}</xnbr_node2><xnbr_node3>{0}</xnbr_node3><xnbr_node4>{0}</xnbr_node4><xnbr_node5>{0}</xnbr_node5><xnbr_node6>{0}</xnbr_node6><xnbr_node7>{0}</xnbr_node7><xnbr_node8>{0}</xnbr_node8><xnbr_node9>{0}</xnbr_node9><xnbr_node10>{0}</xnbr_node10><ynbr_node0>{0}</ynbr_node0><ynbr_node1>{0}</ynbr_node1><ynbr_node2>{0}</ynbr_node2><ynbr_node3>{0}</ynbr_node3><ynbr_node4>{0}</ynbr_node4><ynbr_node5>{0}</ynbr_node5><ynbr_node6>{0}</ynbr_node6><ynbr_node7>{0}</ynbr_node7><ynbr_node8>{0}</ynbr_node8><ynbr_node9>{0}</ynbr_node9><ynbr_node10>{0}</ynbr_node10></xagent><xagent><name>Sporo</name><id>17</id><iter>0</iter><FP>1.0</FP><K0>0.2</K0><TH0>2.94159265359</TH0><R0>0.998334166468</R0><coordx>{58.9109035736,58.4342914948,57.792903543,57.0123098321,56.1236301698,55.16229341,54.1666250157,53.1763191435,52.2308561637,51.3679287016,50.621938952}</coordx><coordy>{27.0605633434,26.183344993,25.4183008091,24.795930689,24.3410465655,24.071783233,23.998875371,24.1252295857,24.4458085334,24.9478317431,25.6112851337}</coordy><xnbr_node0>{0}</xnbr_node0><xnbr_node1>{0}</xnbr_node1><xnbr_node2>{0}</xnbr_node2><xnbr_node3>{0}</xnbr_node3><xnbr_node4>{0}</xnbr_node4><xnbr_node5>{0}</xnbr_node5><xnbr_node6>{0}</xnbr_node6><xnbr_node7>{0}</xnbr_node7><xnbr_node8>{0}</xnbr_node8><xnbr_node9>{0}</xnbr_node9><xnbr_node10>{0}</xnbr_node10><ynbr_node0>{0}</ynbr_node0><ynbr_node1>{0}</ynbr_node1><ynbr_node2>{0}</ynbr_node2><ynbr_node3>{0}</ynbr_node3><ynbr_node4>{0}</ynbr_node4><ynbr_node5>{0}</ynbr_node5><ynbr_node6>{0}</ynbr_node6><ynbr_node7>{0}</ynbr_node7><ynbr_node8>{0}</ynbr_node8><ynbr_node9>{0}</ynbr_node9><ynbr_node10>{0}</ynbr_node10></xagent><xagent><name>Sporo</name><id>18</id><iter>0</iter><FP>1.0</FP><K0>0.2</K0><TH0>2.94159265359</TH0><R0>0.998334166468</R0><coordx>{6.20257750745,5.44359655025,4.82859196822,4.38208205329,4.12186774673,4.05832297178,4.1939810581,4.52343374587,5.03354679608,5.70398361118,6.50801599104}</coordx><coordy>{30.7461904846,31.3947419587,32.1811518213,33.0740683929,34.0378939075,35.0342036834,36.0232779938,36.9656855673,37.8238555877,38.5635755245,39.1553550781}</coordy><xnbr_node0>{0}</xnbr_node0><xnbr_node1>{0}</xnbr_node1><xnbr_node2>{0}</xnbr_node2><xnbr_node3>{0}</xnbr_node3><xnbr_node4>{0}</xnbr_node4><xnbr_node5>{0}</xnbr_node5><xnbr_node6>{0}</xnbr_node6><xnbr_node7>{0}</xnbr_node7><xnbr_node8>{0}</xnbr_node8><xnbr_node9>{0}</xnbr_node9><xnbr_node10>{0}</xnbr_node10><ynbr_node0>{0}</ynbr_node0><ynbr_node1>{0}</ynbr_node1><ynbr_node2>{0}</ynbr_node2><ynbr_node3>{0}</ynbr_node3><ynbr_node4>{0}</ynbr_node4><ynbr_node5>{0}</ynbr_node5><ynbr_node6>{0}</ynbr_node6><ynbr_node7>{0}</ynbr_node7><ynbr_node8>{0}</ynbr_node8><ynbr_node9>{0}</ynbr_node9><ynbr_node10>{0}</ynbr_node10></xagent><xagent><name>Sporo</name><id>19</id><iter>0</iter><FP>1.0</FP><K0>0.2</K0><TH0>2.94159265359</TH0><R0>0.998334166468</R0><coordx>{18.5408244631,17.5439273909,16.5775401363,15.6801895093,14.8876500479,14.2315177992,13.7379506856,13.4266256702,13.3099542991,13.3925878915,13.671232107}</coordx><coordy>{32.3535589604,32.407106467,32.6576394628,33.0951699878,33.7022550807,34.4546921745,35.3224839769,36.2710343671,37.2625276344,38.2574360711,39.2160958173}</coordy><xnbr_node0>{0}</xnbr_node0><xnbr_node1>{0}</xnbr_node1><xnbr_node2>{0}</xnbr_node2><xnbr_node3>{0}</xnbr_node3><xnbr_node4>{0}</xnbr_node4><xnbr_node5>{0}</xnbr_node5><xnbr_node6>{0}</xnbr_node6><xnbr_node7>{0}</xnbr_node7><xnbr_node8>{0}</xnbr_node8><xnbr_node9>{0}</xnbr_node9><xnbr_node10>{0}</xnbr_node10><ynbr_node0>{0}</ynbr_node0><ynbr_node1>{0}</ynbr_node1><ynbr_node2>{0}</ynbr_node2><ynbr_node3>{0}</ynbr_node3><ynbr_node4>{0}</ynbr_node4><ynbr_node5>{0}</ynbr_node5><ynbr_node6>{0}</ynbr_node6><ynbr_node7>{0}</ynbr_node7><ynbr_node8>{0}</ynbr_node8><ynbr_node9>{0}</ynbr_node9><ynbr_node10>{0}</ynbr_node10></xagent><xagent><name>Sporo</name><id>20</id><iter>0</iter><FP>1.0</FP><K0>0.2</K0><TH0>2.94159265359</TH0><R0>0.998334166468</R0><coordx>{27.1921785823,26.2992816929,25.5128989392,24.8643809202,24.3795820026,24.0778295895,23.9711535973,24.0638068613,24.3520955881,24.824526616,25.4622656107}</coordx><coordy>{31.1613229991,31.6078722716,32.2229115164,32.9819210597,33.8546415863,34.8062804827,35.7988989092,36.7929243015,37.7487280041,38.6282051396,39.3962937299}</coordy><xnbr_node0>{0}</xnbr_node0><xnbr_node1>{0}</xnbr_node1><xnbr_node2>{0}</xnbr_node2><xnbr_node3>{0}</xnbr_node3><xnbr_node4>{0}</xnbr_node4><xnbr_node5>{0}</xnbr_node5><xnbr_node6>{0}</xnbr_node6><xnbr_node7>{0}</xnbr_node7><xnbr_node8>{0}</xnbr_node8><xnbr_node9>{0}</xnbr_node9><xnbr_node10>{0}</xnbr_node10><ynbr_node0>{0}</ynbr_node0><ynbr_node1>{0}</ynbr_node1><ynbr_node2>{0}</ynbr_node2><ynbr_node3>{0}</ynbr_node3><ynbr_node4>{0}</ynbr_node4><ynbr_node5>{0}</ynbr_node5><ynbr_node6>{0}</ynbr_node6><ynbr_node7>{0}</ynbr_node7><ynbr_node8>{0}</ynbr_node8><ynbr_node9>{0}</ynbr_node9><ynbr_node10>{0}</ynbr_node10></xagent><xagent><name>Sporo</name><id>21</id><iter>0</iter><FP>1.0</FP><K0>0.2</K0><TH0>2.94159265359</TH0><R0>0.998334166468</R0><coordx>{30.7629420762,31.4011095237,32.1790810411,33.0658413593,34.0260381425,35.0213913752,36.012219465,36.9590212226,37.8240506498,38.5728217531,39.1754833915}</coordx><coordy>{33.7396713902,34.507404037,35.1330488451,35.5916633304,35.8649639805,35.9420551611,35.8198634899,35.5032603634,35.0048677491,34.3445549878,33.5486466655}</coordy><xnbr_node0>{0}</xnbr_node0><xnbr_node1>{0}</xnbr_node1><xnbr_node2>{0}</xnbr_node2><xnbr_node3>{0}</xnbr_node3><xnbr_node4>{0}</xnbr_node4><xnbr_node5>{0}</xnbr_node5><xnbr_node6>{0}</xnbr_node6><xnbr_node7>{0}</xnbr_node7><xnbr_node8>{0}</xnbr_node8><xnbr_node9>{0}</xnbr_node9><xnbr_node10>{0}</xnbr_node10><ynbr_node0>{0}</ynbr_node0><ynbr_node1>{0}</ynbr_node1><ynbr_node2>{0}</ynbr_node2><ynbr_node3>{0}</ynbr_node3><ynbr_node4>{0}</ynbr_node4><ynbr_node5>{0}</ynbr_node5><ynbr_node6>{0}</ynbr_node6><ynbr_node7>{0}</ynbr_node7><ynbr_node8>{0}</ynbr_node8><ynbr_node9>{0}</ynbr_node9><ynbr_node10>{0}</ynbr_node10></xagent><xagent><name>Sporo</name><id>22</id><iter>0</iter><FP>1.0</FP><K0>0.2</K0><TH0>2.94159265359</TH0><R0>0.998334166468</R0><coordx>{40.6096968392,41.4992515167,42.4611054231,43.4569124786,44.4469729981,45.3918163933,46.2537747394,46.9984844773,47.5962563798,48.0232591676,48.262469587}</coordx><coordy>{35.5160680288,35.9692386188,36.2366487356,36.3076375817,36.179375056,35.8569745804,35.3532892446,34.6883993934,33.888812087,32.9864043482,32.0171523256}</coordy><xnbr_node0>{0}</xnbr_node0><xnbr_node1>{0}</xnbr_node1><xnbr_node2>{0}</xnbr_node2><xnbr_node3>{0}</xnbr_node3><xnbr_node4>{0}</xnbr_node4><xnbr_node5>{0}</xnbr_node5><xnbr_node6>{0}</xnbr_node6><xnbr_node7>{0}</xnbr_node7><xnbr_node8>{0}</xnbr_node8><xnbr_node9>{0}</xnbr_node9><xnbr_node10>{0}</xnbr_node10><ynbr_node0>{0}</ynbr_node0><ynbr_node1>{0}</ynbr_node1><ynbr_node2>{0}</ynbr_node2><ynbr_node3>{0}</ynbr_node3><ynbr_node4>{0}</ynbr_node4><ynbr_node5>{0}</ynbr_node5><ynbr_node6>{0}</ynbr_node6><ynbr_node7>{0}</ynbr_node7><ynbr_node8>{0}</ynbr_node8><ynbr_node9>{0}</ynbr_node9><ynbr_node10>{0}</ynbr_node10></xagent><xagent><name>Sporo</name><id>23</id><iter>0</iter><FP>1.0</FP><K0>0.2</K0><TH0>2.94159265359</TH0><R0>0.998334166468</R0><coordx>{58.8308609729,58.3874881934,57.7752479167,57.0185482309,56.1475563644,55.1969960143,54.2047630222,53.2104145863,52.2535922409,51.3724414735,50.6020909844}</coordx><coordy>{37.2058087543,36.3113303106,35.5227664567,34.8715547451,34.3836569316,34.0785239625,33.9683205262,34.0574400862,34.3423297266,34.8116317966,35.4466367037}</coordy><xnbr_node0>{0}</xnbr_node0><xnbr_node1>{0}</xnbr_node1><xnbr_node2>{0}</xnbr_node2><xnbr_node3>{0}</xnbr_node3><xnbr_node4>{0}</xnbr_node4><xnbr_node5>{0}</xnbr_node5><xnbr_node6>{0}</xnbr_node6><xnbr_node7>{0}</xnbr_node7><xnbr_node8>{0}</xnbr_node8><xnbr_node9>{0}</xnbr_node9><xnbr_node10>{0}</xnbr_node10><ynbr_node0>{0}</ynbr_node0><ynbr_node1>{0}</ynbr_node1><ynbr_node2>{0}</ynbr_node2><ynbr_node3>{0}</ynbr_node3><ynbr_node4>{0}</ynbr_node4><ynbr_node5>{0}</ynbr_node5><ynbr_node6>{0}</ynbr_node6><ynbr_node7>{0}</ynbr_node7><ynbr_node8>{0}</ynbr_node8><ynbr_node9>{0}</ynbr_node9><ynbr_node10>{0}</ynbr_node10></xagent><xagent><name>Sporo</name><id>24</id><iter>0</iter><FP>1.0</FP><K0>0.2</K0><TH0>2.94159265359</TH0><R0>0.998334166468</R0><coordx>{0.610241920729,1.36978229996,2.2428995499,3.19478524108,4.18749069483,5.18143987738,6.1370071714,7.01609712436,7.78366319396,8.40910494319,8.86748798321}</coordx><coordy>{44.4793157772,45.1272120037,45.6112960623,45.9122690492,46.0181321213,45.9246648519,45.6355934861,45.162442387,44.5240745959,43.7459398221,42.8590598434}</coordy><xnbr_node0>{0}</xnbr_node0><xnbr_node1>{0}</xnbr_node1><xnbr_node2>{0}</xnbr_node2><xnbr_node3>{0}</xnbr_node3><xnbr_node4>{0}</xnbr_node4><xnbr_node5>{0}</xnbr_node5><xnbr_node6>{0}</xnbr_node6><xnbr_node7>{0}</xnbr_node7><xnbr_node8>{0}</xnbr_node8><xnbr_node9>{0}</xnbr_node9><xnbr_node10>{0}</xnbr_node10><ynbr_node0>{0}</ynbr_node0><ynbr_node1>{0}</ynbr_node1><ynbr_node2>{0}</ynbr_node2><ynbr_node3>{0}</ynbr_node3><ynbr_node4>{0}</ynbr_node4><ynbr_node5>{0}</ynbr_node5><ynbr_node6>{0}</ynbr_node6><ynbr_node7>{0}</ynbr_node7><ynbr_node8>{0}</ynbr_node8><ynbr_node9>{0}</ynbr_node9><ynbr_node10>{0}</ynbr_node10></xagent><xagent><name>Sporo</name><id>25</id><iter>0</iter><FP>1.0</FP><K0>0.2</K0><TH0>2.94159265359</TH0><R0>0.998334166468</R0><coordx>{10.666470748,11.5900470906,12.5705187294,13.5687973541,14.5450847464,15.4604594087,16.2784282419,16.9663814098,17.4968923906,17.8488113856,18.008108495}</coordx><coordy>{45.8727040028,46.251752611,46.4397591893,46.4292285088,46.2205803945,45.8221329882,45.2497711307,44.5263130831,43.6806008346,42.7463502639,41.760806993}</coordy><xnbr_node0>{0}</xnbr_node0><xnbr_node1>{0}</xnbr_node1><xnbr_node2>{0}</xnbr_node2><xnbr_node3>{0}</xnbr_node3><xnbr_node4>{0}</xnbr_node4><xnbr_node5>{0}</xnbr_node5><xnbr_node6>{0}</xnbr_node6><xnbr_node7>{0}</xnbr_node7><xnbr_node8>{0}</xnbr_node8><xnbr_node9>{0}</xnbr_node9><xnbr_node10>{0}</xnbr_node10><ynbr_node0>{0}</ynbr_node0><ynbr_node1>{0}</ynbr_node1><ynbr_node2>{0}</ynbr_node2><ynbr_node3>{0}</ynbr_node3><ynbr_node4>{0}</ynbr_node4><ynbr_node5>{0}</ynbr_node5><ynbr_node6>{0}</ynbr_node6><ynbr_node7>{0}</ynbr_node7><ynbr_node8>{0}</ynbr_node8><ynbr_node9>{0}</ynbr_node9><ynbr_node10>{0}</ynbr_node10></xagent><xagent><name>Sporo</name><id>26</id><iter>0</iter><FP>1.0</FP><K0>0.2</K0><TH0>2.94159265359</TH0><R0>0.998334166468</R0><coordx>{20.6564635219,21.3696315468,22.2073770041,23.1363016261,24.1193721194,25.1173965657,26.0905868799,27.0001450351,27.809809818,28.4873024488,29.0056134342}</coordx><coordy>{44.1785507211,44.8771654047,45.4201696927,45.7859157175,45.9598223394,45.9349564502,45.7123093744,45.3007573483,44.7167076524,43.9834445051,43.1302007941}</coordy><xnbr_node0>{0}</xnbr_node0><xnbr_node1>{0}</xnbr_node1><xnbr_node2>{0}</xnbr_node2><xnbr_node3>{0}</xnbr_node3><xnbr_node4>{0}</xnbr_node4><xnbr_node5>{0}</xnbr_node5><xnbr_node6>{0}</xnbr_node6><xnbr_node7>{0}</xnbr_node7><xnbr_node8>{0}</xnbr_node8><xnbr_node9>{0}</xnbr_node9><xnbr_node10>{0}</xnbr_node10><ynbr_node0>{0}</ynbr_node0><ynbr_node1>{0}</ynbr_node1><ynbr_node2>{0}</ynbr_node2><ynbr_node3>{0}</ynbr_node3><ynbr_node4>{0}</ynbr_node4><ynbr_node5>{0}</ynbr_node5><ynbr_node6>{0}</ynbr_node6><ynbr_node7>{0}</ynbr_node7><ynbr_node8>{0}</ynbr_node8><ynbr_node9>{0}</ynbr_node9><ynbr_node10>{0}</ynbr_node10></xagent><xagent><name>Sporo</name><id>27</id><iter>0</iter><FP>1.0</FP><K0>0.2</K0><TH0>2.94159265359</TH0><R0>0.998334166468</R0><coordx>{35.445178302,34.8104288834,34.3414190349,34.056846699,33.9680568769,34.0785893384,34.3840375031,34.8722241167,35.5236867194,36.3124535531,37.2070789731}</coordx><coordy>{40.6019431184,41.3725041371,42.2538104799,43.2107272441,44.205105178,45.1973015713,46.1477606849,47.0185907133,47.7750744112,48.3870531609,48.8301293008}</coordy><xnbr_node0>{0}</xnbr_node0><xnbr_node1>{0}</xnbr_node1><xnbr_node2>{0}</xnbr_node2><xnbr_node3>{0}</xnbr_node3><xnbr_node4>{0}</xnbr_node4><xnbr_node5>{0}</xnbr_node5><xnbr_node6>{0}</xnbr_node6><xnbr_node7>{0}</xnbr_node7><xnbr_node8>{0}</xnbr_node8><xnbr_node9>{0}</xnbr_node9><xnbr_node10>{0}</xnbr_node10><ynbr_node0>{0}</ynbr_node0><ynbr_node1>{0}</ynbr_node1><ynbr_node2>{0}</ynbr_node2><ynbr_node3>{0}</ynbr_node3><ynbr_node4>{0}</ynbr_node4><ynbr_node5>{0}</ynbr_node5><ynbr_node6>{0}</ynbr_node6><ynbr_node7>{0}</ynbr_node7><ynbr_node8>{0}</ynbr_node8><ynbr_node9>{0}</ynbr_node9><ynbr_node10>{0}</ynbr_node10></xagent><xagent><name>Sporo</name><id>28</id><iter>0</iter><FP>1.0</FP><K0>0.2</K0><TH0>2.94159265359</TH0><R0>0.998334166468</R0><coordx>{45.1515136602,45.6766420596,46.0226196896,46.1756535139,46.1296425567,45.8864211297,45.4556857038,44.854608341,44.107152099,43.2431156995,42.2969455471}</coordx><coordy>{49.417932963,48.5688680232,47.6324009455,46.6458657173,45.6485923848,44.6803390887,43.7797070324,42.9826015739,42.3208007925,41.8206885968,41.502202882}</coordy><xnbr_node0>{0}</xnbr_node0><xnbr_node1>{0}</xnbr_node1><xnbr_node2>{0}</xnbr_node2><xnbr_node3>{0}</xnbr_node3><xnbr_node4>{0}</xnbr_node4><xnbr_node5>{0}</xnbr_node5><xnbr_node6>{0}</xnbr_node6><xnbr_node7>{0}</xnbr_node7><xnbr_node8>{0}</xnbr_node8><xnbr_node9>{0}</xnbr_node9><xnbr_node10>{0}</xnbr_node10><ynbr_node0>{0}</ynbr_node0><ynbr_node1>{0}</ynbr_node1><ynbr_node2>{0}</ynbr_node2><ynbr_node3>{0}</ynbr_node3><ynbr_node4>{0}</ynbr_node4><ynbr_node5>{0}</ynbr_node5><ynbr_node6>{0}</ynbr_node6><ynbr_node7>{0}</ynbr_node7><ynbr_node8>{0}</ynbr_node8><ynbr_node9>{0}</ynbr_node9><ynbr_node10>{0}</ynbr_node10></xagent><xagent><name>Sporo</name><id>29</id><iter>0</iter><FP>1.0</FP><K0>0.2</K0><TH0>2.94159265359</TH0><R0>0.998334166468</R0><coordx>{50.6638902424,51.5863333237,52.5662405515,53.5645461172,54.541450728,55.45800828,56.277678516,56.9677837702,57.5008117239,57.8555122347,58.0177445125}</coordx><coordy>{45.8597908029,46.2415890086,46.4325155199,46.4249586991,46.2192198131,45.8235010218,45.2535783847,44.5321729189,43.6880447838,42.7548467043,41.7697823429}</coordy><xnbr_node0>{0}</xnbr_node0><xnbr_node1>{0}</xnbr_node1><xnbr_node2>{0}</xnbr_node2><xnbr_node3>{0}</xnbr_node3><xnbr_node4>{0}</xnbr_node4><xnbr_node5>{0}</xnbr_node5><xnbr_node6>{0}</xnbr_node6><xnbr_node7>{0}</xnbr_node7><xnbr_node8>{0}</xnbr_node8><xnbr_node9>{0}</xnbr_node9><xnbr_node10>{0}</xnbr_node10><ynbr_node0>{0}</ynbr_node0><ynbr_node1>{0}</ynbr_node1><ynbr_node2>{0}</ynbr_node2><ynbr_node3>{0}</ynbr_node3><ynbr_node4>{0}</ynbr_node4><ynbr_node5>{0}</ynbr_node5><ynbr_node6>{0}</ynbr_node6><ynbr_node7>{0}</ynbr_node7><ynbr_node8>{0}</ynbr_node8><ynbr_node9>{0}</ynbr_node9><ynbr_node10>{0}</ynbr_node10></xagent><xagent><name>Sporo</name><id>30</id><iter>0</iter><FP>1.0</FP><K0>0.2</K0><TH0>2.94159265359</TH0><R0>0.998334166468</R0><coordx>{4.92178924054,5.49031900058,5.88448062126,6.08856012263,6.09442149895,5.90183107567,5.51846682519,4.95961227042,4.24754717888,3.41065933872,2.48231282717}</coordx><coordy>{59.4198383603,58.5992014005,57.6819731166,56.7047205059,55.7064035462,54.7268219841,53.8050286453,52.9777725214,52.2780337034,51.73370857,51.3664976463}</coordy><xnbr_node0>{0}</xnbr_node0><xnbr_node1>{0}</xnbr_node1><xnbr_node2>{0}</xnbr_node2><xnbr_node3>{0}</xnbr_node3><xnbr_node4>{0}</xnbr_node4><xnbr_node5>{0}</xnbr_node5><xnbr_node6>{0}</xnbr_node6><xnbr_node7>{0}</xnbr_node7><xnbr_node8>{0}</xnbr_node8><xnbr_node9>{0}</xnbr_node9><xnbr_node10>{0}</xnbr_node10><ynbr_node0>{0}</ynbr_node0><ynbr_node1>{0}</ynbr_node1><ynbr_node2>{0}</ynbr_node2><ynbr_node3>{0}</ynbr_node3><ynbr_node4>{0}</ynbr_node4><ynbr_node5>{0}</ynbr_node5><ynbr_node6>{0}</ynbr_node6><ynbr_node7>{0}</ynbr_node7><ynbr_node8>{0}</ynbr_node8><ynbr_node9>{0}</ynbr_node9><ynbr_node10>{0}</ynbr_node10></xagent><xagent><name>Sporo</name><id>31</id><iter>0</iter><FP>1.0</FP><K0>0.2</K0><TH0>2.94159265359</TH0><R0>0.998334166468</R0><coordx>{10.7792207272,11.7368867707,12.7314960548,13.723396646,14.6730445978,15.5425804432,16.2973385319,16.9072290409,17.34793756,17.6018944315,17.6589751961}</coordx><coordy>{56.3138152018,56.5958557254,56.6820153443,56.5688591462,56.2608983117,55.7704102674,55.1169492239,54.3265666108,53.4307724888,52.4652793426,51.4685783372}</coordy><xnbr_node0>{0}</xnbr_node0><xnbr_node1>{0}</xnbr_node1><xnbr_node2>{0}</xnbr_node2><xnbr_node3>{0}</xnbr_node3><xnbr_node4>{0}</xnbr_node4><xnbr_node5>{0}</xnbr_node5><xnbr_node6>{0}</xnbr_node6><xnbr_node7>{0}</xnbr_node7><xnbr_node8>{0}</xnbr_node8><xnbr_node9>{0}</xnbr_node9><xnbr_node10>{0}</xnbr_node10><ynbr_node0>{0}</ynbr_node0><ynbr_node1>{0}</ynbr_node1><ynbr_node2>{0}</ynbr_node2><ynbr_node3>{0}</ynbr_node3><ynbr_node4>{0}</ynbr_node4><ynbr_node5>{0}</ynbr_node5><ynbr_node6>{0}</ynbr_node6><ynbr_node7>{0}</ynbr_node7><ynbr_node8>{0}</ynbr_node8><ynbr_node9>{0}</ynbr_node9><ynbr_node10>{0}</ynbr_node10></xagent><xagent><name>Sporo</name><id>32</id><iter>0</iter><FP>1.0</FP><K0>0.2</K0><TH0>2.94159265359</TH0><R0>0.998334166468</R0><coordx>{22.2695231545,23.2181685587,24.0861110236,24.838748422,25.446075476,25.8838799725,26.1347080277,26.1885599187,26.0432887404,25.7046859964,25.1862507095}</coordx><coordy>{58.4764326904,58.1653973145,57.6720951904,57.0161927171,56.2238386565,55.3266216644,54.3603109511,53.3634302753,52.3757221238,51.4365633035,50.583395113}</coordy><xnbr_node0>{0}</xnbr_node0><xnbr_node1>{0}</xnbr_node1><xnbr_node2>{0}</xnbr_node2><xnbr_node3>{0}</xnbr_node3><xnbr_node4>{0}</xnbr_node4><xnbr_node5>{0}</xnbr_node5><xnbr_node6>{0}</xnbr_node6><xnbr_node7>{0}</xnbr_node7><xnbr_node8>{0}</xnbr_node8><xnbr_node9>{0}</xnbr_node9><xnbr_node10>{0}</xnbr_node10><ynbr_node0>{0}</ynbr_node0><ynbr_node1>{0}</ynbr_node1><ynbr_node2>{0}</ynbr_node2><ynbr_node3>{0}</ynbr_node3><ynbr_node4>{0}</ynbr_node4><ynbr_node5>{0}</ynbr_node5><ynbr_node6>{0}</ynbr_node6><ynbr_node7>{0}</ynbr_node7><ynbr_node8>{0}</ynbr_node8><ynbr_node9>{0}</ynbr_node9><ynbr_node10>{0}</ynbr_node10></xagent><xagent><name>Sporo</name><id>33</id><iter>0</iter><FP>1.0</FP><K0>0.2</K0><TH0>2.94159265359</TH0><R0>0.998334166468</R0><coordx>{34.7614408161,35.3593777273,35.7865667478,36.0259771994,36.0680645429,35.9111508888,35.5614918892,35.0330273451,34.3468254702,33.5302429678,32.6158344053}</coordx><coordy>{59.4140885322,58.614624613,57.7123050195,56.7431023866,55.7456557648,54.7597302031,53.8246314426,52.9776389199,52.252519554,51.6781815658,51.2775219985}</coordy><xnbr_node0>{0}</xnbr_node0><xnbr_node1>{0}</xnbr_node1><xnbr_node2>{0}</xnbr_node2><xnbr_node3>{0}</xnbr_node3><xnbr_node4>{0}</xnbr_node4><xnbr_node5>{0}</xnbr_node5><xnbr_node6>{0}</xnbr_node6><xnbr_node7>{0}</xnbr_node7><xnbr_node8>{0}</xnbr_node8><xnbr_node9>{0}</xnbr_node9><xnbr_node10>{0}</xnbr_node10><ynbr_node0>{0}</ynbr_node0><ynbr_node1>{0}</ynbr_node1><ynbr_node2>{0}</ynbr_node2><ynbr_node3>{0}</ynbr_node3><ynbr_node4>{0}</ynbr_node4><ynbr_node5>{0}</ynbr_node5><ynbr_node6>{0}</ynbr_node6><ynbr_node7>{0}</ynbr_node7><ynbr_node8>{0}</ynbr_node8><ynbr_node9>{0}</ynbr_node9><ynbr_node10>{0}</ynbr_node10></xagent><xagent><name>Sporo</name><id>34</id><iter>0</iter><FP>1.0</FP><K0>0.2</K0><TH0>2.94159265359</TH0><R0>0.998334166468</R0><coordx>{45.1040987788,44.5307718618,44.1312443058,43.9214440134,43.9097350604,44.0965842457,44.474542482,45.028541767,45.7364958976,46.5701809766,47.4963606108}</coordx><coordy>{50.5806955866,51.3979882846,52.3128920172,53.2889324596,54.2871979595,55.2678908217,56.1919139164,57.0224293588,57.7263271191,58.2755450148,58.6481874616}</coordy><xnbr_node0>{0}</xnbr_node0><xnbr_node1>{0}</xnbr_node1><xnbr_node2>{0}</xnbr_node2><xnbr_node3>{0}</xnbr_node3><xnbr_node4>{0}</xnbr_node4><xnbr_node5>{0}</xnbr_node5><xnbr_node6>{0}</xnbr_node6><xnbr_node7>{0}</xnbr_node7><xnbr_node8>{0}</xnbr_node8><xnbr_node9>{0}</xnbr_node9><xnbr_node10>{0}</xnbr_node10><ynbr_node0>{0}</ynbr_node0><ynbr_node1>{0}</ynbr_node1><ynbr_node2>{0}</ynbr_node2><ynbr_node3>{0}</ynbr_node3><ynbr_node4>{0}</ynbr_node4><ynbr_node5>{0}</ynbr_node5><ynbr_node6>{0}</ynbr_node6><ynbr_node7>{0}</ynbr_node7><ynbr_node8>{0}</ynbr_node8><ynbr_node9>{0}</ynbr_node9><ynbr_node10>{0}</ynbr_node10></xagent><xagent><name>Sporo</name><id>35</id><iter>0</iter><FP>1.0</FP><K0>0.2</K0><TH0>2.94159265359</TH0><R0>0.998334166468</R0><coordx>{59.1203605872,58.5468277882,57.8223851677,56.975913967,56.0411603216,55.0553899097,54.0579022866,53.0884641363,52.1857238985,51.3856709778,50.7202009594}</coordx><coordy>{56.601161043,55.784012809,55.0970965131,54.5677973403,54.2172167784,54.0593313679,54.1004355021,54.3388904888,54.7651898801,55.3623384646,56.1065298127}</coordy><xnbr_node0>{0}</xnbr_node0><xnbr_node1>{0}</xnbr_node1><xnbr_node2>{0}</xnbr_node2><xnbr_node3>{0}</xnbr_node3><xnbr_node4>{0}</xnbr_node4><xnbr_node5>{0}</xnbr_node5><xnbr_node6>{0}</xnbr_node6><xnbr_node7>{0}</xnbr_node7><xnbr_node8>{0}</xnbr_node8><xnbr_node9>{0}</xnbr_node9><xnbr_node10>{0}</xnbr_node10><ynbr_node0>{0}</ynbr_node0><ynbr_node1>{0}</ynbr_node1><ynbr_node2>{0}</ynbr_node2><ynbr_node3>{0}</ynbr_node3><ynbr_node4>{0}</ynbr_node4><ynbr_node5>{0}</ynbr_node5><ynbr_node6>{0}</ynbr_node6><ynbr_node7>{0}</ynbr_node7><ynbr_node8>{0}</ynbr_node8><ynbr_node9>{0}</ynbr_node9><ynbr_node10>{0}</ynbr_node10></xagent><xagent><name>Sporo</name><id>36</id><iter>0</iter><FP>1.0</FP><K0>0.2</K0><TH0>2.94159265359</TH0><R0>0.998334166468</R0><coordx>{4.17715395323,3.78751676142,3.58825515124,3.5873130543,3.78472802903,4.17262976336,4.73555383924,5.45105825018,6.29061809321,7.22076276678,8.20441033799}</coordx><coordy>{60.6567279112,61.5758872916,62.5541336403,63.5524673622,64.5310880424,65.4509811625,66.2754734868,66.971695108,67.5118898672,67.8745219041,68.0451342237}</coordy><xnbr_node0>{0}</xnbr_node0><xnbr_node1>{0}</xnbr_node1><xnbr_node2>{0}</xnbr_node2><xnbr_node3>{0}</xnbr_node3><xnbr_node4>{0}</xnbr_node4><xnbr_node5>{0}</xnbr_node5><xnbr_node6>{0}</xnbr_node6><xnbr_node7>{0}</xnbr_node7><xnbr_node8>{0}</xnbr_node8><xnbr_node9>{0}</xnbr_node9><xnbr_node10>{0}</xnbr_node10><ynbr_node0>{0}</ynbr_node0><ynbr_node1>{0}</ynbr_node1><ynbr_node2>{0}</ynbr_node2><ynbr_node3>{0}</ynbr_node3><ynbr_node4>{0}</ynbr_node4><ynbr_node5>{0}</ynbr_node5><ynbr_node6>{0}</ynbr_node6><ynbr_node7>{0}</ynbr_node7><ynbr_node8>{0}</ynbr_node8><ynbr_node9>{0}</ynbr_node9><ynbr_node10>{0}</ynbr_node10></xagent></agents><outputs><output><type>snapshot</type><format>xml</format><location>Data/</location><time><period>100</period><phase>1</phase></time></output></outputs></states>