<xmodel version="2"><name>More Spos</name><version>01</version><environment><constants><variable><type>int</type><name>NNODES</name></variable><variable><type>float</type><name>WIDTH</name></variable><variable><type>float</type><name>DT</name></variable><variable><type>float</type><name>NOISE</name></variable><variable><type>float</type><name>DELTA</name></variable><variable><type>float</type><name>KEL</name></variable><variable><type>float</type><name>KI</name></variable><variable><type>float</type><name>KTH</name></variable><variable><type>float</type><name>SIDEBOX</name></variable><variable><type>int</type><name>SIDEX</name></variable><variable><type>int</type><name>SIDEY</name></variable></constants><functionFiles><file>write_state.c</file><file>read_states.c</file><file>forcesLJ.c</file></functionFiles></environment><agents><xagent><name>Sporo</name><memory><variable><type>int</type><name>id</name></variable><variable><type>int</type><name>iter</name></variable><variable><type>float</type><name>FP</name></variable><variable><type>float</type><name>K0</name></variable><variable><type>float</type><name>TH0</name></variable><variable><type>float</type><name>R0</name></variable><variable><type>float</type><name>coordx[11]</name></variable><variable><type>float</type><name>coordy[11]</name></variable><variable><type>float_array</type><name>xnbr_node0</name></variable><variable><type>float_array</type><name>xnbr_node1</name></variable><variable><type>float_array</type><name>xnbr_node2</name></variable><variable><type>float_array</type><name>xnbr_node3</name></variable><variable><type>float_array</type><name>xnbr_node4</name></variable><variable><type>float_array</type><name>xnbr_node5</name></variable><variable><type>float_array</type><name>xnbr_node6</name></variable><variable><type>float_array</type><name>xnbr_node7</name></variable><variable><type>float_array</type><name>xnbr_node8</name></variable><variable><type>float_array</type><name>xnbr_node9</name></variable><variable><type>float_array</type><name>xnbr_node10</name></variable><variable><type>float_array</type><name>ynbr_node0</name></variable><variable><type>float_array</type><name>ynbr_node1</name></variable><variable><type>float_array</type><name>ynbr_node2</name></variable><variable><type>float_array</type><name>ynbr_node3</name></variable><variable><type>float_array</type><name>ynbr_node4</name></variable><variable><type>float_array</type><name>ynbr_node5</name></variable><variable><type>float_array</type><name>ynbr_node6</name></variable><variable><type>float_array</type><name>ynbr_node7</name></variable><variable><type>float_array</type><name>ynbr_node8</name></variable><variable><type>float_array</type><name>ynbr_node9</name></variable><variable><type>float_array</type><name>ynbr_node10</name></variable></memory><functions><function><name>write_state</name><currentState>start</currentState><nextState>read_states</nextState><outputs><output><messageName>state</messageName></output></outputs></function><function><name>read_states</name><currentState>read_states</currentState><nextState>forces</nextState><inputs><input><messageName>state</messageName></input></inputs></function><function><name>forces</name><currentState>forces</currentState><nextState>end</nextState></function></functions></xagent></agents><messages><message><name>state</name><variables><variable><type>int</type><name>id</name></variable><variable><type>float</type><name>coordx[11]</name></variable><variable><type>float</type><name>coordy[11]</name></variable></variables></message></messages></xmodel>