<states>
<itno>1</itno>
<environment>
<NNODES>11</NNODES>
<WIDTH>0.450000</WIDTH>
<DT>0.010000</DT>
<NOISE>0.000100</NOISE>
<DELTA>1.800000</DELTA>
<KEL>30.000000</KEL>
<KI>0.020000</KI>
<KTH>4.000000</KTH>
<SIDEBOX>0.000000</SIDEBOX>
<SIDEX>60</SIDEX>
<SIDEY>60</SIDEY>
</environment>
<xagent>
<name>Sporo</name>
<id>36</id>
<iter>1</iter>
<FP>1.000000</FP>
<K0>0.200000</K0>
<TH0>2.941593</TH0>
<R0>0.998334</R0>
<coordx>{4.182053, 3.790116, 3.588926, 3.584907, 3.782250, 4.169037, 4.728703, 5.442480, 6.282632, 7.209720, 8.193758}</coordx>
<coordy>{0.645696, 1.566355, 2.544340, 3.544050, 4.521838, 5.441038, 6.267492, 6.964967, 7.508944, 7.871916, 8.041779}</coordy>
<xnbr_node0>{4.921789}</xnbr_node0>
<xnbr_node1>{5.490319}</xnbr_node1>
<xnbr_node2>{5.884480}</xnbr_node2>
<xnbr_node3>{6.088560}</xnbr_node3>
<xnbr_node4>{6.094421}</xnbr_node4>
<xnbr_node5>{5.901831}</xnbr_node5>
<xnbr_node6>{5.518467}</xnbr_node6>
<xnbr_node7>{4.959612}</xnbr_node7>
<xnbr_node8>{4.247547}</xnbr_node8>
<xnbr_node9>{3.410659}</xnbr_node9>
<xnbr_node10>{2.482313}</xnbr_node10>
<ynbr_node0>{-0.580162}</ynbr_node0>
<ynbr_node1>{-1.400799}</ynbr_node1>
<ynbr_node2>{-2.318027}</ynbr_node2>
<ynbr_node3>{-3.295280}</ynbr_node3>
<ynbr_node4>{-4.293598}</ynbr_node4>
<ynbr_node5>{-5.273178}</ynbr_node5>
<ynbr_node6>{-6.194973}</ynbr_node6>
<ynbr_node7>{-7.022228}</ynbr_node7>
<ynbr_node8>{-7.721966}</ynbr_node8>
<ynbr_node9>{-8.266293}</ynbr_node9>
<ynbr_node10>{-8.633503}</ynbr_node10>
</xagent>
<xagent>
<name>Sporo</name>
<id>35</id>
<iter>1</iter>
<FP>1.000000</FP>
<K0>0.200000</K0>
<TH0>2.941593</TH0>
<R0>0.998334</R0>
<coordx>{59.125450, 58.548664, 57.831955, 56.983913, 56.052261, 55.064816, 54.068287, 53.097466, 52.194382, 51.393642, 50.728840}</coordx>
<coordy>{56.610229, 55.790371, 55.103909, 54.572289, 54.219593, 54.060291, 54.098301, 54.335510, 54.759720, 55.352917, 56.099648}</coordy>
<xnbr_node0>{}</xnbr_node0>
<xnbr_node1>{}</xnbr_node1>
<xnbr_node2>{}</xnbr_node2>
<xnbr_node3>{}</xnbr_node3>
<xnbr_node4>{}</xnbr_node4>
<xnbr_node5>{}</xnbr_node5>
<xnbr_node6>{}</xnbr_node6>
<xnbr_node7>{}</xnbr_node7>
<xnbr_node8>{}</xnbr_node8>
<xnbr_node9>{}</xnbr_node9>
<xnbr_node10>{}</xnbr_node10>
<ynbr_node0>{}</ynbr_node0>
<ynbr_node1>{}</ynbr_node1>
<ynbr_node2>{}</ynbr_node2>
<ynbr_node3>{}</ynbr_node3>
<ynbr_node4>{}</ynbr_node4>
<ynbr_node5>{}</ynbr_node5>
<ynbr_node6>{}</ynbr_node6>
<ynbr_node7>{}</ynbr_node7>
<ynbr_node8>{}</ynbr_node8>
<ynbr_node9>{}</ynbr_node9>
<ynbr_node10>{}</ynbr_node10>
</xagent>
<xagent>
<name>Sporo</name>
<id>34</id>
<iter>1</iter>
<FP>1.000000</FP>
<K0>0.200000</K0>
<TH0>2.941593</TH0>
<R0>0.998334</R0>
<coordx>{45.110992, 44.535660, 44.135834, 43.918671, 43.907391, 44.093872, 44.469913, 45.021572, 45.728325, 46.562622, 47.487804}</coordx>
<coordy>{50.571899, 51.389706, 52.305035, 53.277386, 54.280468, 55.259483, 56.183075, 57.012440, 57.717880, 58.267868, 58.644009}</coordy>
<xnbr_node0>{45.151512}</xnbr_node0>
<xnbr_node1>{45.676643}</xnbr_node1>
<xnbr_node2>{46.022621}</xnbr_node2>
<xnbr_node3>{46.175655}</xnbr_node3>
<xnbr_node4>{46.129642}</xnbr_node4>
<xnbr_node5>{45.886421}</xnbr_node5>
<xnbr_node6>{45.455685}</xnbr_node6>
<xnbr_node7>{44.854607}</xnbr_node7>
<xnbr_node8>{44.107151}</xnbr_node8>
<xnbr_node9>{43.243114}</xnbr_node9>
<xnbr_node10>{42.296944}</xnbr_node10>
<ynbr_node0>{49.417934}</ynbr_node0>
<ynbr_node1>{48.568867}</ynbr_node1>
<ynbr_node2>{47.632401}</ynbr_node2>
<ynbr_node3>{46.645866}</ynbr_node3>
<ynbr_node4>{45.648594}</ynbr_node4>
<ynbr_node5>{44.680340}</ynbr_node5>
<ynbr_node6>{43.779709}</ynbr_node6>
<ynbr_node7>{42.982601}</ynbr_node7>
<ynbr_node8>{42.320801}</ynbr_node8>
<ynbr_node9>{41.820690}</ynbr_node9>
<ynbr_node10>{41.502201}</ynbr_node10>
</xagent>
<xagent>
<name>Sporo</name>
<id>33</id>
<iter>1</iter>
<FP>1.000000</FP>
<K0>0.200000</K0>
<TH0>2.941593</TH0>
<R0>0.998334</R0>
<coordx>{34.754635, 35.354107, 35.783199, 36.024158, 36.068394, 35.914062, 35.567860, 35.038452, 34.357780, 33.538887, 32.625992}</coordx>
<coordy>{59.424534, 58.623878, 57.721821, 56.752266, 55.754463, 54.771099, 53.834778, 52.986370, 52.258381, 51.683090, 51.282749}</coordy>
<xnbr_node0>{31.005379}</xnbr_node0>
<xnbr_node1>{31.993149}</xnbr_node1>
<xnbr_node2>{32.990005}</xnbr_node2>
<xnbr_node3>{33.956207}</xnbr_node3>
<xnbr_node4>{34.853237}</xnbr_node4>
<xnbr_node5>{35.645332}</xnbr_node5>
<xnbr_node6>{36.300911}</xnbr_node6>
<xnbr_node7>{36.793842}</xnbr_node7>
<xnbr_node8>{37.104469}</xnbr_node8>
<xnbr_node9>{37.220413}</xnbr_node9>
<xnbr_node10>{37.137051}</xnbr_node10>
<ynbr_node0>{66.893166}</ynbr_node0>
<ynbr_node1>{67.038017}</ynbr_node1>
<ynbr_node2>{66.983734}</ynbr_node2>
<ynbr_node3>{66.732491}</ynbr_node3>
<ynbr_node4>{66.294304}</ynbr_node4>
<ynbr_node5>{65.686638}</ynbr_node5>
<ynbr_node6>{64.933723}</ynbr_node6>
<ynbr_node7>{64.065567}</ynbr_node7>
<ynbr_node8>{63.116787}</ynbr_node8>
<ynbr_node9>{62.125210}</ynbr_node9>
<ynbr_node10>{61.130360}</ynbr_node10>
</xagent>
<xagent>
<name>Sporo</name>
<id>32</id>
<iter>1</iter>
<FP>1.000000</FP>
<K0>0.200000</K0>
<TH0>2.941593</TH0>
<R0>0.998334</R0>
<coordx>{22.258556, 23.209158, 24.078239, 24.832169, 25.441792, 25.879732, 26.133928, 26.189821, 26.045319, 25.709770, 25.190920}</coordx>
<coordy>{58.476562, 58.170456, 57.674553, 57.022465, 56.231632, 55.335636, 54.370178, 53.372910, 52.385117, 51.446762, 50.592369}</coordy>
<xnbr_node0>{}</xnbr_node0>
<xnbr_node1>{}</xnbr_node1>
<xnbr_node2>{}</xnbr_node2>
<xnbr_node3>{}</xnbr_node3>
<xnbr_node4>{}</xnbr_node4>
<xnbr_node5>{}</xnbr_node5>
<xnbr_node6>{}</xnbr_node6>
<xnbr_node7>{}</xnbr_node7>
<xnbr_node8>{}</xnbr_node8>
<xnbr_node9>{}</xnbr_node9>
<xnbr_node10>{}</xnbr_node10>
<ynbr_node0>{}</ynbr_node0>
<ynbr_node1>{}</ynbr_node1>
<ynbr_node2>{}</ynbr_node2>
<ynbr_node3>{}</ynbr_node3>
<ynbr_node4>{}</ynbr_node4>
<ynbr_node5>{}</ynbr_node5>
<ynbr_node6>{}</ynbr_node6>
<ynbr_node7>{}</ynbr_node7>
<ynbr_node8>{}</ynbr_node8>
<ynbr_node9>{}</ynbr_node9>
<ynbr_node10>{}</ynbr_node10>
</xagent>
<xagent>
<name>Sporo</name>
<id>31</id>
<iter>1</iter>
<FP>1.000000</FP>
<K0>0.200000</K0>
<TH0>2.941593</TH0>
<R0>0.998334</R0>
<coordx>{10.768568, 11.728119, 12.721653, 13.715590, 14.664278, 15.533482, 16.289696, 16.900906, 17.344025, 17.599813, 17.657024}</coordx>
<coordy>{56.311050, 56.594276, 56.682064, 56.569691, 56.264679, 55.774353, 55.124283, 54.337421, 53.440323, 52.475128, 51.477901}</coordy>
<xnbr_node0>{}</xnbr_node0>
<xnbr_node1>{}</xnbr_node1>
<xnbr_node2>{}</xnbr_node2>
<xnbr_node3>{}</xnbr_node3>
<xnbr_node4>{}</xnbr_node4>
<xnbr_node5>{}</xnbr_node5>
<xnbr_node6>{}</xnbr_node6>
<xnbr_node7>{}</xnbr_node7>
<xnbr_node8>{}</xnbr_node8>
<xnbr_node9>{}</xnbr_node9>
<xnbr_node10>{}</xnbr_node10>
<ynbr_node0>{}</ynbr_node0>
<ynbr_node1>{}</ynbr_node1>
<ynbr_node2>{}</ynbr_node2>
<ynbr_node3>{}</ynbr_node3>
<ynbr_node4>{}</ynbr_node4>
<ynbr_node5>{}</ynbr_node5>
<ynbr_node6>{}</ynbr_node6>
<ynbr_node7>{}</ynbr_node7>
<ynbr_node8>{}</ynbr_node8>
<ynbr_node9>{}</ynbr_node9>
<ynbr_node10>{}</ynbr_node10>
</xagent>
<xagent>
<name>Sporo</name>
<id>30</id>
<iter>1</iter>
<FP>1.000000</FP>
<K0>0.200000</K0>
<TH0>2.941593</TH0>
<R0>0.998334</R0>
<coordx>{4.916844, 5.486440, 5.882213, 6.090347, 6.096052, 5.904815, 5.523091, 4.964584, 4.256575, 3.415640, 2.493336}</coordx>
<coordy>{59.427788, 58.609509, 57.691540, 56.715752, 55.716324, 54.736614, 53.815178, 52.986736, 52.284290, 51.738243, 51.368576}</coordy>
<xnbr_node0>{4.177154}</xnbr_node0>
<xnbr_node1>{3.787517}</xnbr_node1>
<xnbr_node2>{3.588255}</xnbr_node2>
<xnbr_node3>{3.587313}</xnbr_node3>
<xnbr_node4>{3.784728}</xnbr_node4>
<xnbr_node5>{4.172630}</xnbr_node5>
<xnbr_node6>{4.735554}</xnbr_node6>
<xnbr_node7>{5.451058}</xnbr_node7>
<xnbr_node8>{6.290618}</xnbr_node8>
<xnbr_node9>{7.220763}</xnbr_node9>
<xnbr_node10>{8.204411}</xnbr_node10>
<ynbr_node0>{60.656727}</ynbr_node0>
<ynbr_node1>{61.575886}</ynbr_node1>
<ynbr_node2>{62.554134}</ynbr_node2>
<ynbr_node3>{63.552467}</ynbr_node3>
<ynbr_node4>{64.531090}</ynbr_node4>
<ynbr_node5>{65.450981}</ynbr_node5>
<ynbr_node6>{66.275475}</ynbr_node6>
<ynbr_node7>{66.971695}</ynbr_node7>
<ynbr_node8>{67.511887}</ynbr_node8>
<ynbr_node9>{67.874519}</ynbr_node9>
<ynbr_node10>{68.045135}</ynbr_node10>
</xagent>
<xagent>
<name>Sporo</name>
<id>29</id>
<iter>1</iter>
<FP>1.000000</FP>
<K0>0.200000</K0>
<TH0>2.941593</TH0>
<R0>0.998334</R0>
<coordx>{50.654583, 51.576405, 52.556606, 53.549835, 54.531921, 55.449306, 56.269524, 56.962524, 57.497482, 57.854420, 58.016148}</coordx>
<coordy>{45.855667, 46.240616, 46.431595, 46.428383, 46.222229, 45.824680, 45.263042, 44.538849, 43.695057, 42.764931, 41.779678}</coordy>
<xnbr_node0>{}</xnbr_node0>
<xnbr_node1>{}</xnbr_node1>
<xnbr_node2>{}</xnbr_node2>
<xnbr_node3>{}</xnbr_node3>
<xnbr_node4>{}</xnbr_node4>
<xnbr_node5>{}</xnbr_node5>
<xnbr_node6>{}</xnbr_node6>
<xnbr_node7>{}</xnbr_node7>
<xnbr_node8>{}</xnbr_node8>
<xnbr_node9>{}</xnbr_node9>
<xnbr_node10>{}</xnbr_node10>
<ynbr_node0>{}</ynbr_node0>
<ynbr_node1>{}</ynbr_node1>
<ynbr_node2>{}</ynbr_node2>
<ynbr_node3>{}</ynbr_node3>
<ynbr_node4>{}</ynbr_node4>
<ynbr_node5>{}</ynbr_node5>
<ynbr_node6>{}</ynbr_node6>
<ynbr_node7>{}</ynbr_node7>
<ynbr_node8>{}</ynbr_node8>
<ynbr_node9>{}</ynbr_node9>
<ynbr_node10>{}</ynbr_node10>
</xagent>
<xagent>
<name>Sporo</name>
<id>28</id>
<iter>1</iter>
<FP>1.000000</FP>
<K0>0.200000</K0>
<TH0>2.941593</TH0>
<R0>0.998334</R0>
<coordx>{45.145882, 45.670666, 46.020344, 46.173206, 46.130287, 45.890125, 45.458828, 44.859478, 44.115288, 43.253418, 42.306278}</coordx>
<coordy>{49.426689, 48.577984, 47.642204, 46.654198, 45.659882, 44.690559, 43.786621, 42.988255, 42.327015, 41.824028, 41.505505}</coordy>
<xnbr_node0>{45.104099}</xnbr_node0>
<xnbr_node1>{44.530773}</xnbr_node1>
<xnbr_node2>{44.131245}</xnbr_node2>
<xnbr_node3>{43.921444}</xnbr_node3>
<xnbr_node4>{43.909737}</xnbr_node4>
<xnbr_node5>{44.096584}</xnbr_node5>
<xnbr_node6>{44.474541}</xnbr_node6>
<xnbr_node7>{45.028542}</xnbr_node7>
<xnbr_node8>{45.736496}</xnbr_node8>
<xnbr_node9>{46.570183}</xnbr_node9>
<xnbr_node10>{47.496361}</xnbr_node10>
<ynbr_node0>{50.580696}</ynbr_node0>
<ynbr_node1>{51.397987}</ynbr_node1>
<ynbr_node2>{52.312893}</ynbr_node2>
<ynbr_node3>{53.288933}</ynbr_node3>
<ynbr_node4>{54.287197}</ynbr_node4>
<ynbr_node5>{55.267891}</ynbr_node5>
<ynbr_node6>{56.191914}</ynbr_node6>
<ynbr_node7>{57.022430}</ynbr_node7>
<ynbr_node8>{57.726326}</ynbr_node8>
<ynbr_node9>{58.275543}</ynbr_node9>
<ynbr_node10>{58.648186}</ynbr_node10>
</xagent>
<xagent>
<name>Sporo</name>
<id>27</id>
<iter>1</iter>
<FP>1.000000</FP>
<K0>0.200000</K0>
<TH0>2.941593</TH0>
<R0>0.998334</R0>
<coordx>{35.452637, 34.815754, 34.344311, 34.058670, 33.969131, 34.077076, 34.379566, 34.866905, 35.515148, 36.303802, 37.198112}</coordx>
<coordy>{40.593384, 41.363464, 42.246010, 43.200397, 44.194771, 45.184277, 46.138432, 47.009392, 47.766411, 48.381489, 48.825554}</coordy>
<xnbr_node0>{}</xnbr_node0>
<xnbr_node1>{}</xnbr_node1>
<xnbr_node2>{}</xnbr_node2>
<xnbr_node3>{}</xnbr_node3>
<xnbr_node4>{}</xnbr_node4>
<xnbr_node5>{}</xnbr_node5>
<xnbr_node6>{}</xnbr_node6>
<xnbr_node7>{}</xnbr_node7>
<xnbr_node8>{}</xnbr_node8>
<xnbr_node9>{}</xnbr_node9>
<xnbr_node10>{}</xnbr_node10>
<ynbr_node0>{}</ynbr_node0>
<ynbr_node1>{}</ynbr_node1>
<ynbr_node2>{}</ynbr_node2>
<ynbr_node3>{}</ynbr_node3>
<ynbr_node4>{}</ynbr_node4>
<ynbr_node5>{}</ynbr_node5>
<ynbr_node6>{}</ynbr_node6>
<ynbr_node7>{}</ynbr_node7>
<ynbr_node8>{}</ynbr_node8>
<ynbr_node9>{}</ynbr_node9>
<ynbr_node10>{}</ynbr_node10>
</xagent>
<xagent>
<name>Sporo</name>
<id>26</id>
<iter>1</iter>
<FP>1.000000</FP>
<K0>0.200000</K0>
<TH0>2.941593</TH0>
<R0>0.998334</R0>
<coordx>{20.650772, 21.361769, 22.196396, 23.127035, 24.110218, 25.106777, 26.080606, 26.992668, 27.802898, 28.479662, 29.000435}</coordx>
<coordy>{44.172688, 44.870964, 45.416920, 45.783730, 45.958839, 45.937099, 45.717445, 45.306431, 44.722263, 43.990868, 43.139908}</coordy>
<xnbr_node0>{}</xnbr_node0>
<xnbr_node1>{}</xnbr_node1>
<xnbr_node2>{}</xnbr_node2>
<xnbr_node3>{}</xnbr_node3>
<xnbr_node4>{}</xnbr_node4>
<xnbr_node5>{}</xnbr_node5>
<xnbr_node6>{}</xnbr_node6>
<xnbr_node7>{}</xnbr_node7>
<xnbr_node8>{}</xnbr_node8>
<xnbr_node9>{}</xnbr_node9>
<xnbr_node10>{}</xnbr_node10>
<ynbr_node0>{}</ynbr_node0>
<ynbr_node1>{}</ynbr_node1>
<ynbr_node2>{}</ynbr_node2>
<ynbr_node3>{}</ynbr_node3>
<ynbr_node4>{}</ynbr_node4>
<ynbr_node5>{}</ynbr_node5>
<ynbr_node6>{}</ynbr_node6>
<ynbr_node7>{}</ynbr_node7>
<ynbr_node8>{}</ynbr_node8>
<ynbr_node9>{}</ynbr_node9>
<ynbr_node10>{}</ynbr_node10>
</xagent>
<xagent>
<name>Sporo</name>
<id>25</id>
<iter>1</iter>
<FP>1.000000</FP>
<K0>0.200000</K0>
<TH0>2.941593</TH0>
<R0>0.998334</R0>
<coordx>{10.656980, 11.579353, 12.558775, 13.558844, 14.536868, 15.450081, 16.270885, 16.960653, 17.492205, 17.844872, 18.008818}</coordx>
<coordy>{45.868492, 46.248383, 46.438374, 46.430576, 46.223724, 45.826725, 45.256474, 44.532299, 43.689644, 42.754169, 41.769901}</coordy>
<xnbr_node0>{0.610242}</xnbr_node0>
<xnbr_node1>{1.369782}</xnbr_node1>
<xnbr_node2>{2.242900}</xnbr_node2>
<xnbr_node3>{3.194785}</xnbr_node3>
<xnbr_node4>{4.187490}</xnbr_node4>
<xnbr_node5>{5.181440}</xnbr_node5>
<xnbr_node6>{6.137007}</xnbr_node6>
<xnbr_node7>{7.016097}</xnbr_node7>
<xnbr_node8>{7.783663}</xnbr_node8>
<xnbr_node9>{8.409105}</xnbr_node9>
<xnbr_node10>{8.867488}</xnbr_node10>
<ynbr_node0>{44.479317}</ynbr_node0>
<ynbr_node1>{45.127213}</ynbr_node1>
<ynbr_node2>{45.611298}</ynbr_node2>
<ynbr_node3>{45.912270}</ynbr_node3>
<ynbr_node4>{46.018131}</ynbr_node4>
<ynbr_node5>{45.924664}</ynbr_node5>
<ynbr_node6>{45.635593}</ynbr_node6>
<ynbr_node7>{45.162441}</ynbr_node7>
<ynbr_node8>{44.524075}</ynbr_node8>
<ynbr_node9>{43.745941}</ynbr_node9>
<ynbr_node10>{42.859058}</ynbr_node10>
</xagent>
<xagent>
<name>Sporo</name>
<id>24</id>
<iter>1</iter>
<FP>1.000000</FP>
<K0>0.200000</K0>
<TH0>2.941593</TH0>
<R0>0.998334</R0>
<coordx>{0.602602, 1.361375, 2.232633, 3.183401, 4.178017, 5.171944, 6.128084, 7.006292, 7.777212, 8.403081, 8.864121}</coordx>
<coordy>{44.469925, 45.120922, 45.607452, 45.909637, 46.019512, 45.927383, 45.639034, 45.170979, 44.530308, 43.756077, 42.868118}</coordy>
<xnbr_node0>{10.666471}</xnbr_node0>
<xnbr_node1>{11.590047}</xnbr_node1>
<xnbr_node2>{12.570518}</xnbr_node2>
<xnbr_node3>{13.568797}</xnbr_node3>
<xnbr_node4>{14.545085}</xnbr_node4>
<xnbr_node5>{15.460460}</xnbr_node5>
<xnbr_node6>{16.278429}</xnbr_node6>
<xnbr_node7>{16.966381}</xnbr_node7>
<xnbr_node8>{17.496893}</xnbr_node8>
<xnbr_node9>{17.848812}</xnbr_node9>
<xnbr_node10>{18.008108}</xnbr_node10>
<ynbr_node0>{45.872704}</ynbr_node0>
<ynbr_node1>{46.251751}</ynbr_node1>
<ynbr_node2>{46.439758}</ynbr_node2>
<ynbr_node3>{46.429230}</ynbr_node3>
<ynbr_node4>{46.220581}</ynbr_node4>
<ynbr_node5>{45.822132}</ynbr_node5>
<ynbr_node6>{45.249771}</ynbr_node6>
<ynbr_node7>{44.526314}</ynbr_node7>
<ynbr_node8>{43.680599}</ynbr_node8>
<ynbr_node9>{42.746349}</ynbr_node9>
<ynbr_node10>{41.760807}</ynbr_node10>
</xagent>
<xagent>
<name>Sporo</name>
<id>23</id>
<iter>1</iter>
<FP>1.000000</FP>
<K0>0.200000</K0>
<TH0>2.941593</TH0>
<R0>0.998334</R0>
<coordx>{58.836109, 58.396973, 57.779736, 57.028427, 56.158619, 55.206894, 54.214191, 53.220097, 52.266556, 51.383167, 50.611210}</coordx>
<coordy>{37.215618, 36.320126, 35.530891, 34.874859, 34.388042, 34.081764, 33.969238, 34.054764, 34.333839, 34.805515, 35.444675}</coordy>
<xnbr_node0>{}</xnbr_node0>
<xnbr_node1>{}</xnbr_node1>
<xnbr_node2>{}</xnbr_node2>
<xnbr_node3>{}</xnbr_node3>
<xnbr_node4>{}</xnbr_node4>
<xnbr_node5>{}</xnbr_node5>
<xnbr_node6>{}</xnbr_node6>
<xnbr_node7>{}</xnbr_node7>
<xnbr_node8>{}</xnbr_node8>
<xnbr_node9>{}</xnbr_node9>
<xnbr_node10>{}</xnbr_node10>
<ynbr_node0>{}</ynbr_node0>
<ynbr_node1>{}</ynbr_node1>
<ynbr_node2>{}</ynbr_node2>
<ynbr_node3>{}</ynbr_node3>
<ynbr_node4>{}</ynbr_node4>
<ynbr_node5>{}</ynbr_node5>
<ynbr_node6>{}</ynbr_node6>
<ynbr_node7>{}</ynbr_node7>
<ynbr_node8>{}</ynbr_node8>
<ynbr_node9>{}</ynbr_node9>
<ynbr_node10>{}</ynbr_node10>
</xagent>
<xagent>
<name>Sporo</name>
<id>22</id>
<iter>1</iter>
<FP>1.000000</FP>
<K0>0.200000</K0>
<TH0>2.941593</TH0>
<R0>0.998334</R0>
<coordx>{40.600166, 41.488968, 42.448376, 43.449345, 44.436897, 45.382462, 46.244251, 46.993660, 47.587627, 48.021816, 48.262444}</coordx>
<coordy>{35.512150, 35.964855, 36.235889, 36.305038, 36.180397, 35.860756, 35.359703, 34.696194, 33.897491, 32.995079, 32.027203}</coordy>
<xnbr_node0>{30.762941}</xnbr_node0>
<xnbr_node1>{31.401110}</xnbr_node1>
<xnbr_node2>{32.179081}</xnbr_node2>
<xnbr_node3>{33.065842}</xnbr_node3>
<xnbr_node4>{34.026039}</xnbr_node4>
<xnbr_node5>{35.021393}</xnbr_node5>
<xnbr_node6>{36.012218}</xnbr_node6>
<xnbr_node7>{36.959023}</xnbr_node7>
<xnbr_node8>{37.824051}</xnbr_node8>
<xnbr_node9>{38.572823}</xnbr_node9>
<xnbr_node10>{39.175484}</xnbr_node10>
<ynbr_node0>{33.739670}</ynbr_node0>
<ynbr_node1>{34.507404}</ynbr_node1>
<ynbr_node2>{35.133049}</ynbr_node2>
<ynbr_node3>{35.591663}</ynbr_node3>
<ynbr_node4>{35.864964}</ynbr_node4>
<ynbr_node5>{35.942055}</ynbr_node5>
<ynbr_node6>{35.819862}</ynbr_node6>
<ynbr_node7>{35.503262}</ynbr_node7>
<ynbr_node8>{35.004868}</ynbr_node8>
<ynbr_node9>{34.344555}</ynbr_node9>
<ynbr_node10>{33.548645}</ynbr_node10>
</xagent>
<xagent>
<name>Sporo</name>
<id>21</id>
<iter>1</iter>
<FP>1.000000</FP>
<K0>0.200000</K0>
<TH0>2.941593</TH0>
<R0>0.998334</R0>
<coordx>{30.753733, 31.394522, 32.170635, 33.058395, 34.016712, 35.011284, 36.002468, 36.949265, 37.814381, 38.569012, 39.170055}</coordx>
<coordy>{33.731785, 34.499985, 35.127541, 35.588120, 35.862900, 35.942848, 35.822140, 35.509308, 35.012157, 34.353645, 33.555279}</coordy>
<xnbr_node0>{40.609695}</xnbr_node0>
<xnbr_node1>{41.499252}</xnbr_node1>
<xnbr_node2>{42.461105}</xnbr_node2>
<xnbr_node3>{43.456913}</xnbr_node3>
<xnbr_node4>{44.446972}</xnbr_node4>
<xnbr_node5>{45.391815}</xnbr_node5>
<xnbr_node6>{46.253777}</xnbr_node6>
<xnbr_node7>{46.998486}</xnbr_node7>
<xnbr_node8>{47.596256}</xnbr_node8>
<xnbr_node9>{48.023258}</xnbr_node9>
<xnbr_node10>{48.262470}</xnbr_node10>
<ynbr_node0>{35.516068}</ynbr_node0>
<ynbr_node1>{35.969238}</ynbr_node1>
<ynbr_node2>{36.236649}</ynbr_node2>
<ynbr_node3>{36.307636}</ynbr_node3>
<ynbr_node4>{36.179375}</ynbr_node4>
<ynbr_node5>{35.856976}</ynbr_node5>
<ynbr_node6>{35.353291}</ynbr_node6>
<ynbr_node7>{34.688400}</ynbr_node7>
<ynbr_node8>{33.888813}</ynbr_node8>
<ynbr_node9>{32.986404}</ynbr_node9>
<ynbr_node10>{32.017151}</ynbr_node10>
</xagent>
<xagent>
<name>Sporo</name>
<id>20</id>
<iter>1</iter>
<FP>1.000000</FP>
<K0>0.200000</K0>
<TH0>2.941593</TH0>
<R0>0.998334</R0>
<coordx>{27.201200, 26.306894, 25.521975, 24.870565, 24.383142, 24.079870, 23.970955, 24.062464, 24.351103, 24.818741, 25.455114}</coordx>
<coordy>{31.156763, 31.604221, 32.215691, 32.973900, 33.844528, 34.796192, 35.789997, 36.782276, 37.739895, 38.620277, 39.387699}</coordy>
<xnbr_node0>{}</xnbr_node0>
<xnbr_node1>{}</xnbr_node1>
<xnbr_node2>{}</xnbr_node2>
<xnbr_node3>{}</xnbr_node3>
<xnbr_node4>{}</xnbr_node4>
<xnbr_node5>{}</xnbr_node5>
<xnbr_node6>{}</xnbr_node6>
<xnbr_node7>{}</xnbr_node7>
<xnbr_node8>{}</xnbr_node8>
<xnbr_node9>{}</xnbr_node9>
<xnbr_node10>{}</xnbr_node10>
<ynbr_node0>{}</ynbr_node0>
<ynbr_node1>{}</ynbr_node1>
<ynbr_node2>{}</ynbr_node2>
<ynbr_node3>{}</ynbr_node3>
<ynbr_node4>{}</ynbr_node4>
<ynbr_node5>{}</ynbr_node5>
<ynbr_node6>{}</ynbr_node6>
<ynbr_node7>{}</ynbr_node7>
<ynbr_node8>{}</ynbr_node8>
<ynbr_node9>{}</ynbr_node9>
<ynbr_node10>{}</ynbr_node10>
</xagent>
<xagent>
<name>Sporo</name>
<id>19</id>
<iter>1</iter>
<FP>1.000000</FP>
<K0>0.200000</K0>
<TH0>2.941593</TH0>
<R0>0.998334</R0>
<coordx>{18.550604, 17.554276, 16.588467, 15.688771, 14.892867, 14.238243, 13.744364, 13.427511, 13.311204, 13.390924, 13.668069}</coordx>
<coordy>{32.353600, 32.404808, 32.652424, 33.090073, 33.693882, 34.448334, 35.313084, 36.260624, 37.252190, 38.247940, 39.206482}</coordy>
<xnbr_node0>{}</xnbr_node0>
<xnbr_node1>{}</xnbr_node1>
<xnbr_node2>{}</xnbr_node2>
<xnbr_node3>{}</xnbr_node3>
<xnbr_node4>{}</xnbr_node4>
<xnbr_node5>{}</xnbr_node5>
<xnbr_node6>{}</xnbr_node6>
<xnbr_node7>{}</xnbr_node7>
<xnbr_node8>{}</xnbr_node8>
<xnbr_node9>{}</xnbr_node9>
<xnbr_node10>{}</xnbr_node10>
<ynbr_node0>{}</ynbr_node0>
<ynbr_node1>{}</ynbr_node1>
<ynbr_node2>{}</ynbr_node2>
<ynbr_node3>{}</ynbr_node3>
<ynbr_node4>{}</ynbr_node4>
<ynbr_node5>{}</ynbr_node5>
<ynbr_node6>{}</ynbr_node6>
<ynbr_node7>{}</ynbr_node7>
<ynbr_node8>{}</ynbr_node8>
<ynbr_node9>{}</ynbr_node9>
<ynbr_node10>{}</ynbr_node10>
</xagent>
<xagent>
<name>Sporo</name>
<id>18</id>
<iter>1</iter>
<FP>1.000000</FP>
<K0>0.200000</K0>
<TH0>2.941593</TH0>
<R0>0.998334</R0>
<coordx>{6.211093, 5.454130, 4.833702, 4.384505, 4.123651, 4.055654, 4.192797, 4.520461, 5.027839, 5.697912, 6.498874}</coordx>
<coordy>{30.738924, 31.389317, 32.172642, 33.064407, 34.028263, 35.023888, 36.015240, 36.955837, 37.816563, 38.553154, 39.148651}</coordy>
<xnbr_node0>{5.419373}</xnbr_node0>
<xnbr_node1>{4.789154}</xnbr_node1>
<xnbr_node2>{4.325322}</xnbr_node2>
<xnbr_node3>{4.046368}</xnbr_node3>
<xnbr_node4>{3.963412}</xnbr_node4>
<xnbr_node5>{4.079762}</xnbr_node5>
<xnbr_node6>{4.390780}</xnbr_node6>
<xnbr_node7>{4.884067}</xnbr_node7>
<xnbr_node8>{5.539956}</xnbr_node8>
<xnbr_node9>{6.332299}</xnbr_node9>
<xnbr_node10>{7.229507}</xnbr_node10>
<ynbr_node0>{20.599407}</ynbr_node0>
<ynbr_node1>{21.373678}</ynbr_node1>
<ynbr_node2>{22.257721}</ynbr_node2>
<ynbr_node3>{23.216290}</ynbr_node3>
<ynbr_node4>{24.211172}</ynbr_node4>
<ynbr_node5>{25.202703}</ynbr_node5>
<ynbr_node6>{26.151354}</ynbr_node6>
<ynbr_node7>{27.019306}</ynbr_node7>
<ynbr_node8>{27.771955}</ynbr_node8>
<ynbr_node9>{28.379297}</ynbr_node9>
<ynbr_node10>{28.817118}</ynbr_node10>
</xagent>
<xagent>
<name>Sporo</name>
<id>17</id>
<iter>1</iter>
<FP>1.000000</FP>
<K0>0.200000</K0>
<TH0>2.941593</TH0>
<R0>0.998334</R0>
<coordx>{58.915115, 58.440086, 57.801689, 57.019169, 56.132229, 55.172054, 54.177036, 53.186878, 52.238110, 51.374279, 50.626740}</coordx>
<coordy>{27.071943, 26.191320, 25.429255, 24.800991, 24.345087, 24.073757, 24.002131, 24.124866, 24.442259, 24.940575, 25.605402}</coordy>
<xnbr_node0>{}</xnbr_node0>
<xnbr_node1>{}</xnbr_node1>
<xnbr_node2>{}</xnbr_node2>
<xnbr_node3>{}</xnbr_node3>
<xnbr_node4>{}</xnbr_node4>
<xnbr_node5>{}</xnbr_node5>
<xnbr_node6>{}</xnbr_node6>
<xnbr_node7>{}</xnbr_node7>
<xnbr_node8>{}</xnbr_node8>
<xnbr_node9>{}</xnbr_node9>
<xnbr_node10>{}</xnbr_node10>
<ynbr_node0>{}</ynbr_node0>
<ynbr_node1>{}</ynbr_node1>
<ynbr_node2>{}</ynbr_node2>
<ynbr_node3>{}</ynbr_node3>
<ynbr_node4>{}</ynbr_node4>
<ynbr_node5>{}</ynbr_node5>
<ynbr_node6>{}</ynbr_node6>
<ynbr_node7>{}</ynbr_node7>
<ynbr_node8>{}</ynbr_node8>
<ynbr_node9>{}</ynbr_node9>
<ynbr_node10>{}</ynbr_node10>
</xagent>
<xagent>
<name>Sporo</name>
<id>16</id>
<iter>1</iter>
<FP>1.000000</FP>
<K0>0.200000</K0>
<TH0>2.941593</TH0>
<R0>0.998334</R0>
<coordx>{41.603008, 42.593731, 43.543346, 44.420677, 45.181019, 45.791107, 46.239410, 46.496738, 46.561783, 46.424191, 46.098759}</coordx>
<coordy>{27.839211, 27.730043, 27.430447, 26.945826, 26.297974, 25.510031, 24.616671, 23.657207, 22.656584, 21.668200, 20.726650}</coordy>
<xnbr_node0>{}</xnbr_node0>
<xnbr_node1>{}</xnbr_node1>
<xnbr_node2>{}</xnbr_node2>
<xnbr_node3>{}</xnbr_node3>
<xnbr_node4>{}</xnbr_node4>
<xnbr_node5>{}</xnbr_node5>
<xnbr_node6>{}</xnbr_node6>
<xnbr_node7>{}</xnbr_node7>
<xnbr_node8>{}</xnbr_node8>
<xnbr_node9>{}</xnbr_node9>
<xnbr_node10>{}</xnbr_node10>
<ynbr_node0>{}</ynbr_node0>
<ynbr_node1>{}</ynbr_node1>
<ynbr_node2>{}</ynbr_node2>
<ynbr_node3>{}</ynbr_node3>
<ynbr_node4>{}</ynbr_node4>
<ynbr_node5>{}</ynbr_node5>
<ynbr_node6>{}</ynbr_node6>
<ynbr_node7>{}</ynbr_node7>
<ynbr_node8>{}</ynbr_node8>
<ynbr_node9>{}</ynbr_node9>
<ynbr_node10>{}</ynbr_node10>
</xagent>
<xagent>
<name>Sporo</name>
<id>15</id>
<iter>1</iter>
<FP>1.000000</FP>
<K0>0.200000</K0>
<TH0>2.941593</TH0>
<R0>0.998334</R0>
<coordx>{39.406723, 38.636856, 37.753090, 36.795959, 35.800785, 34.810486, 33.859016, 32.990719, 32.233803, 31.623392, 31.182732}</coordx>
<coordy>{25.436331, 24.803343, 24.334604, 24.046989, 23.961473, 24.076769, 24.384726, 24.874556, 25.527176, 26.317081, 27.213045}</coordy>
<xnbr_node0>{}</xnbr_node0>
<xnbr_node1>{}</xnbr_node1>
<xnbr_node2>{}</xnbr_node2>
<xnbr_node3>{}</xnbr_node3>
<xnbr_node4>{}</xnbr_node4>
<xnbr_node5>{}</xnbr_node5>
<xnbr_node6>{}</xnbr_node6>
<xnbr_node7>{}</xnbr_node7>
<xnbr_node8>{}</xnbr_node8>
<xnbr_node9>{}</xnbr_node9>
<xnbr_node10>{}</xnbr_node10>
<ynbr_node0>{}</ynbr_node0>
<ynbr_node1>{}</ynbr_node1>
<ynbr_node2>{}</ynbr_node2>
<ynbr_node3>{}</ynbr_node3>
<ynbr_node4>{}</ynbr_node4>
<ynbr_node5>{}</ynbr_node5>
<ynbr_node6>{}</ynbr_node6>
<ynbr_node7>{}</ynbr_node7>
<ynbr_node8>{}</ynbr_node8>
<ynbr_node9>{}</ynbr_node9>
<ynbr_node10>{}</ynbr_node10>
</xagent>
<xagent>
<name>Sporo</name>
<id>14</id>
<iter>1</iter>
<FP>1.000000</FP>
<K0>0.200000</K0>
<TH0>2.941593</TH0>
<R0>0.998334</R0>
<coordx>{21.466780, 22.463087, 23.427544, 24.321558, 25.113894, 25.765081, 26.253658, 26.561855, 26.674303, 26.586908, 26.304146}</coordx>
<coordy>{27.671349, 27.612694, 27.357344, 26.913607, 26.303493, 25.546612, 24.677540, 23.727900, 22.736080, 21.744652, 20.785978}</coordy>
<xnbr_node0>{}</xnbr_node0>
<xnbr_node1>{}</xnbr_node1>
<xnbr_node2>{}</xnbr_node2>
<xnbr_node3>{}</xnbr_node3>
<xnbr_node4>{}</xnbr_node4>
<xnbr_node5>{}</xnbr_node5>
<xnbr_node6>{}</xnbr_node6>
<xnbr_node7>{}</xnbr_node7>
<xnbr_node8>{}</xnbr_node8>
<xnbr_node9>{}</xnbr_node9>
<xnbr_node10>{}</xnbr_node10>
<ynbr_node0>{}</ynbr_node0>
<ynbr_node1>{}</ynbr_node1>
<ynbr_node2>{}</ynbr_node2>
<ynbr_node3>{}</ynbr_node3>
<ynbr_node4>{}</ynbr_node4>
<ynbr_node5>{}</ynbr_node5>
<ynbr_node6>{}</ynbr_node6>
<ynbr_node7>{}</ynbr_node7>
<ynbr_node8>{}</ynbr_node8>
<ynbr_node9>{}</ynbr_node9>
<ynbr_node10>{}</ynbr_node10>
</xagent>
<xagent>
<name>Sporo</name>
<id>13</id>
<iter>1</iter>
<FP>1.000000</FP>
<K0>0.200000</K0>
<TH0>2.941593</TH0>
<R0>0.998334</R0>
<coordx>{18.495071, 17.497774, 16.534958, 15.646936, 14.868606, 14.225590, 13.749632, 13.456300, 13.357829, 13.461339, 13.757732}</coordx>
<coordy>{22.277298, 22.351574, 22.618988, 23.073183, 23.696527, 24.461489, 25.340439, 26.294693, 27.287399, 28.281521, 29.235388}</coordy>
<xnbr_node0>{}</xnbr_node0>
<xnbr_node1>{}</xnbr_node1>
<xnbr_node2>{}</xnbr_node2>
<xnbr_node3>{}</xnbr_node3>
<xnbr_node4>{}</xnbr_node4>
<xnbr_node5>{}</xnbr_node5>
<xnbr_node6>{}</xnbr_node6>
<xnbr_node7>{}</xnbr_node7>
<xnbr_node8>{}</xnbr_node8>
<xnbr_node9>{}</xnbr_node9>
<xnbr_node10>{}</xnbr_node10>
<ynbr_node0>{}</ynbr_node0>
<ynbr_node1>{}</ynbr_node1>
<ynbr_node2>{}</ynbr_node2>
<ynbr_node3>{}</ynbr_node3>
<ynbr_node4>{}</ynbr_node4>
<ynbr_node5>{}</ynbr_node5>
<ynbr_node6>{}</ynbr_node6>
<ynbr_node7>{}</ynbr_node7>
<ynbr_node8>{}</ynbr_node8>
<ynbr_node9>{}</ynbr_node9>
<ynbr_node10>{}</ynbr_node10>
</xagent>
<xagent>
<name>Sporo</name>
<id>12</id>
<iter>1</iter>
<FP>1.000000</FP>
<K0>0.200000</K0>
<TH0>2.941593</TH0>
<R0>0.998334</R0>
<coordx>{5.424325, 4.795611, 4.330816, 4.048842, 3.963138, 4.079831, 4.388204, 4.878521, 5.531770, 6.323747, 7.218567}</coordx>
<coordy>{20.591026, 21.366234, 22.250807, 23.206137, 24.200485, 25.193338, 26.143770, 27.009680, 27.765245, 28.374422, 28.811996}</coordy>
<xnbr_node0>{6.202578, 7.887488}</xnbr_node0>
<xnbr_node1>{5.443596, 6.925540}</xnbr_node1>
<xnbr_node2>{4.828592, 6.035827}</xnbr_node2>
<xnbr_node3>{4.382082, 5.253817}</xnbr_node3>
<xnbr_node4>{4.121868, 4.610688}</xnbr_node4>
<xnbr_node5>{4.058323, 4.132079}</xnbr_node5>
<xnbr_node6>{4.193981, 3.837070}</xnbr_node6>
<xnbr_node7>{4.523434, 3.737423}</xnbr_node7>
<xnbr_node8>{5.033547, 3.837110}</xnbr_node8>
<xnbr_node9>{5.703984, 4.132157}</xnbr_node9>
<xnbr_node10>{6.508016, 4.610802}</xnbr_node10>
<ynbr_node0>{30.746191, 11.652837}</ynbr_node0>
<ynbr_node1>{31.394741, 11.919909}</ynbr_node1>
<ynbr_node2>{32.181152, 12.372767}</ynbr_node2>
<ynbr_node3>{33.074070, 12.993358}</ynbr_node3>
<ynbr_node4>{34.037895, 13.756939}</ynbr_node4>
<ynbr_node5>{35.034203, 14.633069}</ynbr_node5>
<ynbr_node6>{36.023277, 15.586821}</ynbr_node6>
<ynbr_node7>{36.965687, 16.580170}</ynbr_node7>
<ynbr_node8>{37.823856, 17.573513}</ynbr_node8>
<ynbr_node9>{38.563576, 18.527252}</ynbr_node9>
<ynbr_node10>{39.155354, 19.403364}</ynbr_node10>
</xagent>
<xagent>
<name>Sporo</name>
<id>11</id>
<iter>1</iter>
<FP>1.000000</FP>
<K0>0.200000</K0>
<TH0>2.941593</TH0>
<R0>0.998334</R0>
<coordx>{50.734020, 51.385536, 52.172836, 53.067745, 54.030380, 55.030239, 56.017406, 56.958683, 57.816669, 58.552311, 59.143082}</coordx>
<coordy>{13.810787, 14.565988, 15.178696, 15.622969, 15.880830, 15.942665, 15.805411, 15.471440, 14.960520, 14.288441, 13.481074}</coordy>
<xnbr_node0>{}</xnbr_node0>
<xnbr_node1>{}</xnbr_node1>
<xnbr_node2>{}</xnbr_node2>
<xnbr_node3>{}</xnbr_node3>
<xnbr_node4>{}</xnbr_node4>
<xnbr_node5>{}</xnbr_node5>
<xnbr_node6>{}</xnbr_node6>
<xnbr_node7>{}</xnbr_node7>
<xnbr_node8>{}</xnbr_node8>
<xnbr_node9>{}</xnbr_node9>
<xnbr_node10>{}</xnbr_node10>
<ynbr_node0>{}</ynbr_node0>
<ynbr_node1>{}</ynbr_node1>
<ynbr_node2>{}</ynbr_node2>
<ynbr_node3>{}</ynbr_node3>
<ynbr_node4>{}</ynbr_node4>
<ynbr_node5>{}</ynbr_node5>
<ynbr_node6>{}</ynbr_node6>
<ynbr_node7>{}</ynbr_node7>
<ynbr_node8>{}</ynbr_node8>
<ynbr_node9>{}</ynbr_node9>
<ynbr_node10>{}</ynbr_node10>
</xagent>
<xagent>
<name>Sporo</name>
<id>10</id>
<iter>1</iter>
<FP>1.000000</FP>
<K0>0.200000</K0>
<TH0>2.941593</TH0>
<R0>0.998334</R0>
<coordx>{40.571285, 41.391983, 42.304733, 43.281265, 44.280575, 45.260529, 46.184093, 47.012623, 47.718815, 48.270103, 48.640579}</coordx>
<coordy>{14.896640, 15.470116, 15.870230, 16.080687, 16.090748, 15.905516, 15.528012, 14.973029, 14.267013, 13.432305, 12.507616}</coordy>
<xnbr_node0>{}</xnbr_node0>
<xnbr_node1>{}</xnbr_node1>
<xnbr_node2>{}</xnbr_node2>
<xnbr_node3>{}</xnbr_node3>
<xnbr_node4>{}</xnbr_node4>
<xnbr_node5>{}</xnbr_node5>
<xnbr_node6>{}</xnbr_node6>
<xnbr_node7>{}</xnbr_node7>
<xnbr_node8>{}</xnbr_node8>
<xnbr_node9>{}</xnbr_node9>
<xnbr_node10>{}</xnbr_node10>
<ynbr_node0>{}</ynbr_node0>
<ynbr_node1>{}</ynbr_node1>
<ynbr_node2>{}</ynbr_node2>
<ynbr_node3>{}</ynbr_node3>
<ynbr_node4>{}</ynbr_node4>
<ynbr_node5>{}</ynbr_node5>
<ynbr_node6>{}</ynbr_node6>
<ynbr_node7>{}</ynbr_node7>
<ynbr_node8>{}</ynbr_node8>
<ynbr_node9>{}</ynbr_node9>
<ynbr_node10>{}</ynbr_node10>
</xagent>
<xagent>
<name>Sporo</name>
<id>9</id>
<iter>1</iter>
<FP>1.000000</FP>
<K0>0.200000</K0>
<TH0>2.941593</TH0>
<R0>0.998334</R0>
<coordx>{31.170015, 32.163353, 33.157265, 34.096493, 34.956547, 35.693897, 36.286015, 36.706493, 36.938080, 36.971146, 36.805206}</coordx>
<coordy>{17.222298, 17.279615, 17.148487, 16.819090, 16.305927, 15.637158, 14.834433, 13.929391, 12.956812, 11.958390, 10.975579}</coordy>
<xnbr_node0>{}</xnbr_node0>
<xnbr_node1>{}</xnbr_node1>
<xnbr_node2>{}</xnbr_node2>
<xnbr_node3>{}</xnbr_node3>
<xnbr_node4>{}</xnbr_node4>
<xnbr_node5>{}</xnbr_node5>
<xnbr_node6>{}</xnbr_node6>
<xnbr_node7>{}</xnbr_node7>
<xnbr_node8>{}</xnbr_node8>
<xnbr_node9>{}</xnbr_node9>
<xnbr_node10>{}</xnbr_node10>
<ynbr_node0>{}</ynbr_node0>
<ynbr_node1>{}</ynbr_node1>
<ynbr_node2>{}</ynbr_node2>
<ynbr_node3>{}</ynbr_node3>
<ynbr_node4>{}</ynbr_node4>
<ynbr_node5>{}</ynbr_node5>
<ynbr_node6>{}</ynbr_node6>
<ynbr_node7>{}</ynbr_node7>
<ynbr_node8>{}</ynbr_node8>
<ynbr_node9>{}</ynbr_node9>
<ynbr_node10>{}</ynbr_node10>
</xagent>
<xagent>
<name>Sporo</name>
<id>8</id>
<iter>1</iter>
<FP>1.000000</FP>
<K0>0.200000</K0>
<TH0>2.941593</TH0>
<R0>0.998334</R0>
<coordx>{20.755028, 21.394352, 22.173899, 23.051949, 24.015776, 25.010002, 26.002808, 26.949371, 27.816107, 28.566034, 29.170357}</coordx>
<coordy>{13.732409, 14.499578, 15.127934, 15.586314, 15.862742, 15.942891, 15.822826, 15.508292, 15.011809, 14.352227, 13.558378}</coordy>
<xnbr_node0>{}</xnbr_node0>
<xnbr_node1>{}</xnbr_node1>
<xnbr_node2>{}</xnbr_node2>
<xnbr_node3>{}</xnbr_node3>
<xnbr_node4>{}</xnbr_node4>
<xnbr_node5>{}</xnbr_node5>
<xnbr_node6>{}</xnbr_node6>
<xnbr_node7>{}</xnbr_node7>
<xnbr_node8>{}</xnbr_node8>
<xnbr_node9>{}</xnbr_node9>
<xnbr_node10>{}</xnbr_node10>
<ynbr_node0>{}</ynbr_node0>
<ynbr_node1>{}</ynbr_node1>
<ynbr_node2>{}</ynbr_node2>
<ynbr_node3>{}</ynbr_node3>
<ynbr_node4>{}</ynbr_node4>
<ynbr_node5>{}</ynbr_node5>
<ynbr_node6>{}</ynbr_node6>
<ynbr_node7>{}</ynbr_node7>
<ynbr_node8>{}</ynbr_node8>
<ynbr_node9>{}</ynbr_node9>
<ynbr_node10>{}</ynbr_node10>
</xagent>
<xagent>
<name>Sporo</name>
<id>7</id>
<iter>1</iter>
<FP>1.000000</FP>
<K0>0.200000</K0>
<TH0>2.941593</TH0>
<R0>0.998334</R0>
<coordx>{12.562402, 13.481917, 14.307483, 15.006541, 15.542760, 15.907269, 16.077040, 16.047401, 15.822229, 15.406373, 14.818048}</coordx>
<coordy>{18.699738, 18.309746, 17.746290, 17.031002, 16.190512, 15.260367, 14.275340, 13.280416, 12.305855, 11.397872, 10.593536}</coordy>
<xnbr_node0>{18.834698}</xnbr_node0>
<xnbr_node1>{17.838636}</xnbr_node1>
<xnbr_node2>{16.849054}</xnbr_node2>
<xnbr_node3>{15.905405}</xnbr_node3>
<xnbr_node4>{15.045307}</xnbr_node4>
<xnbr_node5>{14.303051}</xnbr_node5>
<xnbr_node6>{13.708228}</xnbr_node6>
<xnbr_node7>{13.284552}</xnbr_node7>
<xnbr_node8>{13.048912}</xnbr_node8>
<xnbr_node9>{13.010704}</xnbr_node9>
<xnbr_node10>{13.171451}</xnbr_node10>
<ynbr_node0>{2.800869}</ynbr_node0>
<ynbr_node1>{2.733547}</ynbr_node1>
<ynbr_node2>{2.865455}</ynbr_node2>
<ynbr_node3>{3.191333}</ynbr_node3>
<ynbr_node4>{3.698189}</ynbr_node4>
<ynbr_node5>{4.365817}</ynbr_node5>
<ynbr_node6>{5.167600}</ynbr_node6>
<ynbr_node7>{6.071574}</ynbr_node7>
<ynbr_node8>{7.041701}</ynbr_node8>
<ynbr_node9>{8.039304}</ynbr_node9>
<ynbr_node10>{9.024611}</ynbr_node10>
</xagent>
<xagent>
<name>Sporo</name>
<id>6</id>
<iter>1</iter>
<FP>1.000000</FP>
<K0>0.200000</K0>
<TH0>2.941593</TH0>
<R0>0.998334</R0>
<coordx>{7.894525, 6.935825, 6.044318, 5.263154, 4.616507, 4.136153, 3.840076, 3.737680, 3.835061, 4.127476, 4.606809}</coordx>
<coordy>{11.650627, 11.917909, 12.368110, 12.987672, 13.748425, 14.623187, 15.576441, 16.570169, 17.562771, 18.517128, 19.394922}</coordy>
<xnbr_node0>{5.419373}</xnbr_node0>
<xnbr_node1>{4.789154}</xnbr_node1>
<xnbr_node2>{4.325322}</xnbr_node2>
<xnbr_node3>{4.046368}</xnbr_node3>
<xnbr_node4>{3.963412}</xnbr_node4>
<xnbr_node5>{4.079762}</xnbr_node5>
<xnbr_node6>{4.390780}</xnbr_node6>
<xnbr_node7>{4.884067}</xnbr_node7>
<xnbr_node8>{5.539956}</xnbr_node8>
<xnbr_node9>{6.332299}</xnbr_node9>
<xnbr_node10>{7.229507}</xnbr_node10>
<ynbr_node0>{20.599407}</ynbr_node0>
<ynbr_node1>{21.373678}</ynbr_node1>
<ynbr_node2>{22.257721}</ynbr_node2>
<ynbr_node3>{23.216290}</ynbr_node3>
<ynbr_node4>{24.211172}</ynbr_node4>
<ynbr_node5>{25.202703}</ynbr_node5>
<ynbr_node6>{26.151354}</ynbr_node6>
<ynbr_node7>{27.019306}</ynbr_node7>
<ynbr_node8>{27.771955}</ynbr_node8>
<ynbr_node9>{28.379297}</ynbr_node9>
<ynbr_node10>{28.817118}</ynbr_node10>
</xagent>
<xagent>
<name>Sporo</name>
<id>5</id>
<iter>1</iter>
<FP>1.000000</FP>
<K0>0.200000</K0>
<TH0>2.941593</TH0>
<R0>0.998334</R0>
<coordx>{58.755692, 58.338707, 57.759476, 57.030071, 56.176579, 55.239666, 54.248848, 53.255352, 52.288990, 51.390961, 50.595921}</coordx>
<coordy>{7.350106, 6.441129, 5.629609, 4.949261, 4.428508, 4.088391, 3.941548, 3.991207, 4.240247, 4.677596, 5.283230}</coordy>
<xnbr_node0>{42.223873}</xnbr_node0>
<xnbr_node1>{42.314411}</xnbr_node1>
<xnbr_node2>{42.600662}</xnbr_node2>
<xnbr_node3>{43.071220}</xnbr_node3>
<xnbr_node4>{43.707325}</xnbr_node4>
<xnbr_node5>{44.483612}</xnbr_node5>
<xnbr_node6>{45.369137}</xnbr_node6>
<xnbr_node7>{46.328594}</xnbr_node7>
<xnbr_node8>{47.323738}</xnbr_node8>
<xnbr_node9>{48.314892}</xnbr_node9>
<xnbr_node10>{49.262539}</xnbr_node10>
<ynbr_node0>{1.559912}</ynbr_node0>
<ynbr_node1>{2.554132}</ynbr_node1>
<ynbr_node2>{3.510548}</ynbr_node2>
<ynbr_node3>{4.391028}</ynbr_node3>
<ynbr_node4>{5.160473}</ynbr_node4>
<ynbr_node5>{5.788206}</ynbr_node5>
<ynbr_node6>{6.249201}</ynbr_node6>
<ynbr_node7>{6.525080}</ynbr_node7>
<ynbr_node8>{6.604846}</ynbr_node8>
<ynbr_node9>{6.485316}</ynbr_node9>
<ynbr_node10>{6.171258}</ynbr_node10>
</xagent>
<xagent>
<name>Sporo</name>
<id>4</id>
<iter>1</iter>
<FP>1.000000</FP>
<K0>0.200000</K0>
<TH0>2.941593</TH0>
<R0>0.998334</R0>
<coordx>{42.225979, 42.312725, 42.596203, 43.066185, 43.699688, 44.474907, 45.358944, 46.317905, 47.313812, 48.305832, 49.251812}</coordx>
<coordy>{1.552617, 2.545934, 3.501241, 4.383411, 5.152906, 5.782751, 6.244584, 6.523182, 6.605213, 6.485342, 6.172956}</coordy>
<xnbr_node0>{58.749794}</xnbr_node0>
<xnbr_node1>{58.338589}</xnbr_node1>
<xnbr_node2>{57.754848}</xnbr_node2>
<xnbr_node3>{57.021843}</xnbr_node3>
<xnbr_node4>{56.168797}</xnbr_node4>
<xnbr_node5>{55.229717}</xnbr_node5>
<xnbr_node6>{54.242046}</xnbr_node6>
<xnbr_node7>{53.245152}</xnbr_node7>
<xnbr_node8>{52.278782}</xnbr_node8>
<xnbr_node9>{51.381462}</xnbr_node9>
<xnbr_node10>{50.588966}</xnbr_node10>
<ynbr_node0>{7.340966}</ynbr_node0>
<ynbr_node1>{6.431251}</ynbr_node1>
<ynbr_node2>{5.621364}</ynbr_node2>
<ynbr_node3>{4.943592}</ynbr_node3>
<ynbr_node4>{4.424956}</ynbr_node4>
<ynbr_node5>{4.086132}</ynbr_node5>
<ynbr_node6>{3.940628}</ynbr_node6>
<ynbr_node7>{3.994246}</ynbr_node7>
<ynbr_node8>{4.244846}</ynbr_node8>
<ynbr_node9>{4.682440}</ynbr_node9>
<ynbr_node10>{5.289580}</ynbr_node10>
</xagent>
<xagent>
<name>Sporo</name>
<id>3</id>
<iter>1</iter>
<FP>1.000000</FP>
<K0>0.200000</K0>
<TH0>2.941593</TH0>
<R0>0.998334</R0>
<coordx>{30.995659, 31.983387, 32.980247, 33.948452, 34.844639, 35.639252, 36.295094, 36.785126, 37.099167, 37.221283, 37.137901}</coordx>
<coordy>{6.889820, 7.035740, 6.985193, 6.732481, 6.299685, 5.695109, 4.941926, 4.074646, 3.130030, 2.135541, 1.139720}</coordy>
<xnbr_node0>{34.761440}</xnbr_node0>
<xnbr_node1>{35.359379}</xnbr_node1>
<xnbr_node2>{35.786568}</xnbr_node2>
<xnbr_node3>{36.025978}</xnbr_node3>
<xnbr_node4>{36.068066}</xnbr_node4>
<xnbr_node5>{35.911152}</xnbr_node5>
<xnbr_node6>{35.561493}</xnbr_node6>
<xnbr_node7>{35.033028}</xnbr_node7>
<xnbr_node8>{34.346825}</xnbr_node8>
<xnbr_node9>{33.530243}</xnbr_node9>
<xnbr_node10>{32.615833}</xnbr_node10>
<ynbr_node0>{-0.585911}</ynbr_node0>
<ynbr_node1>{-1.385376}</ynbr_node1>
<ynbr_node2>{-2.287697}</ynbr_node2>
<ynbr_node3>{-3.256897}</ynbr_node3>
<ynbr_node4>{-4.254345}</ynbr_node4>
<ynbr_node5>{-5.240269}</ynbr_node5>
<ynbr_node6>{-6.175369}</ynbr_node6>
<ynbr_node7>{-7.022362}</ynbr_node7>
<ynbr_node8>{-7.747482}</ynbr_node8>
<ynbr_node9>{-8.321819}</ynbr_node9>
<ynbr_node10>{-8.722477}</ynbr_node10>
</xagent>
<xagent>
<name>Sporo</name>
<id>2</id>
<iter>1</iter>
<FP>1.000000</FP>
<K0>0.200000</K0>
<TH0>2.941593</TH0>
<R0>0.998334</R0>
<coordx>{28.767195, 28.352766, 27.763622, 27.030001, 26.174532, 25.234146, 24.245998, 23.252253, 22.285423, 21.388166, 20.598446}</coordx>
<coordy>{7.329463, 6.421921, 5.615676, 4.939128, 4.423239, 4.087974, 3.945675, 4.002144, 4.258304, 4.697435, 5.307587}</coordy>
<xnbr_node0>{18.834698}</xnbr_node0>
<xnbr_node1>{17.838636}</xnbr_node1>
<xnbr_node2>{16.849054}</xnbr_node2>
<xnbr_node3>{15.905405}</xnbr_node3>
<xnbr_node4>{15.045307}</xnbr_node4>
<xnbr_node5>{14.303051}</xnbr_node5>
<xnbr_node6>{13.708228}</xnbr_node6>
<xnbr_node7>{13.284552}</xnbr_node7>
<xnbr_node8>{13.048912}</xnbr_node8>
<xnbr_node9>{13.010704}</xnbr_node9>
<xnbr_node10>{13.171451}</xnbr_node10>
<ynbr_node0>{2.800869}</ynbr_node0>
<ynbr_node1>{2.733547}</ynbr_node1>
<ynbr_node2>{2.865455}</ynbr_node2>
<ynbr_node3>{3.191333}</ynbr_node3>
<ynbr_node4>{3.698189}</ynbr_node4>
<ynbr_node5>{4.365817}</ynbr_node5>
<ynbr_node6>{5.167600}</ynbr_node6>
<ynbr_node7>{6.071574}</ynbr_node7>
<ynbr_node8>{7.041701}</ynbr_node8>
<ynbr_node9>{8.039304}</ynbr_node9>
<ynbr_node10>{9.024611}</ynbr_node10>
</xagent>
<xagent>
<name>Sporo</name>
<id>1</id>
<iter>1</iter>
<FP>1.000000</FP>
<K0>0.200000</K0>
<TH0>2.941593</TH0>
<R0>0.998334</R0>
<coordx>{18.844669, 17.850605, 16.857443, 15.914297, 15.053120, 14.309965, 13.713961, 13.285442, 13.052430, 13.011949, 13.169590}</coordx>
<coordy>{2.801599, 2.733814, 2.864174, 3.188513, 3.692277, 4.358253, 5.158493, 6.062042, 7.032670, 8.034055, 9.015339}</coordy>
<xnbr_node0>{12.572906, 28.762556}</xnbr_node0>
<xnbr_node1>{13.491891, 28.346376}</xnbr_node1>
<xnbr_node2>{14.315067, 27.758209}</xnbr_node2>
<xnbr_node3>{15.009616, 27.021505}</xnbr_node3>
<xnbr_node4>{15.547850, 26.165632}</xnbr_node4>
<xnbr_node5>{15.908309, 25.224712}</xnbr_node5>
<xnbr_node6>{16.076624, 24.236256}</xnbr_node6>
<xnbr_node7>{16.046085, 23.239672}</xnbr_node7>
<xnbr_node8>{15.817909, 22.274689}</xnbr_node8>
<xnbr_node9>{15.401194, 21.379778}</xnbr_node9>
<xnbr_node10>{14.812551, 20.590616}</xnbr_node10>
<ynbr_node0>{18.694632, 7.320400}</ynbr_node0>
<ynbr_node1>{18.304583, 6.412950}</ynbr_node1>
<ynbr_node2>{17.739737, 5.606271}</ynbr_node2>
<ynbr_node3>{17.022608, 4.932522}</ynbr_node3>
<ynbr_node4>{16.181789, 4.418565}</ynbr_node4>
<ynbr_node5>{15.250800, 4.084888}</ynbr_node5>
<ynbr_node6>{14.266757, 3.944794}</ynbr_node6>
<ynbr_node7>{13.268890, 4.003869}</ynbr_node7>
<ynbr_node8>{12.296981, 4.259757}</ynbr_node8>
<ynbr_node9>{11.389777, 4.702257}</ynbr_node9>
<ynbr_node10>{10.583446, 5.313727}</ynbr_node10>
</xagent>
</states>
