<states>
<itno>101</itno>
<environment>
<NNODES>11</NNODES>
<WIDTH>0.450000</WIDTH>
<DT>0.010000</DT>
<NOISE>0.000100</NOISE>
<DELTA>1.800000</DELTA>
<KEL>30.000000</KEL>
<KI>0.020000</KI>
<KTH>4.000000</KTH>
<SIDEBOX>0.000000</SIDEBOX>
<SIDEX>60</SIDEX>
<SIDEY>60</SIDEY>
</environment>
<xagent>
<name>Sporo</name>
<id>36</id>
<iter>101</iter>
<FP>1.000000</FP>
<K0>0.200000</K0>
<TH0>2.941593</TH0>
<R0>0.998334</R0>
<coordx>{4.801159, 4.158037, 3.706973, 3.484571, 3.496716, 3.725125, 4.137633, 4.721093, 5.444760, 6.294710, 7.230435}</coordx>
<coordy>{0.049710, 0.805284, 1.682821, 2.641831, 3.629158, 4.593898, 5.495101, 6.301711, 6.979308, 7.495768, 7.835111}</coordy>
<xnbr_node0>{4.096396}</xnbr_node0>
<xnbr_node1>{4.907069}</xnbr_node1>
<xnbr_node2>{5.555842}</xnbr_node2>
<xnbr_node3>{5.990785}</xnbr_node3>
<xnbr_node4>{6.189829}</xnbr_node4>
<xnbr_node5>{6.158516}</xnbr_node5>
<xnbr_node6>{5.934835}</xnbr_node6>
<xnbr_node7>{5.524630}</xnbr_node7>
<xnbr_node8>{4.945565}</xnbr_node8>
<xnbr_node9>{4.215607}</xnbr_node9>
<xnbr_node10>{3.363712}</xnbr_node10>
<ynbr_node0>{-0.190163}</ynbr_node0>
<ynbr_node1>{-0.769928}</ynbr_node1>
<ynbr_node2>{-1.511673}</ynbr_node2>
<ynbr_node3>{-2.392723}</ynbr_node3>
<ynbr_node4>{-3.362175}</ynbr_node4>
<ynbr_node5>{-4.347656}</ynbr_node5>
<ynbr_node6>{-5.316193}</ynbr_node6>
<ynbr_node7>{-6.220963}</ynbr_node7>
<ynbr_node8>{-7.032738}</ynbr_node8>
<ynbr_node9>{-7.710045}</ynbr_node9>
<ynbr_node10>{-8.228985}</ynbr_node10>
</xagent>
<xagent>
<name>Sporo</name>
<id>35</id>
<iter>101</iter>
<FP>1.000000</FP>
<K0>0.200000</K0>
<TH0>2.941593</TH0>
<R0>0.998334</R0>
<coordx>{59.594109, 59.164555, 58.572979, 57.840523, 56.989460, 56.053669, 55.071621, 54.070362, 53.103874, 52.210934, 51.423531}</coordx>
<coordy>{57.478474, 56.575191, 55.774513, 55.101467, 54.577061, 54.221481, 54.059700, 54.096123, 54.340710, 54.778828, 55.388996}</coordy>
<xnbr_node0>{}</xnbr_node0>
<xnbr_node1>{}</xnbr_node1>
<xnbr_node2>{}</xnbr_node2>
<xnbr_node3>{}</xnbr_node3>
<xnbr_node4>{}</xnbr_node4>
<xnbr_node5>{}</xnbr_node5>
<xnbr_node6>{}</xnbr_node6>
<xnbr_node7>{}</xnbr_node7>
<xnbr_node8>{}</xnbr_node8>
<xnbr_node9>{}</xnbr_node9>
<xnbr_node10>{}</xnbr_node10>
<ynbr_node0>{}</ynbr_node0>
<ynbr_node1>{}</ynbr_node1>
<ynbr_node2>{}</ynbr_node2>
<ynbr_node3>{}</ynbr_node3>
<ynbr_node4>{}</ynbr_node4>
<ynbr_node5>{}</ynbr_node5>
<ynbr_node6>{}</ynbr_node6>
<ynbr_node7>{}</ynbr_node7>
<ynbr_node8>{}</ynbr_node8>
<ynbr_node9>{}</ynbr_node9>
<ynbr_node10>{}</ynbr_node10>
</xagent>
<xagent>
<name>Sporo</name>
<id>34</id>
<iter>101</iter>
<FP>1.000000</FP>
<K0>0.200000</K0>
<TH0>2.941593</TH0>
<R0>0.998334</R0>
<coordx>{45.825871, 45.104382, 44.531422, 44.130531, 43.912796, 43.896046, 44.081635, 44.464878, 45.026314, 45.744625, 46.590412}</coordx>
<coordy>{49.873093, 50.566711, 51.389347, 52.301247, 53.279778, 54.277088, 55.255894, 56.176323, 57.004910, 57.700443, 58.231876}</coordy>
<xnbr_node0>{44.461548}</xnbr_node0>
<xnbr_node1>{45.149204}</xnbr_node1>
<xnbr_node2>{45.675373}</xnbr_node2>
<xnbr_node3>{46.026810}</xnbr_node3>
<xnbr_node4>{46.182388}</xnbr_node4>
<xnbr_node5>{46.137051}</xnbr_node5>
<xnbr_node6>{45.896832}</xnbr_node6>
<xnbr_node7>{45.464779}</xnbr_node7>
<xnbr_node8>{44.855259}</xnbr_node8>
<xnbr_node9>{44.096542}</xnbr_node9>
<xnbr_node10>{43.222294}</xnbr_node10>
<ynbr_node0>{50.142719}</ynbr_node0>
<ynbr_node1>{49.413292}</ynbr_node1>
<ynbr_node2>{48.570686}</ynbr_node2>
<ynbr_node3>{47.632992}</ynbr_node3>
<ynbr_node4>{46.647499}</ynbr_node4>
<ynbr_node5>{45.649677}</ynbr_node5>
<ynbr_node6>{44.679287}</ynbr_node6>
<ynbr_node7>{43.779205}</ynbr_node7>
<ynbr_node8>{42.985977}</ynbr_node8>
<ynbr_node9>{42.334190}</ynbr_node9>
<ynbr_node10>{41.853928}</ynbr_node10>
</xagent>
<xagent>
<name>Sporo</name>
<id>33</id>
<iter>101</iter>
<FP>1.000000</FP>
<K0>0.200000</K0>
<TH0>2.941593</TH0>
<R0>0.998334</R0>
<coordx>{34.085300, 34.798004, 35.369652, 35.783855, 36.021038, 36.063820, 35.913372, 35.561676, 35.033993, 34.341747, 33.514793}</coordx>
<coordy>{60.158218, 59.463036, 58.643997, 57.732464, 56.758793, 55.761890, 54.776459, 53.837170, 52.987076, 52.277966, 51.710411}</coordy>
<xnbr_node0>{30.060745}</xnbr_node0>
<xnbr_node1>{31.012796}</xnbr_node1>
<xnbr_node2>{32.006866}</xnbr_node2>
<xnbr_node3>{32.999897}</xnbr_node3>
<xnbr_node4>{33.962471}</xnbr_node4>
<xnbr_node5>{34.859386}</xnbr_node5>
<xnbr_node6>{35.654495}</xnbr_node6>
<xnbr_node7>{36.310341}</xnbr_node7>
<xnbr_node8>{36.797157}</xnbr_node8>
<xnbr_node9>{37.087799}</xnbr_node9>
<xnbr_node10>{37.171162}</xnbr_node10>
<ynbr_node0>{66.640747}</ynbr_node0>
<ynbr_node1>{66.942154}</ynbr_node1>
<ynbr_node2>{67.061661}</ynbr_node2>
<ynbr_node3>{66.989944}</ynbr_node3>
<ynbr_node4>{66.733177}</ynbr_node4>
<ynbr_node5>{66.295433}</ynbr_node5>
<ynbr_node6>{65.689186}</ynbr_node6>
<ynbr_node7>{64.935120}</ynbr_node7>
<ynbr_node8>{64.063629}</ynbr_node8>
<ynbr_node9>{63.109180}</ynbr_node9>
<ynbr_node10>{62.116116}</ynbr_node10>
</xagent>
<xagent>
<name>Sporo</name>
<id>32</id>
<iter>101</iter>
<FP>1.000000</FP>
<K0>0.200000</K0>
<TH0>2.941593</TH0>
<R0>0.998334</R0>
<coordx>{21.288708, 22.276152, 23.222902, 24.089464, 24.843582, 25.453672, 25.893837, 26.142523, 26.191036, 26.032181, 25.679779}</coordx>
<coordy>{58.654785, 58.516808, 58.187637, 57.689228, 57.032951, 56.243504, 55.343216, 54.378525, 53.383698, 52.399593, 51.470627}</coordy>
<xnbr_node0>{}</xnbr_node0>
<xnbr_node1>{}</xnbr_node1>
<xnbr_node2>{}</xnbr_node2>
<xnbr_node3>{}</xnbr_node3>
<xnbr_node4>{}</xnbr_node4>
<xnbr_node5>{}</xnbr_node5>
<xnbr_node6>{}</xnbr_node6>
<xnbr_node7>{}</xnbr_node7>
<xnbr_node8>{}</xnbr_node8>
<xnbr_node9>{}</xnbr_node9>
<xnbr_node10>{}</xnbr_node10>
<ynbr_node0>{}</ynbr_node0>
<ynbr_node1>{}</ynbr_node1>
<ynbr_node2>{}</ynbr_node2>
<ynbr_node3>{}</ynbr_node3>
<ynbr_node4>{}</ynbr_node4>
<ynbr_node5>{}</ynbr_node5>
<ynbr_node6>{}</ynbr_node6>
<ynbr_node7>{}</ynbr_node7>
<ynbr_node8>{}</ynbr_node8>
<ynbr_node9>{}</ynbr_node9>
<ynbr_node10>{}</ynbr_node10>
</xagent>
<xagent>
<name>Sporo</name>
<id>31</id>
<iter>101</iter>
<FP>1.000000</FP>
<K0>0.200000</K0>
<TH0>2.941593</TH0>
<R0>0.998334</R0>
<coordx>{9.859813, 10.763057, 11.725069, 12.719730, 13.711566, 14.663884, 15.534323, 16.289982, 16.896078, 17.325434, 17.567322}</coordx>
<coordy>{55.916306, 56.347614, 56.608425, 56.682312, 56.566666, 56.261276, 55.779613, 55.131344, 54.338776, 53.436596, 52.469288}</coordy>
<xnbr_node0>{}</xnbr_node0>
<xnbr_node1>{}</xnbr_node1>
<xnbr_node2>{}</xnbr_node2>
<xnbr_node3>{}</xnbr_node3>
<xnbr_node4>{}</xnbr_node4>
<xnbr_node5>{}</xnbr_node5>
<xnbr_node6>{}</xnbr_node6>
<xnbr_node7>{}</xnbr_node7>
<xnbr_node8>{}</xnbr_node8>
<xnbr_node9>{}</xnbr_node9>
<xnbr_node10>{}</xnbr_node10>
<ynbr_node0>{}</ynbr_node0>
<ynbr_node1>{}</ynbr_node1>
<ynbr_node2>{}</ynbr_node2>
<ynbr_node3>{}</ynbr_node3>
<ynbr_node4>{}</ynbr_node4>
<ynbr_node5>{}</ynbr_node5>
<ynbr_node6>{}</ynbr_node6>
<ynbr_node7>{}</ynbr_node7>
<ynbr_node8>{}</ynbr_node8>
<ynbr_node9>{}</ynbr_node9>
<ynbr_node10>{}</ynbr_node10>
</xagent>
<xagent>
<name>Sporo</name>
<id>30</id>
<iter>101</iter>
<FP>1.000000</FP>
<K0>0.200000</K0>
<TH0>2.941593</TH0>
<R0>0.998334</R0>
<coordx>{4.087447, 4.897294, 5.549296, 5.986774, 6.188038, 6.163152, 5.938354, 5.528761, 4.952015, 4.225556, 3.373118}</coordx>
<coordy>{59.817276, 59.238388, 58.496319, 57.614635, 56.648773, 55.661797, 54.690842, 53.785069, 52.977913, 52.299816, 51.777340}</coordy>
<xnbr_node0>{4.791262}</xnbr_node0>
<xnbr_node1>{4.152320}</xnbr_node1>
<xnbr_node2>{3.701591}</xnbr_node2>
<xnbr_node3>{3.483235}</xnbr_node3>
<xnbr_node4>{3.499918}</xnbr_node4>
<xnbr_node5>{3.729409}</xnbr_node5>
<xnbr_node6>{4.145080}</xnbr_node6>
<xnbr_node7>{4.725307}</xnbr_node7>
<xnbr_node8>{5.454271}</xnbr_node8>
<xnbr_node9>{6.301776}</xnbr_node9>
<xnbr_node10>{7.240172}</xnbr_node10>
<ynbr_node0>{60.059856}</ynbr_node0>
<ynbr_node1>{60.813499}</ynbr_node1>
<ynbr_node2>{61.693542}</ynbr_node2>
<ynbr_node3>{62.651974}</ynbr_node3>
<ynbr_node4>{63.637688}</ynbr_node4>
<ynbr_node5>{64.600723}</ynbr_node5>
<ynbr_node6>{65.502243}</ynbr_node6>
<ynbr_node7>{66.309883}</ynbr_node7>
<ynbr_node8>{66.986420}</ynbr_node8>
<ynbr_node9>{67.498276}</ynbr_node9>
<ynbr_node10>{67.836861}</ynbr_node10>
</xagent>
<xagent>
<name>Sporo</name>
<id>29</id>
<iter>101</iter>
<FP>1.000000</FP>
<K0>0.200000</K0>
<TH0>2.941593</TH0>
<R0>0.998334</R0>
<coordx>{49.793530, 50.635555, 51.568336, 52.551647, 53.548996, 54.529240, 55.447445, 56.270813, 56.954567, 57.476082, 57.811852}</coordx>
<coordy>{45.375443, 45.907997, 46.266727, 46.441788, 46.428020, 46.219677, 45.826698, 45.261909, 44.537235, 43.686871, 42.744919}</coordy>
<xnbr_node0>{}</xnbr_node0>
<xnbr_node1>{}</xnbr_node1>
<xnbr_node2>{}</xnbr_node2>
<xnbr_node3>{}</xnbr_node3>
<xnbr_node4>{}</xnbr_node4>
<xnbr_node5>{}</xnbr_node5>
<xnbr_node6>{}</xnbr_node6>
<xnbr_node7>{}</xnbr_node7>
<xnbr_node8>{}</xnbr_node8>
<xnbr_node9>{}</xnbr_node9>
<xnbr_node10>{}</xnbr_node10>
<ynbr_node0>{}</ynbr_node0>
<ynbr_node1>{}</ynbr_node1>
<ynbr_node2>{}</ynbr_node2>
<ynbr_node3>{}</ynbr_node3>
<ynbr_node4>{}</ynbr_node4>
<ynbr_node5>{}</ynbr_node5>
<ynbr_node6>{}</ynbr_node6>
<ynbr_node7>{}</ynbr_node7>
<ynbr_node8>{}</ynbr_node8>
<ynbr_node9>{}</ynbr_node9>
<ynbr_node10>{}</ynbr_node10>
</xagent>
<xagent>
<name>Sporo</name>
<id>28</id>
<iter>101</iter>
<FP>1.000000</FP>
<K0>0.200000</K0>
<TH0>2.941593</TH0>
<R0>0.998334</R0>
<coordx>{44.454479, 45.142662, 45.671532, 46.027897, 46.181202, 46.140339, 45.900032, 45.468674, 44.863468, 44.103249, 43.227951}</coordx>
<coordy>{50.146309, 49.425003, 48.576599, 47.646793, 46.657089, 45.659447, 44.686974, 43.787533, 42.991245, 42.343716, 41.857109}</coordy>
<xnbr_node0>{45.819363}</xnbr_node0>
<xnbr_node1>{45.099953}</xnbr_node1>
<xnbr_node2>{44.526169}</xnbr_node2>
<xnbr_node3>{44.126522}</xnbr_node3>
<xnbr_node4>{43.913586}</xnbr_node4>
<xnbr_node5>{43.897682}</xnbr_node5>
<xnbr_node6>{44.087116}</xnbr_node6>
<xnbr_node7>{44.468670}</xnbr_node7>
<xnbr_node8>{45.032528}</xnbr_node8>
<xnbr_node9>{45.754330}</xnbr_node9>
<xnbr_node10>{46.599289}</xnbr_node10>
<ynbr_node0>{49.876976}</ynbr_node0>
<ynbr_node1>{50.575008}</ynbr_node1>
<ynbr_node2>{51.397289}</ynbr_node2>
<ynbr_node3>{52.311367}</ynbr_node3>
<ynbr_node4>{53.287601}</ynbr_node4>
<ynbr_node5>{54.287529}</ynbr_node5>
<ynbr_node6>{55.264782}</ynbr_node6>
<ynbr_node7>{56.184216}</ynbr_node7>
<ynbr_node8>{57.011677}</ynbr_node8>
<ynbr_node9>{57.707642}</ynbr_node9>
<ynbr_node10>{58.236263}</ynbr_node10>
</xagent>
<xagent>
<name>Sporo</name>
<id>27</id>
<iter>101</iter>
<FP>1.000000</FP>
<K0>0.200000</K0>
<TH0>2.941593</TH0>
<R0>0.998334</R0>
<coordx>{36.175274, 35.415287, 34.796219, 34.338932, 34.054909, 33.966160, 34.073967, 34.374458, 34.862137, 35.517040, 36.313324}</coordx>
<coordy>{39.915581, 40.564140, 41.350426, 42.236958, 43.199478, 44.197765, 45.188313, 46.137981, 47.010807, 47.762512, 48.359520}</coordy>
<xnbr_node0>{}</xnbr_node0>
<xnbr_node1>{}</xnbr_node1>
<xnbr_node2>{}</xnbr_node2>
<xnbr_node3>{}</xnbr_node3>
<xnbr_node4>{}</xnbr_node4>
<xnbr_node5>{}</xnbr_node5>
<xnbr_node6>{}</xnbr_node6>
<xnbr_node7>{}</xnbr_node7>
<xnbr_node8>{}</xnbr_node8>
<xnbr_node9>{}</xnbr_node9>
<xnbr_node10>{}</xnbr_node10>
<ynbr_node0>{}</ynbr_node0>
<ynbr_node1>{}</ynbr_node1>
<ynbr_node2>{}</ynbr_node2>
<ynbr_node3>{}</ynbr_node3>
<ynbr_node4>{}</ynbr_node4>
<ynbr_node5>{}</ynbr_node5>
<ynbr_node6>{}</ynbr_node6>
<ynbr_node7>{}</ynbr_node7>
<ynbr_node8>{}</ynbr_node8>
<ynbr_node9>{}</ynbr_node9>
<ynbr_node10>{}</ynbr_node10>
</xagent>
<xagent>
<name>Sporo</name>
<id>26</id>
<iter>101</iter>
<FP>1.000000</FP>
<K0>0.200000</K0>
<TH0>2.941593</TH0>
<R0>0.998334</R0>
<coordx>{20.026648, 20.611534, 21.340761, 22.186991, 23.115532, 24.094351, 25.094650, 26.071466, 26.977942, 27.780132, 28.444128}</coordx>
<coordy>{43.384876, 44.197124, 44.877617, 45.413250, 45.780819, 45.955830, 45.941925, 45.723927, 45.302647, 44.709824, 43.965584}</coordy>
<xnbr_node0>{}</xnbr_node0>
<xnbr_node1>{}</xnbr_node1>
<xnbr_node2>{}</xnbr_node2>
<xnbr_node3>{}</xnbr_node3>
<xnbr_node4>{}</xnbr_node4>
<xnbr_node5>{}</xnbr_node5>
<xnbr_node6>{}</xnbr_node6>
<xnbr_node7>{}</xnbr_node7>
<xnbr_node8>{}</xnbr_node8>
<xnbr_node9>{}</xnbr_node9>
<xnbr_node10>{}</xnbr_node10>
<ynbr_node0>{}</ynbr_node0>
<ynbr_node1>{}</ynbr_node1>
<ynbr_node2>{}</ynbr_node2>
<ynbr_node3>{}</ynbr_node3>
<ynbr_node4>{}</ynbr_node4>
<ynbr_node5>{}</ynbr_node5>
<ynbr_node6>{}</ynbr_node6>
<ynbr_node7>{}</ynbr_node7>
<ynbr_node8>{}</ynbr_node8>
<ynbr_node9>{}</ynbr_node9>
<ynbr_node10>{}</ynbr_node10>
</xagent>
<xagent>
<name>Sporo</name>
<id>25</id>
<iter>101</iter>
<FP>1.000000</FP>
<K0>0.200000</K0>
<TH0>2.941593</TH0>
<R0>0.998334</R0>
<coordx>{9.792740, 10.640466, 11.571833, 12.555289, 13.552143, 14.529952, 15.444865, 16.263485, 16.946157, 17.466118, 17.800611}</coordx>
<coordy>{45.390324, 45.921871, 46.281181, 46.455921, 46.434837, 46.226391, 45.831551, 45.256592, 44.528942, 43.678879, 42.735874}</coordy>
<xnbr_node0>{-0.052763}</xnbr_node0>
<xnbr_node1>{0.587402}</xnbr_node1>
<xnbr_node2>{1.370108}</xnbr_node2>
<xnbr_node3>{2.247102}</xnbr_node3>
<xnbr_node4>{3.198741}</xnbr_node4>
<xnbr_node5>{4.194089}</xnbr_node5>
<xnbr_node6>{5.185658}</xnbr_node6>
<xnbr_node7>{6.138602}</xnbr_node7>
<xnbr_node8>{7.014166}</xnbr_node8>
<xnbr_node9>{7.768018}</xnbr_node9>
<xnbr_node10>{8.368783}</xnbr_node10>
<ynbr_node0>{43.748096}</ynbr_node0>
<ynbr_node1>{44.515697}</ynbr_node1>
<ynbr_node2>{45.144669}</ynbr_node2>
<ynbr_node3>{45.615944}</ynbr_node3>
<ynbr_node4>{45.911968}</ynbr_node4>
<ynbr_node5>{46.015350}</ynbr_node5>
<ynbr_node6>{45.924263}</ynbr_node6>
<ynbr_node7>{45.635750}</ynbr_node7>
<ynbr_node8>{45.158253}</ynbr_node8>
<ynbr_node9>{44.506252}</ynbr_node9>
<ynbr_node10>{43.714668}</ynbr_node10>
</xagent>
<xagent>
<name>Sporo</name>
<id>24</id>
<iter>101</iter>
<FP>1.000000</FP>
<K0>0.200000</K0>
<TH0>2.941593</TH0>
<R0>0.998334</R0>
<coordx>{-0.058726, 0.581156, 1.360194, 2.238077, 3.186979, 4.183490, 5.179275, 6.131833, 7.002220, 7.760491, 8.365628}</coordx>
<coordy>{43.740452, 44.507938, 45.139591, 45.613255, 45.909927, 46.016056, 45.926029, 45.639339, 45.164886, 44.514462, 43.721882}</coordy>
<xnbr_node0>{9.801409}</xnbr_node0>
<xnbr_node1>{10.649895}</xnbr_node1>
<xnbr_node2>{11.582415}</xnbr_node2>
<xnbr_node3>{12.565413}</xnbr_node3>
<xnbr_node4>{13.561029}</xnbr_node4>
<xnbr_node5>{14.540299}</xnbr_node5>
<xnbr_node6>{15.451988}</xnbr_node6>
<xnbr_node7>{16.271368}</xnbr_node7>
<xnbr_node8>{16.954033}</xnbr_node8>
<xnbr_node9>{17.473036}</xnbr_node9>
<xnbr_node10>{17.804173}</xnbr_node10>
<ynbr_node0>{45.396736}</ynbr_node0>
<ynbr_node1>{45.926735}</ynbr_node1>
<ynbr_node2>{46.283886}</ynbr_node2>
<ynbr_node3>{46.456482}</ynbr_node3>
<ynbr_node4>{46.433754}</ynbr_node4>
<ynbr_node5>{46.223434}</ynbr_node5>
<ynbr_node6>{45.825100}</ynbr_node6>
<ynbr_node7>{45.251503}</ynbr_node7>
<ynbr_node8>{44.519417}</ynbr_node8>
<ynbr_node9>{43.669598}</ynbr_node9>
<ynbr_node10>{42.728085}</ynbr_node10>
</xagent>
<xagent>
<name>Sporo</name>
<id>23</id>
<iter>101</iter>
<FP>1.000000</FP>
<K0>0.200000</K0>
<TH0>2.941593</TH0>
<R0>0.998334</R0>
<coordx>{59.187553, 58.893353, 58.428017, 57.798618, 57.040287, 56.168747, 55.222473, 54.227848, 53.232269, 52.279831, 51.403862}</coordx>
<coordy>{38.151455, 37.197117, 36.313778, 35.537113, 34.886898, 34.396961, 34.089577, 33.978405, 34.064793, 34.357792, 34.840557}</coordy>
<xnbr_node0>{}</xnbr_node0>
<xnbr_node1>{}</xnbr_node1>
<xnbr_node2>{}</xnbr_node2>
<xnbr_node3>{}</xnbr_node3>
<xnbr_node4>{}</xnbr_node4>
<xnbr_node5>{}</xnbr_node5>
<xnbr_node6>{}</xnbr_node6>
<xnbr_node7>{}</xnbr_node7>
<xnbr_node8>{}</xnbr_node8>
<xnbr_node9>{}</xnbr_node9>
<xnbr_node10>{}</xnbr_node10>
<ynbr_node0>{}</ynbr_node0>
<ynbr_node1>{}</ynbr_node1>
<ynbr_node2>{}</ynbr_node2>
<ynbr_node3>{}</ynbr_node3>
<ynbr_node4>{}</ynbr_node4>
<ynbr_node5>{}</ynbr_node5>
<ynbr_node6>{}</ynbr_node6>
<ynbr_node7>{}</ynbr_node7>
<ynbr_node8>{}</ynbr_node8>
<ynbr_node9>{}</ynbr_node9>
<ynbr_node10>{}</ynbr_node10>
</xagent>
<xagent>
<name>Sporo</name>
<id>22</id>
<iter>101</iter>
<FP>1.000000</FP>
<K0>0.200000</K0>
<TH0>2.941593</TH0>
<R0>0.998334</R0>
<coordx>{39.794945, 40.594067, 41.487164, 42.454647, 43.448673, 44.438431, 45.382710, 46.241825, 46.979210, 47.569252, 47.975571}</coordx>
<coordy>{34.942059, 35.541859, 35.981396, 36.241344, 36.310661, 36.185421, 35.865993, 35.364815, 34.697247, 33.891022, 32.979671}</coordy>
<xnbr_node0>{30.239880}</xnbr_node0>
<xnbr_node1>{30.735764}</xnbr_node1>
<xnbr_node2>{31.390802}</xnbr_node2>
<xnbr_node3>{32.177288}</xnbr_node3>
<xnbr_node4>{33.063732}</xnbr_node4>
<xnbr_node5>{34.022495}</xnbr_node5>
<xnbr_node6>{35.014519}</xnbr_node6>
<xnbr_node7>{36.003586}</xnbr_node7>
<xnbr_node8>{36.947914}</xnbr_node8>
<xnbr_node9>{37.805882}</xnbr_node9>
<xnbr_node10>{38.537495}</xnbr_node10>
<ynbr_node0>{32.895359}</ynbr_node0>
<ynbr_node1>{33.762367}</ynbr_node1>
<ynbr_node2>{34.520348}</ynbr_node2>
<ynbr_node3>{35.141487}</ynbr_node3>
<ynbr_node4>{35.598690}</ynbr_node4>
<ynbr_node5>{35.876629}</ynbr_node5>
<ynbr_node6>{35.952904}</ynbr_node6>
<ynbr_node7>{35.827393}</ynbr_node7>
<ynbr_node8>{35.507355}</ynbr_node8>
<ynbr_node9>{34.994232}</ynbr_node9>
<ynbr_node10>{34.314770}</ynbr_node10>
</xagent>
<xagent>
<name>Sporo</name>
<id>21</id>
<iter>101</iter>
<FP>1.000000</FP>
<K0>0.200000</K0>
<TH0>2.941593</TH0>
<R0>0.998334</R0>
<coordx>{30.235460, 30.729961, 31.381702, 32.167683, 33.053955, 34.012684, 35.005566, 35.994236, 36.940117, 37.795261, 38.530685}</coordx>
<coordy>{32.887375, 33.755413, 34.514328, 35.134892, 35.593853, 35.874401, 35.952316, 35.830540, 35.510235, 35.001675, 34.322281}</coordy>
<xnbr_node0>{39.801762}</xnbr_node0>
<xnbr_node1>{40.600910}</xnbr_node1>
<xnbr_node2>{41.496037}</xnbr_node2>
<xnbr_node3>{42.465488}</xnbr_node3>
<xnbr_node4>{43.459427}</xnbr_node4>
<xnbr_node5>{44.448048}</xnbr_node5>
<xnbr_node6>{45.391529}</xnbr_node6>
<xnbr_node7>{46.251915}</xnbr_node7>
<xnbr_node8>{46.988827}</xnbr_node8>
<xnbr_node9>{47.575409}</xnbr_node9>
<xnbr_node10>{47.979507}</xnbr_node10>
<ynbr_node0>{34.947941}</ynbr_node0>
<ynbr_node1>{35.548481}</ynbr_node1>
<ynbr_node2>{35.985535}</ynbr_node2>
<ynbr_node3>{36.243366}</ynbr_node3>
<ynbr_node4>{36.308750}</ynbr_node4>
<ynbr_node5>{36.182507}</ynbr_node5>
<ynbr_node6>{35.862644}</ynbr_node6>
<ynbr_node7>{35.358089}</ynbr_node7>
<ynbr_node8>{34.689293}</ynbr_node8>
<ynbr_node9>{33.882954}</ynbr_node9>
<ynbr_node10>{32.973644}</ynbr_node10>
</xagent>
<xagent>
<name>Sporo</name>
<id>20</id>
<iter>101</iter>
<FP>1.000000</FP>
<K0>0.200000</K0>
<TH0>2.941593</TH0>
<R0>0.998334</R0>
<coordx>{28.135319, 27.184172, 26.303305, 25.528219, 24.880898, 24.389914, 24.076969, 23.970078, 24.071690, 24.376057, 24.867682}</coordx>
<coordy>{30.818399, 31.115126, 31.586435, 32.215809, 32.979931, 33.850010, 34.799843, 35.789238, 36.784760, 37.732471, 38.600174}</coordy>
<xnbr_node0>{}</xnbr_node0>
<xnbr_node1>{}</xnbr_node1>
<xnbr_node2>{}</xnbr_node2>
<xnbr_node3>{}</xnbr_node3>
<xnbr_node4>{}</xnbr_node4>
<xnbr_node5>{}</xnbr_node5>
<xnbr_node6>{}</xnbr_node6>
<xnbr_node7>{}</xnbr_node7>
<xnbr_node8>{}</xnbr_node8>
<xnbr_node9>{}</xnbr_node9>
<xnbr_node10>{}</xnbr_node10>
<ynbr_node0>{}</ynbr_node0>
<ynbr_node1>{}</ynbr_node1>
<ynbr_node2>{}</ynbr_node2>
<ynbr_node3>{}</ynbr_node3>
<ynbr_node4>{}</ynbr_node4>
<ynbr_node5>{}</ynbr_node5>
<ynbr_node6>{}</ynbr_node6>
<ynbr_node7>{}</ynbr_node7>
<ynbr_node8>{}</ynbr_node8>
<ynbr_node9>{}</ynbr_node9>
<ynbr_node10>{}</ynbr_node10>
</xagent>
<xagent>
<name>Sporo</name>
<id>19</id>
<iter>101</iter>
<FP>1.000000</FP>
<K0>0.200000</K0>
<TH0>2.941593</TH0>
<R0>0.998334</R0>
<coordx>{19.540878, 18.546280, 17.554991, 16.589706, 15.696923, 14.897738, 14.241223, 13.750976, 13.439250, 13.332604, 13.433850}</coordx>
<coordy>{32.435795, 32.318745, 32.388142, 32.647518, 33.086872, 33.690552, 34.441776, 35.312561, 36.259388, 37.250381, 38.243305}</coordy>
<xnbr_node0>{}</xnbr_node0>
<xnbr_node1>{}</xnbr_node1>
<xnbr_node2>{}</xnbr_node2>
<xnbr_node3>{}</xnbr_node3>
<xnbr_node4>{}</xnbr_node4>
<xnbr_node5>{}</xnbr_node5>
<xnbr_node6>{}</xnbr_node6>
<xnbr_node7>{}</xnbr_node7>
<xnbr_node8>{}</xnbr_node8>
<xnbr_node9>{}</xnbr_node9>
<xnbr_node10>{}</xnbr_node10>
<ynbr_node0>{}</ynbr_node0>
<ynbr_node1>{}</ynbr_node1>
<ynbr_node2>{}</ynbr_node2>
<ynbr_node3>{}</ynbr_node3>
<ynbr_node4>{}</ynbr_node4>
<ynbr_node5>{}</ynbr_node5>
<ynbr_node6>{}</ynbr_node6>
<ynbr_node7>{}</ynbr_node7>
<ynbr_node8>{}</ynbr_node8>
<ynbr_node9>{}</ynbr_node9>
<ynbr_node10>{}</ynbr_node10>
</xagent>
<xagent>
<name>Sporo</name>
<id>18</id>
<iter>101</iter>
<FP>1.000000</FP>
<K0>0.200000</K0>
<TH0>2.941593</TH0>
<R0>0.998334</R0>
<coordx>{7.021239, 6.168800, 5.427189, 4.829674, 4.395780, 4.133276, 4.063677, 4.194100, 4.526596, 5.048259, 5.735303}</coordx>
<coordy>{30.171015, 30.688871, 31.357553, 32.159103, 33.056599, 34.021442, 35.015903, 36.006920, 36.947239, 37.796638, 38.524303}</coordy>
<xnbr_node0>{6.120345}</xnbr_node0>
<xnbr_node1>{5.372160}</xnbr_node1>
<xnbr_node2>{4.769017}</xnbr_node2>
<xnbr_node3>{4.322577}</xnbr_node3>
<xnbr_node4>{4.053195}</xnbr_node4>
<xnbr_node5>{3.971705}</xnbr_node5>
<xnbr_node6>{4.082788}</xnbr_node6>
<xnbr_node7>{4.394502}</xnbr_node7>
<xnbr_node8>{4.894537}</xnbr_node8>
<xnbr_node9>{5.559640}</xnbr_node9>
<xnbr_node10>{6.369425}</xnbr_node10>
<ynbr_node0>{19.898651}</ynbr_node0>
<ynbr_node1>{20.561550}</ynbr_node1>
<ynbr_node2>{21.354597}</ynbr_node2>
<ynbr_node3>{22.249443}</ynbr_node3>
<ynbr_node4>{23.214394}</ynbr_node4>
<ynbr_node5>{24.204792}</ynbr_node5>
<ynbr_node6>{25.199108}</ynbr_node6>
<ynbr_node7>{26.145502}</ynbr_node7>
<ynbr_node8>{27.011934}</ynbr_node8>
<ynbr_node9>{27.753134}</ynbr_node9>
<ynbr_node10>{28.339645}</ynbr_node10>
</xagent>
<xagent>
<name>Sporo</name>
<id>17</id>
<iter>101</iter>
<FP>1.000000</FP>
<K0>0.200000</K0>
<TH0>2.941593</TH0>
<R0>0.998334</R0>
<coordx>{59.270210, 58.954998, 58.458046, 57.810997, 57.027370, 56.139580, 55.183479, 54.187458, 53.201267, 52.260113, 51.404613}</coordx>
<coordy>{28.004105, 27.049768, 26.187763, 25.425787, 24.806612, 24.349724, 24.074213, 23.992937, 24.122644, 24.453571, 24.968027}</coordy>
<xnbr_node0>{}</xnbr_node0>
<xnbr_node1>{}</xnbr_node1>
<xnbr_node2>{}</xnbr_node2>
<xnbr_node3>{}</xnbr_node3>
<xnbr_node4>{}</xnbr_node4>
<xnbr_node5>{}</xnbr_node5>
<xnbr_node6>{}</xnbr_node6>
<xnbr_node7>{}</xnbr_node7>
<xnbr_node8>{}</xnbr_node8>
<xnbr_node9>{}</xnbr_node9>
<xnbr_node10>{}</xnbr_node10>
<ynbr_node0>{}</ynbr_node0>
<ynbr_node1>{}</ynbr_node1>
<ynbr_node2>{}</ynbr_node2>
<ynbr_node3>{}</ynbr_node3>
<ynbr_node4>{}</ynbr_node4>
<ynbr_node5>{}</ynbr_node5>
<ynbr_node6>{}</ynbr_node6>
<ynbr_node7>{}</ynbr_node7>
<ynbr_node8>{}</ynbr_node8>
<ynbr_node9>{}</ynbr_node9>
<ynbr_node10>{}</ynbr_node10>
</xagent>
<xagent>
<name>Sporo</name>
<id>16</id>
<iter>101</iter>
<FP>1.000000</FP>
<K0>0.200000</K0>
<TH0>2.941593</TH0>
<R0>0.998334</R0>
<coordx>{40.613228, 41.606815, 42.594650, 43.539700, 44.406921, 45.170013, 45.780281, 46.230106, 46.485081, 46.536785, 46.387817}</coordx>
<coordy>{27.824549, 27.884384, 27.749384, 27.430641, 26.937141, 26.285908, 25.504932, 24.611099, 23.648401, 22.653410, 21.668163}</coordy>
<xnbr_node0>{40.079918}</xnbr_node0>
<xnbr_node1>{39.420887}</xnbr_node1>
<xnbr_node2>{38.632397}</xnbr_node2>
<xnbr_node3>{37.743813}</xnbr_node3>
<xnbr_node4>{36.784363}</xnbr_node4>
<xnbr_node5>{35.784901}</xnbr_node5>
<xnbr_node6>{34.794071}</xnbr_node6>
<xnbr_node7>{33.843510}</xnbr_node7>
<xnbr_node8>{32.982384}</xnbr_node8>
<xnbr_node9>{32.241653}</xnbr_node9>
<xnbr_node10>{31.655621}</xnbr_node10>
<ynbr_node0>{26.145683}</ynbr_node0>
<ynbr_node1>{25.393230}</ynbr_node1>
<ynbr_node2>{24.778177}</ynbr_node2>
<ynbr_node3>{24.324951}</ynbr_node3>
<ynbr_node4>{24.048464}</ynbr_node4>
<ynbr_node5>{23.961535}</ynbr_node5>
<ynbr_node6>{24.066917}</ynbr_node6>
<ynbr_node7>{24.372799}</ynbr_node7>
<ynbr_node8>{24.871092}</ynbr_node8>
<ynbr_node9>{25.541361}</ynbr_node9>
<ynbr_node10>{26.346252}</ynbr_node10>
</xagent>
<xagent>
<name>Sporo</name>
<id>15</id>
<iter>101</iter>
<FP>1.000000</FP>
<K0>0.200000</K0>
<TH0>2.941593</TH0>
<R0>0.998334</R0>
<coordx>{40.085339, 39.429523, 38.642117, 37.751186, 36.793999, 35.795982, 34.804123, 33.853241, 32.990154, 32.249184, 31.661724}</coordx>
<coordy>{26.154860, 25.398932, 24.784882, 24.329119, 24.050426, 23.961113, 24.064682, 24.369320, 24.865301, 25.532932, 26.338026}</coordy>
<xnbr_node0>{40.625618}</xnbr_node0>
<xnbr_node1>{41.616447}</xnbr_node1>
<xnbr_node2>{42.602699}</xnbr_node2>
<xnbr_node3>{43.548855}</xnbr_node3>
<xnbr_node4>{44.418270}</xnbr_node4>
<xnbr_node5>{45.172432}</xnbr_node5>
<xnbr_node6>{45.785755}</xnbr_node6>
<xnbr_node7>{46.234894}</xnbr_node7>
<xnbr_node8>{46.486721}</xnbr_node8>
<xnbr_node9>{46.535778}</xnbr_node9>
<xnbr_node10>{46.388287}</xnbr_node10>
<ynbr_node0>{27.826252}</ynbr_node0>
<ynbr_node1>{27.881521}</ynbr_node1>
<ynbr_node2>{27.747437}</ynbr_node2>
<ynbr_node3>{27.426620}</ynbr_node3>
<ynbr_node4>{26.932713}</ynbr_node4>
<ynbr_node5>{26.281433}</ynbr_node5>
<ynbr_node6>{25.494596}</ynbr_node6>
<ynbr_node7>{24.601519}</ynbr_node7>
<ynbr_node8>{23.638947}</ynbr_node8>
<ynbr_node9>{22.641760}</ynbr_node9>
<ynbr_node10>{21.661287}</ynbr_node10>
</xagent>
<xagent>
<name>Sporo</name>
<id>14</id>
<iter>101</iter>
<FP>1.000000</FP>
<K0>0.200000</K0>
<TH0>2.941593</TH0>
<R0>0.998334</R0>
<coordx>{20.481842, 21.474127, 22.468279, 23.430721, 24.322971, 25.114666, 25.769333, 26.258257, 26.560392, 26.655949, 26.551056}</coordx>
<coordy>{27.603033, 27.714102, 27.630096, 27.360703, 26.913269, 26.303049, 25.550224, 24.681641, 23.732151, 22.738022, 21.743387}</coordy>
<xnbr_node0>{19.463131}</xnbr_node0>
<xnbr_node1>{18.468971}</xnbr_node1>
<xnbr_node2>{17.479788}</xnbr_node2>
<xnbr_node3>{16.523232}</xnbr_node3>
<xnbr_node4>{15.640512}</xnbr_node4>
<xnbr_node5>{14.861620}</xnbr_node5>
<xnbr_node6>{14.223707}</xnbr_node6>
<xnbr_node7>{13.752392}</xnbr_node7>
<xnbr_node8>{13.466066}</xnbr_node8>
<xnbr_node9>{13.383844}</xnbr_node9>
<xnbr_node10>{13.510659}</xnbr_node10>
<ynbr_node0>{22.311958}</ynbr_node0>
<ynbr_node1>{22.222208}</ynbr_node1>
<ynbr_node2>{22.321989}</ynbr_node2>
<ynbr_node3>{22.607941}</ynbr_node3>
<ynbr_node4>{23.069366}</ynbr_node4>
<ynbr_node5>{23.693727}</ynbr_node5>
<ynbr_node6>{24.462261}</ynbr_node6>
<ynbr_node7>{25.338110}</ynbr_node7>
<ynbr_node8>{26.294117}</ynbr_node8>
<ynbr_node9>{27.290272}</ynbr_node9>
<ynbr_node10>{28.284237}</ynbr_node10>
</xagent>
<xagent>
<name>Sporo</name>
<id>13</id>
<iter>101</iter>
<FP>1.000000</FP>
<K0>0.200000</K0>
<TH0>2.941593</TH0>
<R0>0.998334</R0>
<coordx>{19.473637, 18.479847, 17.488073, 16.533363, 15.646299, 14.872718, 14.228485, 13.753074, 13.469318, 13.386710, 13.510651}</coordx>
<coordy>{22.309603, 22.222666, 22.321920, 22.603748, 23.059820, 23.686863, 24.452517, 25.326258, 26.284405, 27.283630, 28.274206}</coordy>
<xnbr_node0>{20.492241}</xnbr_node0>
<xnbr_node1>{21.483421}</xnbr_node1>
<xnbr_node2>{22.477312}</xnbr_node2>
<xnbr_node3>{23.440378}</xnbr_node3>
<xnbr_node4>{24.331282}</xnbr_node4>
<xnbr_node5>{25.122139}</xnbr_node5>
<xnbr_node6>{25.775316}</xnbr_node6>
<xnbr_node7>{26.261763}</xnbr_node7>
<xnbr_node8>{26.562742}</xnbr_node8>
<xnbr_node9>{26.655605}</xnbr_node9>
<xnbr_node10>{26.546566}</xnbr_node10>
<ynbr_node0>{27.605009}</ynbr_node0>
<ynbr_node1>{27.712570}</ynbr_node1>
<ynbr_node2>{27.627991}</ynbr_node2>
<ynbr_node3>{27.357100}</ynbr_node3>
<ynbr_node4>{26.908117}</ynbr_node4>
<ynbr_node5>{26.295881}</ynbr_node5>
<ynbr_node6>{25.542822}</ynbr_node6>
<ynbr_node7>{24.671343}</ynbr_node7>
<ynbr_node8>{23.722399}</ynbr_node8>
<ynbr_node9>{22.728685}</ynbr_node9>
<ynbr_node10>{21.735540}</ynbr_node10>
</xagent>
<xagent>
<name>Sporo</name>
<id>12</id>
<iter>101</iter>
<FP>1.000000</FP>
<K0>0.200000</K0>
<TH0>2.941593</TH0>
<R0>0.998334</R0>
<coordx>{6.127880, 5.379655, 4.773727, 4.328256, 4.054943, 3.971702, 4.078856, 4.388367, 4.887074, 5.554420, 6.361884}</coordx>
<coordy>{19.890137, 20.553968, 21.347330, 22.239901, 23.205135, 24.196762, 25.188875, 26.136938, 27.004656, 27.748011, 28.334595}</coordy>
<xnbr_node0>{7.013554, 8.859015}</xnbr_node0>
<xnbr_node1>{6.162526, 7.866848}</xnbr_node1>
<xnbr_node2>{5.418426, 6.906175}</xnbr_node2>
<xnbr_node3>{4.827399, 6.025895}</xnbr_node3>
<xnbr_node4>{4.388100, 5.247577}</xnbr_node4>
<xnbr_node5>{4.132655, 4.605649}</xnbr_node5>
<xnbr_node6>{4.063173, 4.124218}</xnbr_node6>
<xnbr_node7>{4.196958, 3.837548}</xnbr_node7>
<xnbr_node8>{4.531658, 3.751893}</xnbr_node8>
<xnbr_node9>{5.053745, 3.871394}</xnbr_node9>
<xnbr_node10>{5.742620, 4.186530}</xnbr_node10>
<ynbr_node0>{30.177879, 11.495887}</ynbr_node0>
<ynbr_node1>{30.695511, 11.604033}</ynbr_node1>
<ynbr_node2>{31.365002, 11.892147}</ynbr_node2>
<ynbr_node3>{32.167988, 12.362023}</ynbr_node3>
<ynbr_node4>{33.068424, 12.985964}</ynbr_node4>
<ynbr_node5>{34.030777, 13.753078}</ynbr_node5>
<ynbr_node6>{35.027161, 14.630341}</ynbr_node6>
<ynbr_node7>{36.016186, 15.583967}</ynbr_node7>
<ynbr_node8>{36.955132, 16.577461}</ynbr_node8>
<ynbr_node9>{37.805553, 17.569679}</ynbr_node9>
<ynbr_node10>{38.530739, 18.516991}</ynbr_node10>
</xagent>
<xagent>
<name>Sporo</name>
<id>11</id>
<iter>101</iter>
<FP>1.000000</FP>
<K0>0.200000</K0>
<TH0>2.941593</TH0>
<R0>0.998334</R0>
<coordx>{50.179798, 50.696426, 51.373497, 52.163055, 53.063438, 54.025482, 55.023975, 56.013325, 56.948971, 57.799797, 58.525497}</coordx>
<coordy>{12.989848, 13.847949, 14.583364, 15.184635, 15.625669, 15.883556, 15.946458, 15.804059, 15.464338, 14.935689, 14.245257}</coordy>
<xnbr_node0>{39.853580}</xnbr_node0>
<xnbr_node1>{40.555962}</xnbr_node1>
<xnbr_node2>{41.386028}</xnbr_node2>
<xnbr_node3>{42.306019}</xnbr_node3>
<xnbr_node4>{43.283707}</xnbr_node4>
<xnbr_node5>{44.283463}</xnbr_node5>
<xnbr_node6>{45.260986}</xnbr_node6>
<xnbr_node7>{46.182686}</xnbr_node7>
<xnbr_node8>{47.013832}</xnbr_node8>
<xnbr_node9>{47.705681}</xnbr_node9>
<xnbr_node10>{48.238976}</xnbr_node10>
<ynbr_node0>{14.233356}</ynbr_node0>
<ynbr_node1>{14.938661}</ynbr_node1>
<ynbr_node2>{15.493094}</ynbr_node2>
<ynbr_node3>{15.878922}</ynbr_node3>
<ynbr_node4>{16.081772}</ynbr_node4>
<ynbr_node5>{16.086821}</ynbr_node5>
<ynbr_node6>{15.899290}</ynbr_node6>
<ynbr_node7>{15.523266}</ynbr_node7>
<ynbr_node8>{14.964141}</ynbr_node8>
<ynbr_node9>{14.250584}</ynbr_node9>
<ynbr_node10>{13.404873}</ynbr_node10>
</xagent>
<xagent>
<name>Sporo</name>
<id>10</id>
<iter>101</iter>
<FP>1.000000</FP>
<K0>0.200000</K0>
<TH0>2.941593</TH0>
<R0>0.998334</R0>
<coordx>{39.843220, 40.548523, 41.376579, 42.295094, 43.273487, 44.272678, 45.251560, 46.174610, 47.000896, 47.697411, 48.231613}</coordx>
<coordy>{14.226805, 14.929657, 15.488900, 15.875641, 16.080629, 16.088341, 15.899513, 15.529129, 14.971858, 14.257798, 13.414320}</coordy>
<xnbr_node0>{50.182682}</xnbr_node0>
<xnbr_node1>{50.701931}</xnbr_node1>
<xnbr_node2>{51.378117}</xnbr_node2>
<xnbr_node3>{52.174633}</xnbr_node3>
<xnbr_node4>{53.073902}</xnbr_node4>
<xnbr_node5>{54.033848}</xnbr_node5>
<xnbr_node6>{55.035877}</xnbr_node6>
<xnbr_node7>{56.023167}</xnbr_node7>
<xnbr_node8>{56.960194}</xnbr_node8>
<xnbr_node9>{57.806923}</xnbr_node9>
<xnbr_node10>{58.530605}</xnbr_node10>
<ynbr_node0>{12.998360}</ynbr_node0>
<ynbr_node1>{13.853891}</ynbr_node1>
<ynbr_node2>{14.590576}</ynbr_node2>
<ynbr_node3>{15.190340}</ynbr_node3>
<ynbr_node4>{15.628937}</ynbr_node4>
<ynbr_node5>{15.884004}</ynbr_node5>
<ynbr_node6>{15.944754}</ynbr_node6>
<ynbr_node7>{15.801374}</ynbr_node7>
<ynbr_node8>{15.460586}</ynbr_node8>
<ynbr_node9>{14.929152}</ynbr_node9>
<ynbr_node10>{14.241476}</ynbr_node10>
</xagent>
<xagent>
<name>Sporo</name>
<id>9</id>
<iter>101</iter>
<FP>1.000000</FP>
<K0>0.200000</K0>
<TH0>2.941593</TH0>
<R0>0.998334</R0>
<coordx>{30.197084, 31.167635, 32.170586, 33.157330, 34.096779, 34.954590, 35.701591, 36.290970, 36.704163, 36.918224, 36.926769}</coordx>
<coordy>{17.047962, 17.268547, 17.302837, 17.151976, 16.816277, 16.305281, 15.638563, 14.831544, 13.926265, 12.949911, 11.949789}</coordy>
<xnbr_node0>{20.234043}</xnbr_node0>
<xnbr_node1>{20.730579}</xnbr_node1>
<xnbr_node2>{21.387129}</xnbr_node2>
<xnbr_node3>{22.174459}</xnbr_node3>
<xnbr_node4>{23.064957}</xnbr_node4>
<xnbr_node5>{24.023333}</xnbr_node5>
<xnbr_node6>{25.015766}</xnbr_node6>
<xnbr_node7>{26.006224}</xnbr_node7>
<xnbr_node8>{26.947636}</xnbr_node8>
<xnbr_node9>{27.799358}</xnbr_node9>
<xnbr_node10>{28.533764}</xnbr_node10>
<ynbr_node0>{12.903446}</ynbr_node0>
<ynbr_node1>{13.771127}</ynbr_node1>
<ynbr_node2>{14.526356}</ynbr_node2>
<ynbr_node3>{15.133404}</ynbr_node3>
<ynbr_node4>{15.590988}</ynbr_node4>
<ynbr_node5>{15.865837}</ynbr_node5>
<ynbr_node6>{15.943511}</ynbr_node6>
<ynbr_node7>{15.824981}</ynbr_node7>
<ynbr_node8>{15.497519}</ynbr_node8>
<ynbr_node9>{14.984127}</ynbr_node9>
<ynbr_node10>{14.309592}</ynbr_node10>
</xagent>
<xagent>
<name>Sporo</name>
<id>8</id>
<iter>101</iter>
<FP>1.000000</FP>
<K0>0.200000</K0>
<TH0>2.941593</TH0>
<R0>0.998334</R0>
<coordx>{20.227844, 20.719238, 21.382088, 22.166868, 23.055285, 24.015574, 25.004250, 25.994131, 26.936274, 27.793325, 28.526772}</coordx>
<coordy>{12.896473, 13.759750, 14.518689, 15.131085, 15.583852, 15.863439, 15.946210, 15.830207, 15.500825, 14.989549, 14.316082}</coordy>
<xnbr_node0>{30.206287}</xnbr_node0>
<xnbr_node1>{31.179066}</xnbr_node1>
<xnbr_node2>{32.180477}</xnbr_node2>
<xnbr_node3>{33.167564}</xnbr_node3>
<xnbr_node4>{34.104614}</xnbr_node4>
<xnbr_node5>{34.964336}</xnbr_node5>
<xnbr_node6>{35.706165}</xnbr_node6>
<xnbr_node7>{36.294994}</xnbr_node7>
<xnbr_node8>{36.708538}</xnbr_node8>
<xnbr_node9>{36.919498}</xnbr_node9>
<xnbr_node10>{36.929337}</xnbr_node10>
<ynbr_node0>{17.051088}</ynbr_node0>
<ynbr_node1>{17.270071}</ynbr_node1>
<ynbr_node2>{17.304960}</ynbr_node2>
<ynbr_node3>{17.148823}</ynbr_node3>
<ynbr_node4>{16.808224}</ynbr_node4>
<ynbr_node5>{16.299471}</ynbr_node5>
<ynbr_node6>{15.628807}</ynbr_node6>
<ynbr_node7>{14.824537}</ynbr_node7>
<ynbr_node8>{13.918301}</ynbr_node8>
<ynbr_node9>{12.940720}</ynbr_node9>
<ynbr_node10>{11.942824}</ynbr_node10>
</xagent>
<xagent>
<name>Sporo</name>
<id>7</id>
<iter>101</iter>
<FP>1.000000</FP>
<K0>0.200000</K0>
<TH0>2.941593</TH0>
<R0>0.998334</R0>
<coordx>{11.619357, 12.584909, 13.498467, 14.311850, 15.000775, 15.544714, 15.909557, 16.079357, 16.036051, 15.796755, 15.367094}</coordx>
<coordy>{18.982464, 18.745939, 18.326056, 17.749964, 17.027439, 16.191423, 15.259459, 14.275731, 13.280079, 12.315584, 11.416093}</coordy>
<xnbr_node0>{}</xnbr_node0>
<xnbr_node1>{}</xnbr_node1>
<xnbr_node2>{}</xnbr_node2>
<xnbr_node3>{}</xnbr_node3>
<xnbr_node4>{}</xnbr_node4>
<xnbr_node5>{}</xnbr_node5>
<xnbr_node6>{}</xnbr_node6>
<xnbr_node7>{}</xnbr_node7>
<xnbr_node8>{}</xnbr_node8>
<xnbr_node9>{}</xnbr_node9>
<xnbr_node10>{}</xnbr_node10>
<ynbr_node0>{}</ynbr_node0>
<ynbr_node1>{}</ynbr_node1>
<ynbr_node2>{}</ynbr_node2>
<ynbr_node3>{}</ynbr_node3>
<ynbr_node4>{}</ynbr_node4>
<ynbr_node5>{}</ynbr_node5>
<ynbr_node6>{}</ynbr_node6>
<ynbr_node7>{}</ynbr_node7>
<ynbr_node8>{}</ynbr_node8>
<ynbr_node9>{}</ynbr_node9>
<ynbr_node10>{}</ynbr_node10>
</xagent>
<xagent>
<name>Sporo</name>
<id>6</id>
<iter>101</iter>
<FP>1.000000</FP>
<K0>0.200000</K0>
<TH0>2.941593</TH0>
<R0>0.998334</R0>
<coordx>{8.869407, 7.875627, 6.917812, 6.033329, 5.252921, 4.610601, 4.128864, 3.839395, 3.753273, 3.869611, 4.182308}</coordx>
<coordy>{11.494503, 11.600636, 11.888918, 12.355819, 12.980004, 13.744026, 14.622136, 15.574309, 16.567667, 17.558821, 18.509827}</coordy>
<xnbr_node0>{6.120345}</xnbr_node0>
<xnbr_node1>{5.372160}</xnbr_node1>
<xnbr_node2>{4.769017}</xnbr_node2>
<xnbr_node3>{4.322577}</xnbr_node3>
<xnbr_node4>{4.053195}</xnbr_node4>
<xnbr_node5>{3.971705}</xnbr_node5>
<xnbr_node6>{4.082788}</xnbr_node6>
<xnbr_node7>{4.394502}</xnbr_node7>
<xnbr_node8>{4.894537}</xnbr_node8>
<xnbr_node9>{5.559640}</xnbr_node9>
<xnbr_node10>{6.369425}</xnbr_node10>
<ynbr_node0>{19.898651}</ynbr_node0>
<ynbr_node1>{20.561550}</ynbr_node1>
<ynbr_node2>{21.354597}</ynbr_node2>
<ynbr_node3>{22.249443}</ynbr_node3>
<ynbr_node4>{23.214394}</ynbr_node4>
<ynbr_node5>{24.204792}</ynbr_node5>
<ynbr_node6>{25.199108}</ynbr_node6>
<ynbr_node7>{26.145502}</ynbr_node7>
<ynbr_node8>{27.011934}</ynbr_node8>
<ynbr_node9>{27.753134}</ynbr_node9>
<ynbr_node10>{28.339645}</ynbr_node10>
</xagent>
<xagent>
<name>Sporo</name>
<id>5</id>
<iter>101</iter>
<FP>1.000000</FP>
<K0>0.200000</K0>
<TH0>2.941593</TH0>
<R0>0.998334</R0>
<coordx>{59.032452, 58.787003, 58.362144, 57.770061, 57.033924, 56.179230, 55.239658, 54.251644, 53.258236, 52.295395, 51.407280}</coordx>
<coordy>{8.300566, 7.333720, 6.429588, 5.626966, 4.951734, 4.433557, 4.093996, 3.944870, 4.000280, 4.266832, 4.721009}</coordy>
<xnbr_node0>{}</xnbr_node0>
<xnbr_node1>{}</xnbr_node1>
<xnbr_node2>{}</xnbr_node2>
<xnbr_node3>{}</xnbr_node3>
<xnbr_node4>{}</xnbr_node4>
<xnbr_node5>{}</xnbr_node5>
<xnbr_node6>{}</xnbr_node6>
<xnbr_node7>{}</xnbr_node7>
<xnbr_node8>{}</xnbr_node8>
<xnbr_node9>{}</xnbr_node9>
<xnbr_node10>{}</xnbr_node10>
<ynbr_node0>{}</ynbr_node0>
<ynbr_node1>{}</ynbr_node1>
<ynbr_node2>{}</ynbr_node2>
<ynbr_node3>{}</ynbr_node3>
<ynbr_node4>{}</ynbr_node4>
<ynbr_node5>{}</ynbr_node5>
<ynbr_node6>{}</ynbr_node6>
<ynbr_node7>{}</ynbr_node7>
<ynbr_node8>{}</ynbr_node8>
<ynbr_node9>{}</ynbr_node9>
<ynbr_node10>{}</ynbr_node10>
</xagent>
<xagent>
<name>Sporo</name>
<id>4</id>
<iter>101</iter>
<FP>1.000000</FP>
<K0>0.200000</K0>
<TH0>2.941593</TH0>
<R0>0.998334</R0>
<coordx>{42.256813, 42.174702, 42.286709, 42.585552, 43.060841, 43.698822, 44.469181, 45.354546, 46.310181, 47.305061, 48.293930}</coordx>
<coordy>{0.555061, 1.550328, 2.543872, 3.496907, 4.373104, 5.145821, 5.779417, 6.242077, 6.516952, 6.587646, 6.445166}</coordy>
<xnbr_node0>{}</xnbr_node0>
<xnbr_node1>{}</xnbr_node1>
<xnbr_node2>{}</xnbr_node2>
<xnbr_node3>{}</xnbr_node3>
<xnbr_node4>{}</xnbr_node4>
<xnbr_node5>{}</xnbr_node5>
<xnbr_node6>{}</xnbr_node6>
<xnbr_node7>{}</xnbr_node7>
<xnbr_node8>{}</xnbr_node8>
<xnbr_node9>{}</xnbr_node9>
<xnbr_node10>{}</xnbr_node10>
<ynbr_node0>{}</ynbr_node0>
<ynbr_node1>{}</ynbr_node1>
<ynbr_node2>{}</ynbr_node2>
<ynbr_node3>{}</ynbr_node3>
<ynbr_node4>{}</ynbr_node4>
<ynbr_node5>{}</ynbr_node5>
<ynbr_node6>{}</ynbr_node6>
<ynbr_node7>{}</ynbr_node7>
<ynbr_node8>{}</ynbr_node8>
<ynbr_node9>{}</ynbr_node9>
<ynbr_node10>{}</ynbr_node10>
</xagent>
<xagent>
<name>Sporo</name>
<id>3</id>
<iter>101</iter>
<FP>1.000000</FP>
<K0>0.200000</K0>
<TH0>2.941593</TH0>
<R0>0.998334</R0>
<coordx>{30.052103, 31.003340, 31.995613, 32.990189, 33.952709, 34.851238, 35.646606, 36.304420, 36.793396, 37.086308, 37.171303}</coordx>
<coordy>{6.635222, 6.941304, 7.060577, 6.992032, 6.736323, 6.300158, 5.695447, 4.944411, 4.070669, 3.118513, 2.125695}</coordy>
<xnbr_node0>{34.094124, 29.058989}</xnbr_node0>
<xnbr_node1>{34.804047, 28.797070}</xnbr_node1>
<xnbr_node2>{35.376263, 28.366541}</xnbr_node2>
<xnbr_node3>{35.786652, 27.768051}</xnbr_node3>
<xnbr_node4>{36.021561, 27.025236}</xnbr_node4>
<xnbr_node5>{36.063931, 26.164085}</xnbr_node5>
<xnbr_node6>{35.907146, 25.226362}</xnbr_node6>
<xnbr_node7>{35.559662, 24.239843}</xnbr_node7>
<xnbr_node8>{35.025803, 23.242809}</xnbr_node8>
<xnbr_node9>{34.333370, 22.283537}</xnbr_node9>
<xnbr_node10>{33.505623, 21.399845}</xnbr_node10>
<ynbr_node0>{0.150856, 8.273665}</ynbr_node0>
<ynbr_node1>{-0.544476, 7.308642}</ynbr_node1>
<ynbr_node2>{-1.367332, 6.412510}</ynbr_node2>
<ynbr_node3>{-2.279655, 5.608304}</ynbr_node3>
<ynbr_node4>{-3.249981, 4.941423}</ynbr_node4>
<ynbr_node5>{-4.246460, 4.429134}</ynbr_node5>
<ynbr_node6>{-5.234325, 4.095843}</ynbr_node6>
<ynbr_node7>{-6.169777, 3.955320}</ynbr_node7>
<ynbr_node8>{-7.017788, 4.022110}</ynbr_node8>
<ynbr_node9>{-7.731640, 4.294829}</ynbr_node9>
<ynbr_node10>{-8.293385, 4.756436}</ynbr_node10>
</xagent>
<xagent>
<name>Sporo</name>
<id>2</id>
<iter>101</iter>
<FP>1.000000</FP>
<K0>0.200000</K0>
<TH0>2.941593</TH0>
<R0>0.998334</R0>
<coordx>{29.060947, 28.801628, 28.366732, 27.774967, 27.032949, 26.176212, 25.236956, 24.246649, 23.253597, 22.291836, 21.408781}</coordx>
<coordy>{8.284405, 7.316960, 6.418625, 5.617379, 4.948567, 4.433452, 4.098671, 3.956132, 4.020564, 4.288814, 4.752953}</coordy>
<xnbr_node0>{30.060745, 19.805557}</xnbr_node0>
<xnbr_node1>{31.012796, 18.831102}</xnbr_node1>
<xnbr_node2>{32.006866, 17.832037}</xnbr_node2>
<xnbr_node3>{32.999897, 16.844442}</xnbr_node3>
<xnbr_node4>{33.962471, 15.903080}</xnbr_node4>
<xnbr_node5>{34.859386, 15.038260}</xnbr_node5>
<xnbr_node6>{35.654495, 14.292765}</xnbr_node6>
<xnbr_node7>{36.310341, 13.701390}</xnbr_node7>
<xnbr_node8>{36.797157, 13.282401}</xnbr_node8>
<xnbr_node9>{37.087799, 13.065162}</xnbr_node9>
<xnbr_node10>{37.171162, 13.057431}</xnbr_node10>
<ynbr_node0>{6.640749, 2.991318}</ynbr_node0>
<ynbr_node1>{6.942154, 2.762092}</ynbr_node1>
<ynbr_node2>{7.061660, 2.714309}</ynbr_node2>
<ynbr_node3>{6.989943, 2.862836}</ynbr_node3>
<ynbr_node4>{6.733179, 3.195666}</ynbr_node4>
<ynbr_node5>{6.295431, 3.700488}</ynbr_node5>
<ynbr_node6>{5.689189, 4.363961}</ynbr_node6>
<ynbr_node7>{4.935121, 5.159522}</ynbr_node7>
<ynbr_node8>{4.063629, 6.066812}</ynbr_node8>
<ynbr_node9>{3.109182, 7.040802}</ynbr_node9>
<ynbr_node10>{2.116117, 8.038313}</ynbr_node10>
</xagent>
<xagent>
<name>Sporo</name>
<id>1</id>
<iter>101</iter>
<FP>1.000000</FP>
<K0>0.200000</K0>
<TH0>2.941593</TH0>
<R0>0.998334</R0>
<coordx>{19.814646, 18.836721, 17.842419, 16.853199, 15.912339, 15.047116, 14.300500, 13.706720, 13.286361, 13.067270, 13.054418}</coordx>
<coordy>{2.993397, 2.765063, 2.714026, 2.859840, 3.190374, 3.694359, 4.355878, 5.150549, 6.058003, 7.031297, 8.026702}</coordy>
<xnbr_node0>{29.058989}</xnbr_node0>
<xnbr_node1>{28.797070}</xnbr_node1>
<xnbr_node2>{28.366541}</xnbr_node2>
<xnbr_node3>{27.768051}</xnbr_node3>
<xnbr_node4>{27.025236}</xnbr_node4>
<xnbr_node5>{26.164085}</xnbr_node5>
<xnbr_node6>{25.226362}</xnbr_node6>
<xnbr_node7>{24.239843}</xnbr_node7>
<xnbr_node8>{23.242809}</xnbr_node8>
<xnbr_node9>{22.283537}</xnbr_node9>
<xnbr_node10>{21.399845}</xnbr_node10>
<ynbr_node0>{8.273665}</ynbr_node0>
<ynbr_node1>{7.308642}</ynbr_node1>
<ynbr_node2>{6.412510}</ynbr_node2>
<ynbr_node3>{5.608304}</ynbr_node3>
<ynbr_node4>{4.941423}</ynbr_node4>
<ynbr_node5>{4.429134}</ynbr_node5>
<ynbr_node6>{4.095843}</ynbr_node6>
<ynbr_node7>{3.955320}</ynbr_node7>
<ynbr_node8>{4.022110}</ynbr_node8>
<ynbr_node9>{4.294829}</ynbr_node9>
<ynbr_node10>{4.756436}</ynbr_node10>
</xagent>
</states>
