<states>
<itno>1201</itno>
<environment>
<NNODES>11</NNODES>
<WIDTH>0.450000</WIDTH>
<DT>0.010000</DT>
<NOISE>0.000100</NOISE>
<DELTA>1.800000</DELTA>
<KEL>30.000000</KEL>
<KI>0.020000</KI>
<KTH>4.000000</KTH>
<SIDEBOX>0.000000</SIDEBOX>
<SIDEX>60</SIDEX>
<SIDEY>60</SIDEY>
</environment>
<xagent>
<name>Sporo</name>
<id>36</id>
<iter>1201</iter>
<FP>1.000000</FP>
<K0>0.200000</K0>
<TH0>2.941593</TH0>
<R0>0.998334</R0>
<coordx>{14.027843, 13.598233, 13.005205, 12.276942, 11.435844, 10.513146, 9.536292, 8.539778, 7.558856, 6.635656, 5.812474}</coordx>
<coordy>{1.888079, 0.985870, 0.181286, -0.500571, -1.039341, -1.418580, -1.625773, -1.637974, -1.458794, -1.084912, -0.528055}</coordy>
<xnbr_node0>{}</xnbr_node0>
<xnbr_node1>{}</xnbr_node1>
<xnbr_node2>{}</xnbr_node2>
<xnbr_node3>{}</xnbr_node3>
<xnbr_node4>{}</xnbr_node4>
<xnbr_node5>{}</xnbr_node5>
<xnbr_node6>{}</xnbr_node6>
<xnbr_node7>{}</xnbr_node7>
<xnbr_node8>{}</xnbr_node8>
<xnbr_node9>{}</xnbr_node9>
<xnbr_node10>{}</xnbr_node10>
<ynbr_node0>{}</ynbr_node0>
<ynbr_node1>{}</ynbr_node1>
<ynbr_node2>{}</ynbr_node2>
<ynbr_node3>{}</ynbr_node3>
<ynbr_node4>{}</ynbr_node4>
<ynbr_node5>{}</ynbr_node5>
<ynbr_node6>{}</ynbr_node6>
<ynbr_node7>{}</ynbr_node7>
<ynbr_node8>{}</ynbr_node8>
<ynbr_node9>{}</ynbr_node9>
<ynbr_node10>{}</ynbr_node10>
</xagent>
<xagent>
<name>Sporo</name>
<id>35</id>
<iter>1201</iter>
<FP>1.000000</FP>
<K0>0.200000</K0>
<TH0>2.941593</TH0>
<R0>0.998334</R0>
<coordx>{53.073444, 53.966644, 54.925686, 55.921364, 56.909451, 57.845028, 58.683334, 59.347660, 59.810646, 60.051556, 60.068886}</coordx>
<coordy>{61.744816, 62.189133, 62.462029, 62.548836, 62.432312, 62.105999, 61.559486, 60.819897, 59.944656, 58.977936, 57.978947}</coordy>
<xnbr_node0>{53.940815}</xnbr_node0>
<xnbr_node1>{54.887478}</xnbr_node1>
<xnbr_node2>{55.879608}</xnbr_node2>
<xnbr_node3>{56.882420}</xnbr_node3>
<xnbr_node4>{57.881462}</xnbr_node4>
<xnbr_node5>{58.858173}</xnbr_node5>
<xnbr_node6>{59.815735}</xnbr_node6>
<xnbr_node7>{60.738091}</xnbr_node7>
<xnbr_node8>{61.601688}</xnbr_node8>
<xnbr_node9>{62.377647}</xnbr_node9>
<xnbr_node10>{63.023762}</xnbr_node10>
<ynbr_node0>{62.948013}</ynbr_node0>
<ynbr_node1>{63.259422}</ynbr_node1>
<ynbr_node2>{63.390862}</ynbr_node2>
<ynbr_node3>{63.380360}</ynbr_node3>
<ynbr_node4>{63.253757}</ynbr_node4>
<ynbr_node5>{63.030407}</ynbr_node5>
<ynbr_node6>{62.727699}</ynbr_node6>
<ynbr_node7>{62.324425}</ynbr_node7>
<ynbr_node8>{61.821774}</ynbr_node8>
<ynbr_node9>{61.190857}</ynbr_node9>
<ynbr_node10>{60.436092}</ynbr_node10>
</xagent>
<xagent>
<name>Sporo</name>
<id>34</id>
<iter>1201</iter>
<FP>1.000000</FP>
<K0>0.200000</K0>
<TH0>2.941593</TH0>
<R0>0.998334</R0>
<coordx>{54.701408, 54.352333, 53.830582, 53.160004, 52.364609, 51.469723, 50.512756, 49.517910, 48.528049, 47.577557, 46.705265}</coordx>
<coordy>{52.418087, 51.484558, 50.634850, 49.895515, 49.286266, 48.834106, 48.547020, 48.449898, 48.551788, 48.851376, 49.335285}</coordy>
<xnbr_node0>{}</xnbr_node0>
<xnbr_node1>{}</xnbr_node1>
<xnbr_node2>{}</xnbr_node2>
<xnbr_node3>{}</xnbr_node3>
<xnbr_node4>{}</xnbr_node4>
<xnbr_node5>{}</xnbr_node5>
<xnbr_node6>{}</xnbr_node6>
<xnbr_node7>{}</xnbr_node7>
<xnbr_node8>{}</xnbr_node8>
<xnbr_node9>{}</xnbr_node9>
<xnbr_node10>{}</xnbr_node10>
<ynbr_node0>{}</ynbr_node0>
<ynbr_node1>{}</ynbr_node1>
<ynbr_node2>{}</ynbr_node2>
<ynbr_node3>{}</ynbr_node3>
<ynbr_node4>{}</ynbr_node4>
<ynbr_node5>{}</ynbr_node5>
<ynbr_node6>{}</ynbr_node6>
<ynbr_node7>{}</ynbr_node7>
<ynbr_node8>{}</ynbr_node8>
<ynbr_node9>{}</ynbr_node9>
<ynbr_node10>{}</ynbr_node10>
</xagent>
<xagent>
<name>Sporo</name>
<id>33</id>
<iter>1201</iter>
<FP>1.000000</FP>
<K0>0.200000</K0>
<TH0>2.941593</TH0>
<R0>0.998334</R0>
<coordx>{27.185230, 27.095531, 27.186907, 27.486723, 27.996334, 28.713202, 29.577896, 30.539307, 31.532019, 32.497974, 33.387142}</coordx>
<coordy>{56.369190, 57.364376, 58.351181, 59.291641, 60.132221, 60.811867, 61.292397, 61.533775, 61.523941, 61.274353, 60.830952}</coordy>
<xnbr_node0>{26.570221}</xnbr_node0>
<xnbr_node1>{26.354322}</xnbr_node1>
<xnbr_node2>{26.274542}</xnbr_node2>
<xnbr_node3>{26.303823}</xnbr_node3>
<xnbr_node4>{26.423431}</xnbr_node4>
<xnbr_node5>{26.632767}</xnbr_node5>
<xnbr_node6>{26.942225}</xnbr_node6>
<xnbr_node7>{27.365492}</xnbr_node7>
<xnbr_node8>{27.913345}</xnbr_node8>
<xnbr_node9>{28.594515}</xnbr_node9>
<xnbr_node10>{29.407700}</xnbr_node10>
<ynbr_node0>{56.986500}</ynbr_node0>
<ynbr_node1>{57.969261}</ynbr_node1>
<ynbr_node2>{58.974545}</ynbr_node2>
<ynbr_node3>{59.984131}</ynbr_node3>
<ynbr_node4>{60.986256}</ynbr_node4>
<ynbr_node5>{61.974915}</ynbr_node5>
<ynbr_node6>{62.928005}</ynbr_node6>
<ynbr_node7>{63.837894}</ynbr_node7>
<ynbr_node8>{64.671875}</ynbr_node8>
<ynbr_node9>{65.407722}</ynbr_node9>
<ynbr_node10>{65.986526}</ynbr_node10>
</xagent>
<xagent>
<name>Sporo</name>
<id>32</id>
<iter>1201</iter>
<FP>1.000000</FP>
<K0>0.200000</K0>
<TH0>2.941593</TH0>
<R0>0.998334</R0>
<coordx>{15.974427, 15.658820, 15.526534, 15.584704, 15.829226, 16.250700, 16.828714, 17.551779, 18.396103, 19.334885, 20.320553}</coordx>
<coordy>{51.292591, 52.240974, 53.229713, 54.227207, 55.198784, 56.109818, 56.923569, 57.611004, 58.139549, 58.490990, 58.635418}</coordy>
<xnbr_node0>{}</xnbr_node0>
<xnbr_node1>{}</xnbr_node1>
<xnbr_node2>{}</xnbr_node2>
<xnbr_node3>{}</xnbr_node3>
<xnbr_node4>{}</xnbr_node4>
<xnbr_node5>{}</xnbr_node5>
<xnbr_node6>{}</xnbr_node6>
<xnbr_node7>{}</xnbr_node7>
<xnbr_node8>{}</xnbr_node8>
<xnbr_node9>{}</xnbr_node9>
<xnbr_node10>{}</xnbr_node10>
<ynbr_node0>{}</ynbr_node0>
<ynbr_node1>{}</ynbr_node1>
<ynbr_node2>{}</ynbr_node2>
<ynbr_node3>{}</ynbr_node3>
<ynbr_node4>{}</ynbr_node4>
<ynbr_node5>{}</ynbr_node5>
<ynbr_node6>{}</ynbr_node6>
<ynbr_node7>{}</ynbr_node7>
<ynbr_node8>{}</ynbr_node8>
<ynbr_node9>{}</ynbr_node9>
<ynbr_node10>{}</ynbr_node10>
</xagent>
<xagent>
<name>Sporo</name>
<id>31</id>
<iter>1201</iter>
<FP>1.000000</FP>
<K0>0.200000</K0>
<TH0>2.941593</TH0>
<R0>0.998334</R0>
<coordx>{9.386487, 8.610517, 7.966739, 7.478855, 7.153280, 7.009398, 7.047580, 7.278882, 7.700144, 8.292150, 9.037003}</coordx>
<coordy>{46.799709, 47.428665, 48.194157, 49.062309, 50.004234, 50.997852, 51.994404, 52.965405, 53.869774, 54.672089, 55.336117}</coordy>
<xnbr_node0>{}</xnbr_node0>
<xnbr_node1>{}</xnbr_node1>
<xnbr_node2>{}</xnbr_node2>
<xnbr_node3>{}</xnbr_node3>
<xnbr_node4>{}</xnbr_node4>
<xnbr_node5>{}</xnbr_node5>
<xnbr_node6>{}</xnbr_node6>
<xnbr_node7>{}</xnbr_node7>
<xnbr_node8>{}</xnbr_node8>
<xnbr_node9>{}</xnbr_node9>
<xnbr_node10>{}</xnbr_node10>
<ynbr_node0>{}</ynbr_node0>
<ynbr_node1>{}</ynbr_node1>
<ynbr_node2>{}</ynbr_node2>
<ynbr_node3>{}</ynbr_node3>
<ynbr_node4>{}</ynbr_node4>
<ynbr_node5>{}</ynbr_node5>
<ynbr_node6>{}</ynbr_node6>
<ynbr_node7>{}</ynbr_node7>
<ynbr_node8>{}</ynbr_node8>
<ynbr_node9>{}</ynbr_node9>
<ynbr_node10>{}</ynbr_node10>
</xagent>
<xagent>
<name>Sporo</name>
<id>30</id>
<iter>1201</iter>
<FP>1.000000</FP>
<K0>0.200000</K0>
<TH0>2.941593</TH0>
<R0>0.998334</R0>
<coordx>{-6.066707, -5.121924, -4.130628, -3.126660, -2.128970, -1.150858, -0.193387, 0.728134, 1.594037, 2.368714, 3.018158}</coordx>
<coordy>{2.943721, 3.257403, 3.390356, 3.381102, 3.252799, 3.035225, 2.732567, 2.331762, 1.824295, 1.198487, 0.441818}</coordy>
<xnbr_node0>{-6.915966, -5.155220}</xnbr_node0>
<xnbr_node1>{-6.022751, -6.152657}</xnbr_node1>
<xnbr_node2>{-5.060089, -7.112221}</xnbr_node2>
<xnbr_node3>{-4.068478, -8.004238}</xnbr_node3>
<xnbr_node4>{-3.080441, -8.796127}</xnbr_node4>
<xnbr_node5>{-2.141788, -9.454773}</xnbr_node5>
<xnbr_node6>{-1.309639, -9.965309}</xnbr_node6>
<xnbr_node7>{-0.644447, -10.305141}</xnbr_node7>
<xnbr_node8>{-0.185085, -10.459476}</xnbr_node8>
<xnbr_node9>{0.050690, -10.417301}</xnbr_node9>
<xnbr_node10>{0.067356, -10.179218}</xnbr_node10>
<ynbr_node0>{1.748390, 5.151229}</ynbr_node0>
<ynbr_node1>{2.192234, 5.244970}</ynbr_node1>
<ynbr_node2>{2.463654, 5.526506}</ynbr_node2>
<ynbr_node3>{2.548908, 5.981064}</ynbr_node3>
<ynbr_node4>{2.428539, 6.595711}</ynbr_node4>
<ynbr_node5>{2.098072, 7.344026}</ynbr_node5>
<ynbr_node6>{1.551083, 8.201515}</ynbr_node6>
<ynbr_node7>{0.813763, 9.142153}</ynbr_node7>
<ynbr_node8>{-0.067200, 10.128077}</ynbr_node8>
<ynbr_node9>{-1.031559, 11.125500}</ynbr_node9>
<ynbr_node10>{-2.030914, 12.095296}</ynbr_node10>
</xagent>
<xagent>
<name>Sporo</name>
<id>29</id>
<iter>1201</iter>
<FP>1.000000</FP>
<K0>0.200000</K0>
<TH0>2.941593</TH0>
<R0>0.998334</R0>
<coordx>{50.439117, 49.585899, 48.841076, 48.240620, 47.802990, 47.533974, 47.449844, 47.556873, 47.857708, 48.347603, 48.999317}</coordx>
<coordy>{36.334366, 36.848457, 37.516415, 38.317600, 39.213802, 40.176945, 41.168636, 42.162823, 43.114033, 43.982903, 44.734802}</coordy>
<xnbr_node0>{}</xnbr_node0>
<xnbr_node1>{}</xnbr_node1>
<xnbr_node2>{}</xnbr_node2>
<xnbr_node3>{}</xnbr_node3>
<xnbr_node4>{}</xnbr_node4>
<xnbr_node5>{}</xnbr_node5>
<xnbr_node6>{}</xnbr_node6>
<xnbr_node7>{}</xnbr_node7>
<xnbr_node8>{}</xnbr_node8>
<xnbr_node9>{}</xnbr_node9>
<xnbr_node10>{}</xnbr_node10>
<ynbr_node0>{}</ynbr_node0>
<ynbr_node1>{}</ynbr_node1>
<ynbr_node2>{}</ynbr_node2>
<ynbr_node3>{}</ynbr_node3>
<ynbr_node4>{}</ynbr_node4>
<ynbr_node5>{}</ynbr_node5>
<ynbr_node6>{}</ynbr_node6>
<ynbr_node7>{}</ynbr_node7>
<ynbr_node8>{}</ynbr_node8>
<ynbr_node9>{}</ynbr_node9>
<ynbr_node10>{}</ynbr_node10>
</xagent>
<xagent>
<name>Sporo</name>
<id>28</id>
<iter>1201</iter>
<FP>1.000000</FP>
<K0>0.200000</K0>
<TH0>2.941593</TH0>
<R0>0.998334</R0>
<coordx>{35.460972, 35.846046, 36.397297, 37.093193, 37.909359, 38.817719, 39.790936, 40.782082, 41.769428, 42.707047, 43.555897}</coordx>
<coordy>{47.931488, 48.854679, 49.687366, 50.407658, 50.988438, 51.408527, 51.654396, 51.706017, 51.566681, 51.232449, 50.709667}</coordy>
<xnbr_node0>{}</xnbr_node0>
<xnbr_node1>{}</xnbr_node1>
<xnbr_node2>{}</xnbr_node2>
<xnbr_node3>{}</xnbr_node3>
<xnbr_node4>{}</xnbr_node4>
<xnbr_node5>{}</xnbr_node5>
<xnbr_node6>{}</xnbr_node6>
<xnbr_node7>{}</xnbr_node7>
<xnbr_node8>{}</xnbr_node8>
<xnbr_node9>{}</xnbr_node9>
<xnbr_node10>{}</xnbr_node10>
<ynbr_node0>{}</ynbr_node0>
<ynbr_node1>{}</ynbr_node1>
<ynbr_node2>{}</ynbr_node2>
<ynbr_node3>{}</ynbr_node3>
<ynbr_node4>{}</ynbr_node4>
<ynbr_node5>{}</ynbr_node5>
<ynbr_node6>{}</ynbr_node6>
<ynbr_node7>{}</ynbr_node7>
<ynbr_node8>{}</ynbr_node8>
<ynbr_node9>{}</ynbr_node9>
<ynbr_node10>{}</ynbr_node10>
</xagent>
<xagent>
<name>Sporo</name>
<id>27</id>
<iter>1201</iter>
<FP>1.000000</FP>
<K0>0.200000</K0>
<TH0>2.941593</TH0>
<R0>0.998334</R0>
<coordx>{44.601284, 44.365501, 43.954029, 43.369465, 42.650642, 41.815006, 40.891636, 39.913418, 38.913868, 37.935844, 37.023399}</coordx>
<coordy>{43.267246, 42.297245, 41.391617, 40.574486, 39.882278, 39.335140, 38.957008, 38.765114, 38.770626, 38.979397, 39.383801}</coordy>
<xnbr_node0>{}</xnbr_node0>
<xnbr_node1>{}</xnbr_node1>
<xnbr_node2>{}</xnbr_node2>
<xnbr_node3>{}</xnbr_node3>
<xnbr_node4>{}</xnbr_node4>
<xnbr_node5>{}</xnbr_node5>
<xnbr_node6>{}</xnbr_node6>
<xnbr_node7>{}</xnbr_node7>
<xnbr_node8>{}</xnbr_node8>
<xnbr_node9>{}</xnbr_node9>
<xnbr_node10>{}</xnbr_node10>
<ynbr_node0>{}</ynbr_node0>
<ynbr_node1>{}</ynbr_node1>
<ynbr_node2>{}</ynbr_node2>
<ynbr_node3>{}</ynbr_node3>
<ynbr_node4>{}</ynbr_node4>
<ynbr_node5>{}</ynbr_node5>
<ynbr_node6>{}</ynbr_node6>
<ynbr_node7>{}</ynbr_node7>
<ynbr_node8>{}</ynbr_node8>
<ynbr_node9>{}</ynbr_node9>
<ynbr_node10>{}</ynbr_node10>
</xagent>
<xagent>
<name>Sporo</name>
<id>26</id>
<iter>1201</iter>
<FP>1.000000</FP>
<K0>0.200000</K0>
<TH0>2.941593</TH0>
<R0>0.998334</R0>
<coordx>{23.690332, 22.732418, 21.792795, 20.946541, 20.234856, 19.677570, 19.286367, 19.070515, 19.040621, 19.204571, 19.562740}</coordx>
<coordy>{35.576920, 35.551086, 35.774479, 36.251225, 36.921749, 37.735683, 38.644348, 39.612186, 40.607285, 41.587734, 42.515553}</coordy>
<xnbr_node0>{22.898422}</xnbr_node0>
<xnbr_node1>{23.442013}</xnbr_node1>
<xnbr_node2>{23.823524}</xnbr_node2>
<xnbr_node3>{24.054337}</xnbr_node3>
<xnbr_node4>{24.128780}</xnbr_node4>
<xnbr_node5>{24.024418}</xnbr_node5>
<xnbr_node6>{23.668894}</xnbr_node6>
<xnbr_node7>{23.104300}</xnbr_node7>
<xnbr_node8>{22.354149}</xnbr_node8>
<xnbr_node9>{21.485914}</xnbr_node9>
<xnbr_node10>{20.539278}</xnbr_node10>
<ynbr_node0>{40.845585}</ynbr_node0>
<ynbr_node1>{40.003323}</ynbr_node1>
<ynbr_node2>{39.071877}</ynbr_node2>
<ynbr_node3>{38.080296}</ynbr_node3>
<ynbr_node4>{37.058514}</ynbr_node4>
<ynbr_node5>{36.042675}</ynbr_node5>
<ynbr_node6>{35.022629}</ynbr_node6>
<ynbr_node7>{34.210289}</ynbr_node7>
<ynbr_node8>{33.549038}</ynbr_node8>
<ynbr_node9>{33.056000}</ynbr_node9>
<ynbr_node10>{32.749668}</ynbr_node10>
</xagent>
<xagent>
<name>Sporo</name>
<id>25</id>
<iter>1201</iter>
<FP>1.000000</FP>
<K0>0.200000</K0>
<TH0>2.941593</TH0>
<R0>0.998334</R0>
<coordx>{10.247360, 9.405126, 8.679735, 8.099764, 7.678796, 7.428044, 7.359998, 7.488532, 7.813287, 8.320007, 8.996066}</coordx>
<coordy>{36.352093, 36.885986, 37.579308, 38.394547, 39.300877, 40.269333, 41.265812, 42.253395, 43.196198, 44.054764, 44.788303}</coordy>
<xnbr_node0>{}</xnbr_node0>
<xnbr_node1>{}</xnbr_node1>
<xnbr_node2>{}</xnbr_node2>
<xnbr_node3>{}</xnbr_node3>
<xnbr_node4>{}</xnbr_node4>
<xnbr_node5>{}</xnbr_node5>
<xnbr_node6>{}</xnbr_node6>
<xnbr_node7>{}</xnbr_node7>
<xnbr_node8>{}</xnbr_node8>
<xnbr_node9>{}</xnbr_node9>
<xnbr_node10>{}</xnbr_node10>
<ynbr_node0>{}</ynbr_node0>
<ynbr_node1>{}</ynbr_node1>
<ynbr_node2>{}</ynbr_node2>
<ynbr_node3>{}</ynbr_node3>
<ynbr_node4>{}</ynbr_node4>
<ynbr_node5>{}</ynbr_node5>
<ynbr_node6>{}</ynbr_node6>
<ynbr_node7>{}</ynbr_node7>
<ynbr_node8>{}</ynbr_node8>
<ynbr_node9>{}</ynbr_node9>
<ynbr_node10>{}</ynbr_node10>
</xagent>
<xagent>
<name>Sporo</name>
<id>24</id>
<iter>1201</iter>
<FP>1.000000</FP>
<K0>0.200000</K0>
<TH0>2.941593</TH0>
<R0>0.998334</R0>
<coordx>{2.114020, 1.169974, 0.313064, -0.429309, -1.042157, -1.499420, -1.799692, -1.946741, -1.937296, -1.766086, -1.422686}</coordx>
<coordy>{35.635040, 35.963562, 36.466450, 37.121185, 37.902775, 38.783531, 39.727329, 40.708363, 41.703251, 42.678448, 43.609226}</coordy>
<xnbr_node0>{-4.353546, -6.929520}</xnbr_node0>
<xnbr_node1>{-3.364368, -5.940933}</xnbr_node1>
<xnbr_node2>{-2.418888, -4.943436}</xnbr_node2>
<xnbr_node3>{-1.553963, -3.978386}</xnbr_node3>
<xnbr_node4>{-0.811535, -3.073627}</xnbr_node4>
<xnbr_node5>{-0.218197, -2.266087}</xnbr_node5>
<xnbr_node6>{0.189625, -1.578938}</xnbr_node6>
<xnbr_node7>{0.413719, -1.043427}</xnbr_node7>
<xnbr_node8>{0.448666, -0.687355}</xnbr_node8>
<xnbr_node9>{0.293671, -0.523056}</xnbr_node9>
<xnbr_node10>{-0.053616, -0.559128}</xnbr_node10>
<ynbr_node0>{45.816086, 34.657635}</ynbr_node0>
<ynbr_node1>{45.663738, 34.779922}</ynbr_node1>
<ynbr_node2>{45.330498, 34.713600}</ynbr_node2>
<ynbr_node3>{44.823597, 34.463951}</ynbr_node3>
<ynbr_node4>{44.151138, 34.032192}</ynbr_node4>
<ynbr_node5>{43.341354, 33.447369}</ynbr_node5>
<ynbr_node6>{42.431419, 32.717999}</ynbr_node6>
<ynbr_node7>{41.454792, 31.875521}</ynbr_node7>
<ynbr_node8>{40.454918, 30.937796}</ynbr_node8>
<ynbr_node9>{39.465534, 29.956944}</ynbr_node9>
<ynbr_node10>{38.528851, 28.961924}</ynbr_node10>
</xagent>
<xagent>
<name>Sporo</name>
<id>23</id>
<iter>1201</iter>
<FP>1.000000</FP>
<K0>0.200000</K0>
<TH0>2.941593</TH0>
<R0>0.998334</R0>
<coordx>{55.639103, 56.628071, 57.569897, 58.438053, 59.181320, 59.777966, 60.185696, 60.412579, 60.452457, 60.295540, 59.950745}</coordx>
<coordy>{45.817520, 45.664604, 45.336525, 44.828594, 44.159737, 43.352459, 42.439430, 41.466057, 40.462612, 39.474766, 38.539139}</coordy>
<xnbr_node0>{62.103535}</xnbr_node0>
<xnbr_node1>{61.162773}</xnbr_node1>
<xnbr_node2>{60.303806}</xnbr_node2>
<xnbr_node3>{59.561684}</xnbr_node3>
<xnbr_node4>{58.953609}</xnbr_node4>
<xnbr_node5>{58.498886}</xnbr_node5>
<xnbr_node6>{58.199890}</xnbr_node6>
<xnbr_node7>{58.053352}</xnbr_node7>
<xnbr_node8>{58.063904}</xnbr_node8>
<xnbr_node9>{58.236961}</xnbr_node9>
<xnbr_node10>{58.580009}</xnbr_node10>
<ynbr_node0>{35.637722}</ynbr_node0>
<ynbr_node1>{35.967075}</ynbr_node1>
<ynbr_node2>{36.472916}</ynbr_node2>
<ynbr_node3>{37.131428}</ynbr_node3>
<ynbr_node4>{37.910164}</ynbr_node4>
<ynbr_node5>{38.792686}</ynbr_node5>
<ynbr_node6>{39.736111}</ynbr_node6>
<ynbr_node7>{40.718567}</ynbr_node7>
<ynbr_node8>{41.710278}</ynbr_node8>
<ynbr_node9>{42.688042}</ynbr_node9>
<ynbr_node10>{43.617176}</ynbr_node10>
</xagent>
<xagent>
<name>Sporo</name>
<id>22</id>
<iter>1201</iter>
<FP>1.000000</FP>
<K0>0.200000</K0>
<TH0>2.941593</TH0>
<R0>0.998334</R0>
<coordx>{37.203239, 37.153137, 37.211517, 37.327061, 37.468670, 37.633965, 37.792007, 37.917244, 38.115810, 38.467663, 38.992424}</coordx>
<coordy>{25.033716, 26.020882, 27.016457, 28.000904, 28.988121, 29.971317, 30.946402, 31.935335, 32.902843, 33.827129, 34.668770}</coordy>
<xnbr_node0>{37.089401, 37.214596, 37.042431, 37.073433}</xnbr_node0>
<xnbr_node1>{36.533817, 36.793060, 36.696663, 38.059105}</xnbr_node1>
<xnbr_node2>{35.833057, 36.161602, 36.548229, 38.997749}</xnbr_node2>
<xnbr_node3>{34.990459, 35.354610, 36.612091, 39.847404}</xnbr_node3>
<xnbr_node4>{34.045010, 34.435444, 36.862457, 40.560848}</xnbr_node4>
<xnbr_node5>{33.056030, 33.463558, 37.258492, 41.107697}</xnbr_node5>
<xnbr_node6>{32.088963, 32.473389, 37.750225, 41.454845}</xnbr_node6>
<xnbr_node7>{31.228867, 31.482996, 38.271076, 41.576797}</xnbr_node7>
<xnbr_node8>{30.546440, 30.515852, 38.883629, 41.467949}</xnbr_node8>
<xnbr_node9>{30.074442, 29.610323, 39.599895, 41.136974}</xnbr_node9>
<xnbr_node10>{29.814463, 28.794809, 40.434814, 40.614292}</xnbr_node10>
<ynbr_node0>{31.814585, 31.136385, 19.617222, 33.597282}</ynbr_node0>
<ynbr_node1>{30.975981, 30.255121, 20.553940, 33.449852}</ynbr_node1>
<ynbr_node2>{30.268856, 29.520370, 21.535612, 33.110252}</ynbr_node2>
<ynbr_node3>{29.735014, 28.969410, 22.530306, 32.589016}</ynbr_node3>
<ynbr_node4>{29.419079, 28.611925, 23.492706, 31.895573}</ynbr_node4>
<ynbr_node5>{29.362154, 28.434015, 24.410183, 31.064167}</ynbr_node5>
<ynbr_node6>{29.585546, 28.407974, 25.311537, 30.130692}</ynbr_node6>
<ynbr_node7>{30.077545, 28.524658, 26.153208, 29.145206}</ynbr_node7>
<ynbr_node8>{30.791553, 28.788813, 26.931818, 28.155432}</ynbr_node8>
<ynbr_node9>{31.666182, 29.200397, 27.616627, 27.215263}</ynbr_node9>
<ynbr_node10>{32.627220, 29.776323, 28.158430, 26.365023}</ynbr_node10>
</xagent>
<xagent>
<name>Sporo</name>
<id>21</id>
<iter>1201</iter>
<FP>1.000000</FP>
<K0>0.200000</K0>
<TH0>2.941593</TH0>
<R0>0.998334</R0>
<coordx>{37.096386, 36.540634, 35.838974, 34.996597, 34.054550, 33.064152, 32.099670, 31.239981, 30.555431, 30.076559, 29.814436}</coordx>
<coordy>{31.822104, 30.984997, 30.275309, 29.738844, 29.419231, 29.362650, 29.582531, 30.071428, 30.785303, 31.656687, 32.618313}</coordy>
<xnbr_node0>{37.205879, 37.214596, 37.073433}</xnbr_node0>
<xnbr_node1>{37.155182, 36.793060, 38.059105}</xnbr_node1>
<xnbr_node2>{37.214890, 36.161602, 38.997749}</xnbr_node2>
<xnbr_node3>{37.331509, 35.354610, 39.847404}</xnbr_node3>
<xnbr_node4>{37.473972, 34.435444, 40.560848}</xnbr_node4>
<xnbr_node5>{37.634098, 33.463558, 41.107697}</xnbr_node5>
<xnbr_node6>{37.792313, 32.473389, 41.454845}</xnbr_node6>
<xnbr_node7>{37.915165, 31.482996, 41.576797}</xnbr_node7>
<xnbr_node8>{38.115208, 30.515852, 41.467949}</xnbr_node8>
<xnbr_node9>{38.468834, 29.610323, 41.136974}</xnbr_node9>
<xnbr_node10>{38.999924, 28.794809, 40.614292}</xnbr_node10>
<ynbr_node0>{25.044857, 31.136385, 33.597282}</ynbr_node0>
<ynbr_node1>{26.029520, 30.255121, 33.449852}</ynbr_node1>
<ynbr_node2>{27.023256, 29.520370, 33.110252}</ynbr_node2>
<ynbr_node3>{28.012590, 28.969410, 32.589016}</ynbr_node3>
<ynbr_node4>{28.999014, 28.611925, 31.895573}</ynbr_node4>
<ynbr_node5>{29.980883, 28.434015, 31.064167}</ynbr_node5>
<ynbr_node6>{30.958778, 28.407974, 30.130692}</ynbr_node6>
<ynbr_node7>{31.946175, 28.524658, 29.145206}</ynbr_node7>
<ynbr_node8>{32.912666, 28.788813, 28.155432}</ynbr_node8>
<ynbr_node9>{33.835850, 29.200397, 27.215263}</ynbr_node9>
<ynbr_node10>{34.676277, 29.776323, 26.365023}</ynbr_node10>
</xagent>
<xagent>
<name>Sporo</name>
<id>20</id>
<iter>1201</iter>
<FP>1.000000</FP>
<K0>0.200000</K0>
<TH0>2.941593</TH0>
<R0>0.998334</R0>
<coordx>{37.217762, 36.797028, 36.168453, 35.362534, 34.445389, 33.472469, 32.484032, 31.491106, 30.525265, 29.616325, 28.803503}</coordx>
<coordy>{31.149246, 30.265469, 29.527195, 28.972443, 28.613455, 28.434189, 28.405952, 28.522024, 28.784836, 29.197308, 29.771225}</coordy>
<xnbr_node0>{37.205879, 37.089401, 37.042431, 37.073433}</xnbr_node0>
<xnbr_node1>{37.155182, 36.533817, 36.696663, 38.059105}</xnbr_node1>
<xnbr_node2>{37.214890, 35.833057, 36.548229, 38.997749}</xnbr_node2>
<xnbr_node3>{37.331509, 34.990459, 36.612091, 39.847404}</xnbr_node3>
<xnbr_node4>{37.473972, 34.045010, 36.862457, 40.560848}</xnbr_node4>
<xnbr_node5>{37.634098, 33.056030, 37.258492, 41.107697}</xnbr_node5>
<xnbr_node6>{37.792313, 32.088963, 37.750225, 41.454845}</xnbr_node6>
<xnbr_node7>{37.915165, 31.228867, 38.271076, 41.576797}</xnbr_node7>
<xnbr_node8>{38.115208, 30.546440, 38.883629, 41.467949}</xnbr_node8>
<xnbr_node9>{38.468834, 30.074442, 39.599895, 41.136974}</xnbr_node9>
<xnbr_node10>{38.999924, 29.814463, 40.434814, 40.614292}</xnbr_node10>
<ynbr_node0>{25.044857, 31.814585, 19.617222, 33.597282}</ynbr_node0>
<ynbr_node1>{26.029520, 30.975981, 20.553940, 33.449852}</ynbr_node1>
<ynbr_node2>{27.023256, 30.268856, 21.535612, 33.110252}</ynbr_node2>
<ynbr_node3>{28.012590, 29.735014, 22.530306, 32.589016}</ynbr_node3>
<ynbr_node4>{28.999014, 29.419079, 23.492706, 31.895573}</ynbr_node4>
<ynbr_node5>{29.980883, 29.362154, 24.410183, 31.064167}</ynbr_node5>
<ynbr_node6>{30.958778, 29.585546, 25.311537, 30.130692}</ynbr_node6>
<ynbr_node7>{31.946175, 30.077545, 26.153208, 29.145206}</ynbr_node7>
<ynbr_node8>{32.912666, 30.791553, 26.931818, 28.155432}</ynbr_node8>
<ynbr_node9>{33.835850, 31.666182, 27.616627, 27.215263}</ynbr_node9>
<ynbr_node10>{34.676277, 32.627220, 28.158430, 26.365023}</ynbr_node10>
</xagent>
<xagent>
<name>Sporo</name>
<id>19</id>
<iter>1201</iter>
<FP>1.000000</FP>
<K0>0.200000</K0>
<TH0>2.941593</TH0>
<R0>0.998334</R0>
<coordx>{22.892298, 23.437908, 23.821920, 24.052216, 24.130554, 24.028536, 23.676075, 23.110277, 22.365032, 21.493942, 20.548044}</coordx>
<coordy>{40.852921, 40.010551, 39.078152, 38.087933, 37.068420, 36.050350, 35.028160, 34.215908, 33.554768, 33.062027, 32.752338}</coordy>
<xnbr_node0>{23.682779}</xnbr_node0>
<xnbr_node1>{22.722099}</xnbr_node1>
<xnbr_node2>{21.785770}</xnbr_node2>
<xnbr_node3>{20.939865}</xnbr_node3>
<xnbr_node4>{20.231289}</xnbr_node4>
<xnbr_node5>{19.674641}</xnbr_node5>
<xnbr_node6>{19.284685}</xnbr_node6>
<xnbr_node7>{19.068396}</xnbr_node7>
<xnbr_node8>{19.039568}</xnbr_node8>
<xnbr_node9>{19.206335}</xnbr_node9>
<xnbr_node10>{19.564716}</xnbr_node10>
<ynbr_node0>{35.573772}</ynbr_node0>
<ynbr_node1>{35.548168}</ynbr_node1>
<ynbr_node2>{35.777294}</ynbr_node2>
<ynbr_node3>{36.254646}</ynbr_node3>
<ynbr_node4>{36.929653}</ynbr_node4>
<ynbr_node5>{37.744354}</ynbr_node5>
<ynbr_node6>{38.653469}</ynbr_node6>
<ynbr_node7>{39.623356}</ynbr_node7>
<ynbr_node8>{40.616707}</ynbr_node8>
<ynbr_node9>{41.596336}</ynbr_node9>
<ynbr_node10>{42.525620}</ynbr_node10>
</xagent>
<xagent>
<name>Sporo</name>
<id>18</id>
<iter>1201</iter>
<FP>1.000000</FP>
<K0>0.200000</K0>
<TH0>2.941593</TH0>
<R0>0.998334</R0>
<coordx>{14.836430, 14.743374, 14.464994, 14.016299, 13.411442, 12.666629, 11.810756, 10.877267, 9.892100, 8.897632, 7.929298}</coordx>
<coordy>{34.811920, 33.817734, 32.857292, 31.962934, 31.169626, 30.499533, 29.984430, 29.638729, 29.479998, 29.522038, 29.764357}</coordy>
<xnbr_node0>{10.239232}</xnbr_node0>
<xnbr_node1>{9.397579}</xnbr_node1>
<xnbr_node2>{8.677358}</xnbr_node2>
<xnbr_node3>{8.095801}</xnbr_node3>
<xnbr_node4>{7.677729}</xnbr_node4>
<xnbr_node5>{7.425460}</xnbr_node5>
<xnbr_node6>{7.360687}</xnbr_node6>
<xnbr_node7>{7.490284}</xnbr_node7>
<xnbr_node8>{7.817089}</xnbr_node8>
<xnbr_node9>{8.326070}</xnbr_node9>
<xnbr_node10>{9.005611}</xnbr_node10>
<ynbr_node0>{36.355759}</ynbr_node0>
<ynbr_node1>{36.891586}</ynbr_node1>
<ynbr_node2>{37.586761}</ynbr_node2>
<ynbr_node3>{38.399906}</ynbr_node3>
<ynbr_node4>{39.312748}</ynbr_node4>
<ynbr_node5>{40.279751}</ynbr_node5>
<ynbr_node6>{41.274807}</ynbr_node6>
<ynbr_node7>{42.263214}</ynbr_node7>
<ynbr_node8>{43.206020}</ynbr_node8>
<ynbr_node9>{44.061718}</ynbr_node9>
<ynbr_node10>{44.796055}</ynbr_node10>
</xagent>
<xagent>
<name>Sporo</name>
<id>17</id>
<iter>1201</iter>
<FP>1.000000</FP>
<K0>0.200000</K0>
<TH0>2.941593</TH0>
<R0>0.998334</R0>
<coordx>{53.057659, 54.051353, 55.045422, 56.011997, 56.917480, 57.729168, 58.415665, 58.951263, 59.308205, 59.476410, 59.443638}</coordx>
<coordy>{34.653275, 34.779636, 34.717907, 34.466331, 34.038418, 33.452438, 32.726612, 31.883011, 30.948185, 29.966675, 28.971992}</coordy>
<xnbr_node0>{62.103535}</xnbr_node0>
<xnbr_node1>{61.162773}</xnbr_node1>
<xnbr_node2>{60.303806}</xnbr_node2>
<xnbr_node3>{59.561684}</xnbr_node3>
<xnbr_node4>{58.953609}</xnbr_node4>
<xnbr_node5>{58.498886}</xnbr_node5>
<xnbr_node6>{58.199890}</xnbr_node6>
<xnbr_node7>{58.053352}</xnbr_node7>
<xnbr_node8>{58.063904}</xnbr_node8>
<xnbr_node9>{58.236961}</xnbr_node9>
<xnbr_node10>{58.580009}</xnbr_node10>
<ynbr_node0>{35.637722}</ynbr_node0>
<ynbr_node1>{35.967075}</ynbr_node1>
<ynbr_node2>{36.472916}</ynbr_node2>
<ynbr_node3>{37.131428}</ynbr_node3>
<ynbr_node4>{37.910164}</ynbr_node4>
<ynbr_node5>{38.792686}</ynbr_node5>
<ynbr_node6>{39.736111}</ynbr_node6>
<ynbr_node7>{40.718567}</ynbr_node7>
<ynbr_node8>{41.710278}</ynbr_node8>
<ynbr_node9>{42.688042}</ynbr_node9>
<ynbr_node10>{43.617176}</ynbr_node10>
</xagent>
<xagent>
<name>Sporo</name>
<id>16</id>
<iter>1201</iter>
<FP>1.000000</FP>
<K0>0.200000</K0>
<TH0>2.941593</TH0>
<R0>0.998334</R0>
<coordx>{37.046158, 36.700943, 36.553318, 36.612301, 36.861240, 37.254333, 37.746204, 38.264866, 38.877579, 39.595787, 40.428402}</coordx>
<coordy>{19.608662, 20.546432, 21.523609, 22.518833, 23.483305, 24.401701, 25.303091, 26.146696, 26.923023, 27.610641, 28.150028}</coordy>
<xnbr_node0>{37.205879, 37.089401, 37.214596, 37.073433}</xnbr_node0>
<xnbr_node1>{37.155182, 36.533817, 36.793060, 38.059105}</xnbr_node1>
<xnbr_node2>{37.214890, 35.833057, 36.161602, 38.997749}</xnbr_node2>
<xnbr_node3>{37.331509, 34.990459, 35.354610, 39.847404}</xnbr_node3>
<xnbr_node4>{37.473972, 34.045010, 34.435444, 40.560848}</xnbr_node4>
<xnbr_node5>{37.634098, 33.056030, 33.463558, 41.107697}</xnbr_node5>
<xnbr_node6>{37.792313, 32.088963, 32.473389, 41.454845}</xnbr_node6>
<xnbr_node7>{37.915165, 31.228867, 31.482996, 41.576797}</xnbr_node7>
<xnbr_node8>{38.115208, 30.546440, 30.515852, 41.467949}</xnbr_node8>
<xnbr_node9>{38.468834, 30.074442, 29.610323, 41.136974}</xnbr_node9>
<xnbr_node10>{38.999924, 29.814463, 28.794809, 40.614292}</xnbr_node10>
<ynbr_node0>{25.044857, 31.814585, 31.136385, 33.597282}</ynbr_node0>
<ynbr_node1>{26.029520, 30.975981, 30.255121, 33.449852}</ynbr_node1>
<ynbr_node2>{27.023256, 30.268856, 29.520370, 33.110252}</ynbr_node2>
<ynbr_node3>{28.012590, 29.735014, 28.969410, 32.589016}</ynbr_node3>
<ynbr_node4>{28.999014, 29.419079, 28.611925, 31.895573}</ynbr_node4>
<ynbr_node5>{29.980883, 29.362154, 28.434015, 31.064167}</ynbr_node5>
<ynbr_node6>{30.958778, 29.585546, 28.407974, 30.130692}</ynbr_node6>
<ynbr_node7>{31.946175, 30.077545, 28.524658, 29.145206}</ynbr_node7>
<ynbr_node8>{32.912666, 30.791553, 28.788813, 28.155432}</ynbr_node8>
<ynbr_node9>{33.835850, 31.666182, 29.200397, 27.215263}</ynbr_node9>
<ynbr_node10>{34.676277, 32.627220, 29.776323, 26.365023}</ynbr_node10>
</xagent>
<xagent>
<name>Sporo</name>
<id>15</id>
<iter>1201</iter>
<FP>1.000000</FP>
<K0>0.200000</K0>
<TH0>2.941593</TH0>
<R0>0.998334</R0>
<coordx>{37.064228, 38.049370, 38.992126, 39.837318, 40.556015, 41.105007, 41.451229, 41.576435, 41.470490, 41.141861, 40.620262}</coordx>
<coordy>{33.598480, 33.451469, 33.118118, 32.599312, 31.904346, 31.074680, 30.141247, 29.154709, 28.167343, 27.221334, 26.372864}</coordy>
<xnbr_node0>{37.205879, 37.089401, 37.214596, 37.042431}</xnbr_node0>
<xnbr_node1>{37.155182, 36.533817, 36.793060, 36.696663}</xnbr_node1>
<xnbr_node2>{37.214890, 35.833057, 36.161602, 36.548229}</xnbr_node2>
<xnbr_node3>{37.331509, 34.990459, 35.354610, 36.612091}</xnbr_node3>
<xnbr_node4>{37.473972, 34.045010, 34.435444, 36.862457}</xnbr_node4>
<xnbr_node5>{37.634098, 33.056030, 33.463558, 37.258492}</xnbr_node5>
<xnbr_node6>{37.792313, 32.088963, 32.473389, 37.750225}</xnbr_node6>
<xnbr_node7>{37.915165, 31.228867, 31.482996, 38.271076}</xnbr_node7>
<xnbr_node8>{38.115208, 30.546440, 30.515852, 38.883629}</xnbr_node8>
<xnbr_node9>{38.468834, 30.074442, 29.610323, 39.599895}</xnbr_node9>
<xnbr_node10>{38.999924, 29.814463, 28.794809, 40.434814}</xnbr_node10>
<ynbr_node0>{25.044857, 31.814585, 31.136385, 19.617222}</ynbr_node0>
<ynbr_node1>{26.029520, 30.975981, 30.255121, 20.553940}</ynbr_node1>
<ynbr_node2>{27.023256, 30.268856, 29.520370, 21.535612}</ynbr_node2>
<ynbr_node3>{28.012590, 29.735014, 28.969410, 22.530306}</ynbr_node3>
<ynbr_node4>{28.999014, 29.419079, 28.611925, 23.492706}</ynbr_node4>
<ynbr_node5>{29.980883, 29.362154, 28.434015, 24.410183}</ynbr_node5>
<ynbr_node6>{30.958778, 29.585546, 28.407974, 25.311537}</ynbr_node6>
<ynbr_node7>{31.946175, 30.077545, 28.524658, 26.153208}</ynbr_node7>
<ynbr_node8>{32.912666, 30.791553, 28.788813, 26.931818}</ynbr_node8>
<ynbr_node9>{33.835850, 31.666182, 29.200397, 27.616627}</ynbr_node9>
<ynbr_node10>{34.676277, 32.627220, 29.776323, 28.158430}</ynbr_node10>
</xagent>
<xagent>
<name>Sporo</name>
<id>14</id>
<iter>1201</iter>
<FP>1.000000</FP>
<K0>0.200000</K0>
<TH0>2.941593</TH0>
<R0>0.998334</R0>
<coordx>{16.937584, 16.421417, 16.079248, 15.917431, 15.939424, 16.138411, 16.518890, 17.059870, 17.757101, 18.583780, 19.512503}</coordx>
<coordy>{19.196091, 20.050020, 20.991816, 21.974457, 22.972580, 23.953909, 24.878538, 25.719131, 26.431067, 26.984230, 27.358608}</coordy>
<xnbr_node0>{23.305614, 14.006677}</xnbr_node0>
<xnbr_node1>{23.782528, 14.345810}</xnbr_node1>
<xnbr_node2>{24.089033, 14.501246}</xnbr_node2>
<xnbr_node3>{24.214890, 14.471060}</xnbr_node3>
<xnbr_node4>{24.156832, 14.257428}</xnbr_node4>
<xnbr_node5>{23.913914, 13.871082}</xnbr_node5>
<xnbr_node6>{23.506014, 13.314039}</xnbr_node6>
<xnbr_node7>{22.935320, 12.608060}</xnbr_node7>
<xnbr_node8>{22.220963, 11.774010}</xnbr_node8>
<xnbr_node9>{21.378735, 10.844586}</xnbr_node9>
<xnbr_node10>{20.441645, 9.859402}</xnbr_node10>
<ynbr_node0>{30.631311, 18.986036}</ynbr_node0>
<ynbr_node1>{29.752293, 18.047104}</ynbr_node1>
<ynbr_node2>{28.804579, 17.063339}</ynbr_node2>
<ynbr_node3>{27.811014, 16.062271}</ynbr_node3>
<ynbr_node4>{26.813133, 15.086095}</ynbr_node4>
<ynbr_node5>{25.842197, 14.165827}</ynbr_node5>
<ynbr_node6>{24.930439, 13.334747}</ynbr_node6>
<ynbr_node7>{24.106657, 12.628917}</ynbr_node7>
<ynbr_node8>{23.411678, 12.081821}</ynbr_node8>
<ynbr_node9>{22.872086, 11.716791}</ynbr_node9>
<ynbr_node10>{22.517368, 11.546189}</ynbr_node10>
</xagent>
<xagent>
<name>Sporo</name>
<id>13</id>
<iter>1201</iter>
<FP>1.000000</FP>
<K0>0.200000</K0>
<TH0>2.941593</TH0>
<R0>0.998334</R0>
<coordx>{23.299717, 23.777668, 24.087673, 24.214191, 24.157490, 23.917246, 23.510635, 22.943054, 22.228874, 21.387220, 20.453011}</coordx>
<coordy>{30.636106, 29.765528, 28.810402, 27.824110, 26.823496, 25.851915, 24.938431, 24.116812, 23.412727, 22.876818, 22.519083}</coordy>
<xnbr_node0>{16.932127}</xnbr_node0>
<xnbr_node1>{16.415997}</xnbr_node1>
<xnbr_node2>{16.077278}</xnbr_node2>
<xnbr_node3>{15.917877}</xnbr_node3>
<xnbr_node4>{15.936461}</xnbr_node4>
<xnbr_node5>{16.141819}</xnbr_node5>
<xnbr_node6>{16.524033}</xnbr_node6>
<xnbr_node7>{17.067028}</xnbr_node7>
<xnbr_node8>{17.764992}</xnbr_node8>
<xnbr_node9>{18.594193}</xnbr_node9>
<xnbr_node10>{19.522348}</xnbr_node10>
<ynbr_node0>{19.204538}</ynbr_node0>
<ynbr_node1>{20.059301}</ynbr_node1>
<ynbr_node2>{20.996965}</ynbr_node2>
<ynbr_node3>{21.985031}</ynbr_node3>
<ynbr_node4>{22.984926}</ynbr_node4>
<ynbr_node5>{23.964617}</ynbr_node5>
<ynbr_node6>{24.884674}</ynbr_node6>
<ynbr_node7>{25.728567}</ynbr_node7>
<ynbr_node8>{26.437841}</ynbr_node8>
<ynbr_node9>{26.988634}</ynbr_node9>
<ynbr_node10>{27.362173}</ynbr_node10>
</xagent>
<xagent>
<name>Sporo</name>
<id>12</id>
<iter>1201</iter>
<FP>1.000000</FP>
<K0>0.200000</K0>
<TH0>2.941593</TH0>
<R0>0.998334</R0>
<coordx>{13.779543, 13.693916, 13.419199, 12.970908, 12.363779, 11.621046, 10.763903, 9.820500, 8.836919, 7.842015, 6.885502}</coordx>
<coordy>{24.560974, 23.566479, 22.603550, 21.713556, 20.917099, 20.251314, 19.740429, 19.408854, 19.274916, 19.343235, 19.613686}</coordy>
<xnbr_node0>{6.286961, 14.006677}</xnbr_node0>
<xnbr_node1>{5.987333, 14.345810}</xnbr_node1>
<xnbr_node2>{5.875491, 14.501246}</xnbr_node2>
<xnbr_node3>{5.951717, 14.471060}</xnbr_node3>
<xnbr_node4>{6.205009, 14.257428}</xnbr_node4>
<xnbr_node5>{6.633491, 13.871082}</xnbr_node5>
<xnbr_node6>{7.217339, 13.314039}</xnbr_node6>
<xnbr_node7>{7.950406, 12.608060}</xnbr_node7>
<xnbr_node8>{8.808983, 11.774010}</xnbr_node8>
<xnbr_node9>{9.748674, 10.844586}</xnbr_node9>
<xnbr_node10>{10.735870, 9.859402}</xnbr_node10>
<ynbr_node0>{11.397129, 18.986036}</ynbr_node0>
<ynbr_node1>{12.347198, 18.047104}</ynbr_node1>
<ynbr_node2>{13.337273, 17.063339}</ynbr_node2>
<ynbr_node3>{14.337136, 16.062271}</ynbr_node3>
<ynbr_node4>{15.304197, 15.086095}</ynbr_node4>
<ynbr_node5>{16.208385, 14.165827}</ynbr_node5>
<ynbr_node6>{17.010475, 13.334747}</ynbr_node6>
<ynbr_node7>{17.685472, 12.628917}</ynbr_node7>
<ynbr_node8>{18.199116, 12.081821}</ynbr_node8>
<ynbr_node9>{18.532257, 11.716791}</ynbr_node9>
<ynbr_node10>{18.669289, 11.546189}</ynbr_node10>
</xagent>
<xagent>
<name>Sporo</name>
<id>11</id>
<iter>1201</iter>
<FP>1.000000</FP>
<K0>0.200000</K0>
<TH0>2.941593</TH0>
<R0>0.998334</R0>
<coordx>{54.854855, 53.857868, 52.896816, 52.002655, 51.210320, 50.548668, 50.041386, 49.697685, 49.541588, 49.581108, 49.817284}</coordx>
<coordy>{5.150801, 5.243806, 5.522353, 5.979221, 6.587735, 7.332460, 8.191875, 9.129248, 10.118369, 11.115658, 12.086871}</coordy>
<xnbr_node0>{53.940815}</xnbr_node0>
<xnbr_node1>{54.887478}</xnbr_node1>
<xnbr_node2>{55.879608}</xnbr_node2>
<xnbr_node3>{56.882420}</xnbr_node3>
<xnbr_node4>{57.881462}</xnbr_node4>
<xnbr_node5>{58.858173}</xnbr_node5>
<xnbr_node6>{59.815735}</xnbr_node6>
<xnbr_node7>{60.738091}</xnbr_node7>
<xnbr_node8>{61.601688}</xnbr_node8>
<xnbr_node9>{62.377647}</xnbr_node9>
<xnbr_node10>{63.023762}</xnbr_node10>
<ynbr_node0>{2.948015}</ynbr_node0>
<ynbr_node1>{3.259422}</ynbr_node1>
<ynbr_node2>{3.390861}</ynbr_node2>
<ynbr_node3>{3.380359}</ynbr_node3>
<ynbr_node4>{3.253758}</ynbr_node4>
<ynbr_node5>{3.030406}</ynbr_node5>
<ynbr_node6>{2.727698}</ynbr_node6>
<ynbr_node7>{2.324425}</ynbr_node7>
<ynbr_node8>{1.821775}</ynbr_node8>
<ynbr_node9>{1.190856}</ynbr_node9>
<ynbr_node10>{0.436094}</ynbr_node10>
</xagent>
<xagent>
<name>Sporo</name>
<id>10</id>
<iter>1201</iter>
<FP>1.000000</FP>
<K0>0.200000</K0>
<TH0>2.941593</TH0>
<R0>0.998334</R0>
<coordx>{42.254456, 41.322693, 40.470329, 39.737644, 39.136009, 38.690533, 38.419979, 38.335835, 38.446964, 38.757839, 39.255783}</coordx>
<coordy>{5.453129, 5.805297, 6.333525, 7.012907, 7.812763, 8.705112, 9.670477, 10.666030, 11.659445, 12.610274, 13.474846}</coordy>
<xnbr_node0>{}</xnbr_node0>
<xnbr_node1>{}</xnbr_node1>
<xnbr_node2>{}</xnbr_node2>
<xnbr_node3>{}</xnbr_node3>
<xnbr_node4>{}</xnbr_node4>
<xnbr_node5>{}</xnbr_node5>
<xnbr_node6>{}</xnbr_node6>
<xnbr_node7>{}</xnbr_node7>
<xnbr_node8>{}</xnbr_node8>
<xnbr_node9>{}</xnbr_node9>
<xnbr_node10>{}</xnbr_node10>
<ynbr_node0>{}</ynbr_node0>
<ynbr_node1>{}</ynbr_node1>
<ynbr_node2>{}</ynbr_node2>
<ynbr_node3>{}</ynbr_node3>
<ynbr_node4>{}</ynbr_node4>
<ynbr_node5>{}</ynbr_node5>
<ynbr_node6>{}</ynbr_node6>
<ynbr_node7>{}</ynbr_node7>
<ynbr_node8>{}</ynbr_node8>
<ynbr_node9>{}</ynbr_node9>
<ynbr_node10>{}</ynbr_node10>
</xagent>
<xagent>
<name>Sporo</name>
<id>9</id>
<iter>1201</iter>
<FP>1.000000</FP>
<K0>0.200000</K0>
<TH0>2.941593</TH0>
<R0>0.998334</R0>
<coordx>{27.346197, 26.737206, 26.281956, 26.000355, 25.909250, 26.011845, 26.307280, 26.789000, 27.444075, 28.237087, 29.138903}</coordx>
<coordy>{8.671855, 9.465342, 10.353427, 11.313033, 12.306738, 13.301565, 14.253890, 15.127563, 15.882360, 16.488157, 16.920397}</coordy>
<xnbr_node0>{22.977581}</xnbr_node0>
<xnbr_node1>{23.954809}</xnbr_node1>
<xnbr_node2>{24.953804}</xnbr_node2>
<xnbr_node3>{25.941547}</xnbr_node3>
<xnbr_node4>{26.877647}</xnbr_node4>
<xnbr_node5>{27.728338}</xnbr_node5>
<xnbr_node6>{28.452646}</xnbr_node6>
<xnbr_node7>{29.002876}</xnbr_node7>
<xnbr_node8>{29.357754}</xnbr_node8>
<xnbr_node9>{29.502529}</xnbr_node9>
<xnbr_node10>{29.438446}</xnbr_node10>
<ynbr_node0>{14.242514}</ynbr_node0>
<ynbr_node1>{14.465748}</ynbr_node1>
<ynbr_node2>{14.502522}</ynbr_node2>
<ynbr_node3>{14.348652}</ynbr_node3>
<ynbr_node4>{14.005500}</ynbr_node4>
<ynbr_node5>{13.477302}</ynbr_node5>
<ynbr_node6>{12.785478}</ynbr_node6>
<ynbr_node7>{11.957195}</ynbr_node7>
<ynbr_node8>{11.026295}</ynbr_node8>
<ynbr_node9>{10.038118}</ynbr_node9>
<ynbr_node10>{9.040611}</ynbr_node10>
</xagent>
<xagent>
<name>Sporo</name>
<id>8</id>
<iter>1201</iter>
<FP>1.000000</FP>
<K0>0.200000</K0>
<TH0>2.941593</TH0>
<R0>0.998334</R0>
<coordx>{25.032576, 24.046194, 23.045366, 22.089497, 21.218515, 20.478275, 19.914097, 19.552988, 19.417858, 19.503546, 19.796124}</coordx>
<coordy>{5.879324, 5.768603, 5.854890, 6.141715, 6.627433, 7.295873, 8.110409, 9.034187, 10.022954, 11.017840, 11.969579}</coordy>
<xnbr_node0>{27.341253, 21.973145}</xnbr_node0>
<xnbr_node1>{26.731724, 22.652781}</xnbr_node1>
<xnbr_node2>{26.275805, 23.179243}</xnbr_node2>
<xnbr_node3>{25.999008, 23.539410}</xnbr_node3>
<xnbr_node4>{25.908117, 23.713558}</xnbr_node4>
<xnbr_node5>{26.013792, 23.699434}</xnbr_node5>
<xnbr_node6>{26.311148, 23.473608}</xnbr_node6>
<xnbr_node7>{26.795172, 23.052961}</xnbr_node7>
<xnbr_node8>{27.450272, 22.448315}</xnbr_node8>
<xnbr_node9>{28.245886, 21.688698}</xnbr_node9>
<xnbr_node10>{29.148600, 20.814392}</xnbr_node10>
<ynbr_node0>{8.683554, 11.539918}</ynbr_node0>
<ynbr_node1>{9.475283, 10.807366}</ynbr_node1>
<ynbr_node2>{10.362996, 9.959085}</ynbr_node2>
<ynbr_node3>{11.322490, 9.027160}</ynbr_node3>
<ynbr_node4>{12.316935, 8.043816}</ynbr_node4>
<ynbr_node5>{13.310779, 7.045136}</ynbr_node5>
<ynbr_node6>{14.262986, 6.073538}</ynbr_node6>
<ynbr_node7>{15.135756, 5.167150}</ynbr_node7>
<ynbr_node8>{15.889727, 4.374551}</ynbr_node8>
<ynbr_node9>{16.493626, 3.726876}</ynbr_node9>
<ynbr_node10>{16.924219, 3.248254}</ynbr_node10>
</xagent>
<xagent>
<name>Sporo</name>
<id>7</id>
<iter>1201</iter>
<FP>1.000000</FP>
<K0>0.200000</K0>
<TH0>2.941593</TH0>
<R0>0.998334</R0>
<coordx>{6.289547, 5.989419, 5.877356, 5.950391, 6.202536, 6.626593, 7.211858, 7.947221, 8.798682, 9.736788, 10.726349}</coordx>
<coordy>{11.387244, 12.337815, 13.328624, 14.325289, 15.295569, 16.198748, 17.003326, 17.684256, 18.195110, 18.531576, 18.668369}</coordy>
<xnbr_node0>{13.778986, 14.006677}</xnbr_node0>
<xnbr_node1>{13.691798, 14.345810}</xnbr_node1>
<xnbr_node2>{13.413767, 14.501246}</xnbr_node2>
<xnbr_node3>{12.962031, 14.471060}</xnbr_node3>
<xnbr_node4>{12.359700, 14.257428}</xnbr_node4>
<xnbr_node5>{11.611502, 13.871082}</xnbr_node5>
<xnbr_node6>{10.755438, 13.314039}</xnbr_node6>
<xnbr_node7>{9.812773, 12.608060}</xnbr_node7>
<xnbr_node8>{8.827629, 11.774010}</xnbr_node8>
<xnbr_node9>{7.831873, 10.844586}</xnbr_node9>
<xnbr_node10>{6.875114, 9.859402}</xnbr_node10>
<ynbr_node0>{24.550880, 18.986036}</ynbr_node0>
<ynbr_node1>{23.553804, 18.047104}</ynbr_node1>
<ynbr_node2>{22.595211, 17.063339}</ynbr_node2>
<ynbr_node3>{21.702211, 16.062271}</ynbr_node3>
<ynbr_node4>{20.909042, 15.086095}</ynbr_node4>
<ynbr_node5>{20.245707, 14.165827}</ynbr_node5>
<ynbr_node6>{19.735977, 13.334747}</ynbr_node6>
<ynbr_node7>{19.406908, 12.628917}</ynbr_node7>
<ynbr_node8>{19.273218, 12.081821}</ynbr_node8>
<ynbr_node9>{19.345539, 11.716791}</ynbr_node9>
<ynbr_node10>{19.614061, 11.546189}</ynbr_node10>
</xagent>
<xagent>
<name>Sporo</name>
<id>6</id>
<iter>1201</iter>
<FP>1.000000</FP>
<K0>0.200000</K0>
<TH0>2.941593</TH0>
<R0>0.998334</R0>
<coordx>{14.002552, 14.341792, 14.500109, 14.470121, 14.261231, 13.874233, 13.321312, 12.618716, 11.782221, 10.856022, 9.870014}</coordx>
<coordy>{18.995306, 18.058647, 17.072376, 16.073517, 15.095621, 14.173285, 13.343519, 12.635043, 12.086417, 11.718945, 11.547986}</coordy>
<xnbr_node0>{16.932127, 13.778986, 6.286961}</xnbr_node0>
<xnbr_node1>{16.415997, 13.691798, 5.987333}</xnbr_node1>
<xnbr_node2>{16.077278, 13.413767, 5.875491}</xnbr_node2>
<xnbr_node3>{15.917877, 12.962031, 5.951717}</xnbr_node3>
<xnbr_node4>{15.936461, 12.359700, 6.205009}</xnbr_node4>
<xnbr_node5>{16.141819, 11.611502, 6.633491}</xnbr_node5>
<xnbr_node6>{16.524033, 10.755438, 7.217339}</xnbr_node6>
<xnbr_node7>{17.067028, 9.812773, 7.950406}</xnbr_node7>
<xnbr_node8>{17.764992, 8.827629, 8.808983}</xnbr_node8>
<xnbr_node9>{18.594193, 7.831873, 9.748674}</xnbr_node9>
<xnbr_node10>{19.522348, 6.875114, 10.735870}</xnbr_node10>
<ynbr_node0>{19.204538, 24.550880, 11.397129}</ynbr_node0>
<ynbr_node1>{20.059301, 23.553804, 12.347198}</ynbr_node1>
<ynbr_node2>{20.996965, 22.595211, 13.337273}</ynbr_node2>
<ynbr_node3>{21.985031, 21.702211, 14.337136}</ynbr_node3>
<ynbr_node4>{22.984926, 20.909042, 15.304197}</ynbr_node4>
<ynbr_node5>{23.964617, 20.245707, 16.208385}</ynbr_node5>
<ynbr_node6>{24.884674, 19.735977, 17.010475}</ynbr_node6>
<ynbr_node7>{25.728567, 19.406908, 17.685472}</ynbr_node7>
<ynbr_node8>{26.437841, 19.273218, 18.199116}</ynbr_node8>
<ynbr_node9>{26.988634, 19.345539, 18.532257}</ynbr_node9>
<ynbr_node10>{27.362173, 19.614061, 18.669289}</ynbr_node10>
</xagent>
<xagent>
<name>Sporo</name>
<id>5</id>
<iter>1201</iter>
<FP>1.000000</FP>
<K0>0.200000</K0>
<TH0>2.941593</TH0>
<R0>0.998334</R0>
<coordx>{52.346741, 53.329639, 54.329304, 55.314121, 56.246204, 57.101002, 57.843536, 58.440708, 58.858242, 59.090874, 59.126602}</coordx>
<coordy>{14.513122, 14.701254, 14.696729, 14.509651, 14.149875, 13.628822, 12.957088, 12.153267, 11.254201, 10.281414, 9.282616}</coordy>
<xnbr_node0>{54.844780}</xnbr_node0>
<xnbr_node1>{53.847343}</xnbr_node1>
<xnbr_node2>{52.887779}</xnbr_node2>
<xnbr_node3>{51.995762}</xnbr_node3>
<xnbr_node4>{51.203873}</xnbr_node4>
<xnbr_node5>{50.545227}</xnbr_node5>
<xnbr_node6>{50.034691}</xnbr_node6>
<xnbr_node7>{49.694859}</xnbr_node7>
<xnbr_node8>{49.540524}</xnbr_node8>
<xnbr_node9>{49.582699}</xnbr_node9>
<xnbr_node10>{49.820782}</xnbr_node10>
<ynbr_node0>{5.151229}</ynbr_node0>
<ynbr_node1>{5.244970}</ynbr_node1>
<ynbr_node2>{5.526506}</ynbr_node2>
<ynbr_node3>{5.981064}</ynbr_node3>
<ynbr_node4>{6.595711}</ynbr_node4>
<ynbr_node5>{7.344026}</ynbr_node5>
<ynbr_node6>{8.201515}</ynbr_node6>
<ynbr_node7>{9.142153}</ynbr_node7>
<ynbr_node8>{10.128077}</ynbr_node8>
<ynbr_node9>{11.125500}</ynbr_node9>
<ynbr_node10>{12.095296}</ynbr_node10>
</xagent>
<xagent>
<name>Sporo</name>
<id>4</id>
<iter>1201</iter>
<FP>1.000000</FP>
<K0>0.200000</K0>
<TH0>2.941593</TH0>
<R0>0.998334</R0>
<coordx>{50.644417, 49.782833, 48.838104, 47.851078, 46.852776, 45.875305, 44.956432, 44.127197, 43.421238, 42.877106, 42.516239}</coordx>
<coordy>{56.860390, 56.361156, 56.037434, 55.891014, 55.925102, 56.138523, 56.528328, 57.080708, 57.787033, 58.625069, 59.554314}</coordy>
<xnbr_node0>{}</xnbr_node0>
<xnbr_node1>{}</xnbr_node1>
<xnbr_node2>{}</xnbr_node2>
<xnbr_node3>{}</xnbr_node3>
<xnbr_node4>{}</xnbr_node4>
<xnbr_node5>{}</xnbr_node5>
<xnbr_node6>{}</xnbr_node6>
<xnbr_node7>{}</xnbr_node7>
<xnbr_node8>{}</xnbr_node8>
<xnbr_node9>{}</xnbr_node9>
<xnbr_node10>{}</xnbr_node10>
<ynbr_node0>{}</ynbr_node0>
<ynbr_node1>{}</ynbr_node1>
<ynbr_node2>{}</ynbr_node2>
<ynbr_node3>{}</ynbr_node3>
<ynbr_node4>{}</ynbr_node4>
<ynbr_node5>{}</ynbr_node5>
<ynbr_node6>{}</ynbr_node6>
<ynbr_node7>{}</ynbr_node7>
<ynbr_node8>{}</ynbr_node8>
<ynbr_node9>{}</ynbr_node9>
<ynbr_node10>{}</ynbr_node10>
</xagent>
<xagent>
<name>Sporo</name>
<id>3</id>
<iter>1201</iter>
<FP>1.000000</FP>
<K0>0.200000</K0>
<TH0>2.941593</TH0>
<R0>0.998334</R0>
<coordx>{26.570818, 26.353994, 26.274082, 26.301743, 26.419611, 26.629105, 26.938107, 27.361450, 27.907711, 28.587801, 29.400738}</coordx>
<coordy>{-3.023915, -2.040065, -1.035297, -0.025190, 0.978583, 1.965710, 2.918446, 3.826385, 4.665879, 5.394968, 5.980907}</coordy>
<xnbr_node0>{27.182425, 25.024511}</xnbr_node0>
<xnbr_node1>{27.096893, 24.030411}</xnbr_node1>
<xnbr_node2>{27.189728, 23.035164}</xnbr_node2>
<xnbr_node3>{27.486816, 22.079350}</xnbr_node3>
<xnbr_node4>{28.005785, 21.208113}</xnbr_node4>
<xnbr_node5>{28.722263, 20.471132}</xnbr_node5>
<xnbr_node6>{29.585754, 19.909655}</xnbr_node6>
<xnbr_node7>{30.549490, 19.554310}</xnbr_node7>
<xnbr_node8>{31.538811, 19.415014}</xnbr_node8>
<xnbr_node9>{32.505302, 19.506914}</xnbr_node9>
<xnbr_node10>{33.394875, 19.799809}</xnbr_node10>
<ynbr_node0>{-3.621723, 5.878764}</ynbr_node0>
<ynbr_node1>{-2.623783, 5.767321}</ynbr_node1>
<ynbr_node2>{-1.638351, 5.857176}</ynbr_node2>
<ynbr_node3>{-0.700260, 6.146886}</ynbr_node3>
<ynbr_node4>{0.138161, 6.628946}</ynbr_node4>
<ynbr_node5>{0.818333, 7.300610}</ynbr_node5>
<ynbr_node6>{1.295902, 8.119785}</ynbr_node6>
<ynbr_node7>{1.533276, 9.045906}</ynbr_node7>
<ynbr_node8>{1.519905, 10.035535}</ynbr_node8>
<ynbr_node9>{1.272720, 11.026838}</ynbr_node9>
<ynbr_node10>{0.825649, 11.978450}</ynbr_node10>
</xagent>
<xagent>
<name>Sporo</name>
<id>2</id>
<iter>1201</iter>
<FP>1.000000</FP>
<K0>0.200000</K0>
<TH0>2.941593</TH0>
<R0>0.998334</R0>
<coordx>{22.967823, 23.944250, 24.942341, 25.931751, 26.870209, 27.719561, 28.444244, 28.997759, 29.355936, 29.501371, 29.440815}</coordx>
<coordy>{14.236690, 14.465339, 14.502152, 14.352400, 14.010275, 13.483320, 12.795822, 11.965787, 11.034220, 10.046225, 9.048271}</coordy>
<xnbr_node0>{27.341253, 21.973145}</xnbr_node0>
<xnbr_node1>{26.731724, 22.652781}</xnbr_node1>
<xnbr_node2>{26.275805, 23.179243}</xnbr_node2>
<xnbr_node3>{25.999008, 23.539410}</xnbr_node3>
<xnbr_node4>{25.908117, 23.713558}</xnbr_node4>
<xnbr_node5>{26.013792, 23.699434}</xnbr_node5>
<xnbr_node6>{26.311148, 23.473608}</xnbr_node6>
<xnbr_node7>{26.795172, 23.052961}</xnbr_node7>
<xnbr_node8>{27.450272, 22.448315}</xnbr_node8>
<xnbr_node9>{28.245886, 21.688698}</xnbr_node9>
<xnbr_node10>{29.148600, 20.814392}</xnbr_node10>
<ynbr_node0>{8.683554, 11.539918}</ynbr_node0>
<ynbr_node1>{9.475283, 10.807366}</ynbr_node1>
<ynbr_node2>{10.362996, 9.959085}</ynbr_node2>
<ynbr_node3>{11.322490, 9.027160}</ynbr_node3>
<ynbr_node4>{12.316935, 8.043816}</ynbr_node4>
<ynbr_node5>{13.310779, 7.045136}</ynbr_node5>
<ynbr_node6>{14.262986, 6.073538}</ynbr_node6>
<ynbr_node7>{15.135756, 5.167150}</ynbr_node7>
<ynbr_node8>{15.889727, 4.374551}</ynbr_node8>
<ynbr_node9>{16.493626, 3.726876}</ynbr_node9>
<ynbr_node10>{16.924219, 3.248254}</ynbr_node10>
</xagent>
<xagent>
<name>Sporo</name>
<id>1</id>
<iter>1201</iter>
<FP>1.000000</FP>
<K0>0.200000</K0>
<TH0>2.941593</TH0>
<R0>0.998334</R0>
<coordx>{21.966452, 22.646078, 23.176710, 23.537710, 23.713438, 23.699076, 23.477659, 23.057858, 22.455866, 21.694378, 20.825445}</coordx>
<coordy>{11.547090, 10.812402, 9.968949, 9.036032, 8.050182, 7.056578, 6.082514, 5.176946, 4.381629, 3.732592, 3.252774}</coordy>
<xnbr_node0>{25.024511}</xnbr_node0>
<xnbr_node1>{24.030411}</xnbr_node1>
<xnbr_node2>{23.035164}</xnbr_node2>
<xnbr_node3>{22.079350}</xnbr_node3>
<xnbr_node4>{21.208113}</xnbr_node4>
<xnbr_node5>{20.471132}</xnbr_node5>
<xnbr_node6>{19.909655}</xnbr_node6>
<xnbr_node7>{19.554310}</xnbr_node7>
<xnbr_node8>{19.415014}</xnbr_node8>
<xnbr_node9>{19.506914}</xnbr_node9>
<xnbr_node10>{19.799809}</xnbr_node10>
<ynbr_node0>{5.878764}</ynbr_node0>
<ynbr_node1>{5.767321}</ynbr_node1>
<ynbr_node2>{5.857176}</ynbr_node2>
<ynbr_node3>{6.146886}</ynbr_node3>
<ynbr_node4>{6.628946}</ynbr_node4>
<ynbr_node5>{7.300610}</ynbr_node5>
<ynbr_node6>{8.119785}</ynbr_node6>
<ynbr_node7>{9.045906}</ynbr_node7>
<ynbr_node8>{10.035535}</ynbr_node8>
<ynbr_node9>{11.026838}</ynbr_node9>
<ynbr_node10>{11.978450}</ynbr_node10>
</xagent>
</states>
