<states>
<itno>1301</itno>
<environment>
<NNODES>11</NNODES>
<WIDTH>0.450000</WIDTH>
<DT>0.010000</DT>
<NOISE>0.000100</NOISE>
<DELTA>1.800000</DELTA>
<KEL>30.000000</KEL>
<KI>0.020000</KI>
<KTH>4.000000</KTH>
<SIDEBOX>0.000000</SIDEBOX>
<SIDEX>60</SIDEX>
<SIDEY>60</SIDEY>
</environment>
<xagent>
<name>Sporo</name>
<id>36</id>
<iter>1301</iter>
<FP>1.000000</FP>
<K0>0.200000</K0>
<TH0>2.941593</TH0>
<R0>0.998334</R0>
<coordx>{14.330340, 14.058712, 13.614305, 13.020144, 12.289375, 11.448768, 10.522198, 9.541494, 8.543728, 7.566355, 6.647904}</coordx>
<coordy>{2.828488, 1.864628, 0.969615, 0.170080, -0.511808, -1.055882, -1.430657, -1.627248, -1.629341, -1.432134, -1.035044}</coordy>
<xnbr_node0>{}</xnbr_node0>
<xnbr_node1>{}</xnbr_node1>
<xnbr_node2>{}</xnbr_node2>
<xnbr_node3>{}</xnbr_node3>
<xnbr_node4>{}</xnbr_node4>
<xnbr_node5>{}</xnbr_node5>
<xnbr_node6>{}</xnbr_node6>
<xnbr_node7>{}</xnbr_node7>
<xnbr_node8>{}</xnbr_node8>
<xnbr_node9>{}</xnbr_node9>
<xnbr_node10>{}</xnbr_node10>
<ynbr_node0>{}</ynbr_node0>
<ynbr_node1>{}</ynbr_node1>
<ynbr_node2>{}</ynbr_node2>
<ynbr_node3>{}</ynbr_node3>
<ynbr_node4>{}</ynbr_node4>
<ynbr_node5>{}</ynbr_node5>
<ynbr_node6>{}</ynbr_node6>
<ynbr_node7>{}</ynbr_node7>
<ynbr_node8>{}</ynbr_node8>
<ynbr_node9>{}</ynbr_node9>
<ynbr_node10>{}</ynbr_node10>
</xagent>
<xagent>
<name>Sporo</name>
<id>35</id>
<iter>1301</iter>
<FP>1.000000</FP>
<K0>0.200000</K0>
<TH0>2.941593</TH0>
<R0>0.998334</R0>
<coordx>{52.260597, 53.054218, 53.947327, 54.911205, 55.905357, 56.889778, 57.824085, 58.643654, 59.312355, 59.787281, 60.064632}</coordx>
<coordy>{61.147049, 61.751083, 62.198944, 62.475685, 62.554115, 62.428410, 62.081268, 61.523285, 60.781643, 59.909664, 58.950336}</coordy>
<xnbr_node0>{53.072872, 51.406746}</xnbr_node0>
<xnbr_node1>{53.965778, 50.642635}</xnbr_node1>
<xnbr_node2>{54.920086, 49.773106}</xnbr_node2>
<xnbr_node3>{55.911400, 48.832676}</xnbr_node3>
<xnbr_node4>{56.912792, 47.843784}</xnbr_node4>
<xnbr_node5>{57.907497, 46.842823}</xnbr_node5>
<xnbr_node6>{58.887020, 45.864685}</xnbr_node6>
<xnbr_node7>{59.841572, 44.948479}</xnbr_node7>
<xnbr_node8>{60.741913, 44.124657}</xnbr_node8>
<xnbr_node9>{61.562344, 43.434414}</xnbr_node9>
<xnbr_node10>{62.261810, 42.906208}</xnbr_node10>
<ynbr_node0>{62.552547, 57.475761}</ynbr_node0>
<ynbr_node1>{63.004921, 56.834488}</ynbr_node1>
<ynbr_node2>{63.292545, 56.347023}</ynbr_node2>
<ynbr_node3>{63.428871, 56.022045}</ynbr_node3>
<ynbr_node4>{63.436176, 55.875580}</ynbr_node4>
<ynbr_node5>{63.329346, 55.912460}</ynbr_node5>
<ynbr_node6>{63.116310, 56.130707}</ynbr_node6>
<ynbr_node7>{62.799297, 56.525604}</ynbr_node7>
<ynbr_node8>{62.367912, 57.091167}</ynbr_node8>
<ynbr_node9>{61.803318, 57.815342}</ynbr_node9>
<ynbr_node10>{61.094925, 58.658504}</ynbr_node10>
</xagent>
<xagent>
<name>Sporo</name>
<id>34</id>
<iter>1301</iter>
<FP>1.000000</FP>
<K0>0.200000</K0>
<TH0>2.941593</TH0>
<R0>0.998334</R0>
<coordx>{54.897324, 54.722523, 54.363934, 53.841167, 53.174717, 52.377026, 51.483521, 50.523335, 49.518681, 48.530533, 47.581352}</coordx>
<coordy>{53.391510, 52.406765, 51.476662, 50.625797, 49.881733, 49.270382, 48.821518, 48.546986, 48.467266, 48.594082, 48.910576}</coordy>
<xnbr_node0>{}</xnbr_node0>
<xnbr_node1>{}</xnbr_node1>
<xnbr_node2>{}</xnbr_node2>
<xnbr_node3>{}</xnbr_node3>
<xnbr_node4>{}</xnbr_node4>
<xnbr_node5>{}</xnbr_node5>
<xnbr_node6>{}</xnbr_node6>
<xnbr_node7>{}</xnbr_node7>
<xnbr_node8>{}</xnbr_node8>
<xnbr_node9>{}</xnbr_node9>
<xnbr_node10>{}</xnbr_node10>
<ynbr_node0>{}</ynbr_node0>
<ynbr_node1>{}</ynbr_node1>
<ynbr_node2>{}</ynbr_node2>
<ynbr_node3>{}</ynbr_node3>
<ynbr_node4>{}</ynbr_node4>
<ynbr_node5>{}</ynbr_node5>
<ynbr_node6>{}</ynbr_node6>
<ynbr_node7>{}</ynbr_node7>
<ynbr_node8>{}</ynbr_node8>
<ynbr_node9>{}</ynbr_node9>
<ynbr_node10>{}</ynbr_node10>
</xagent>
<xagent>
<name>Sporo</name>
<id>33</id>
<iter>1301</iter>
<FP>1.000000</FP>
<K0>0.200000</K0>
<TH0>2.941593</TH0>
<R0>0.998334</R0>
<coordx>{27.577007, 27.268875, 27.133987, 27.202719, 27.496990, 28.011761, 28.733143, 29.605352, 30.575073, 31.569906, 32.541725}</coordx>
<coordy>{55.449821, 56.403522, 57.384483, 58.372921, 59.319992, 60.159870, 60.838436, 61.307892, 61.539074, 61.532917, 61.308533}</coordy>
<xnbr_node0>{26.727537}</xnbr_node0>
<xnbr_node1>{26.411606}</xnbr_node1>
<xnbr_node2>{26.241821}</xnbr_node2>
<xnbr_node3>{26.186636}</xnbr_node3>
<xnbr_node4>{26.230326}</xnbr_node4>
<xnbr_node5>{26.363934}</xnbr_node5>
<xnbr_node6>{26.586626}</xnbr_node6>
<xnbr_node7>{26.920927}</xnbr_node7>
<xnbr_node8>{27.372450}</xnbr_node8>
<xnbr_node9>{27.962929}</xnbr_node9>
<xnbr_node10>{28.695093}</xnbr_node10>
<ynbr_node0>{56.024757}</ynbr_node0>
<ynbr_node1>{56.983379}</ynbr_node1>
<ynbr_node2>{57.970856}</ynbr_node2>
<ynbr_node3>{58.975983}</ynbr_node3>
<ynbr_node4>{59.981964}</ynbr_node4>
<ynbr_node5>{60.978016}</ynbr_node5>
<ynbr_node6>{61.954399}</ynbr_node6>
<ynbr_node7>{62.902649}</ynbr_node7>
<ynbr_node8>{63.795975}</ynbr_node8>
<ynbr_node9>{64.600998}</ynbr_node9>
<ynbr_node10>{65.281693}</ynbr_node10>
</xagent>
<xagent>
<name>Sporo</name>
<id>32</id>
<iter>1301</iter>
<FP>1.000000</FP>
<K0>0.200000</K0>
<TH0>2.941593</TH0>
<R0>0.998334</R0>
<coordx>{16.413090, 15.939268, 15.644234, 15.524912, 15.582538, 15.820898, 16.238230, 16.825186, 17.553972, 18.407757, 19.349991}</coordx>
<coordy>{50.405334, 51.284885, 52.238682, 53.231197, 54.226185, 55.195168, 56.102554, 56.904491, 57.578789, 58.096169, 58.426945}</coordy>
<xnbr_node0>{}</xnbr_node0>
<xnbr_node1>{}</xnbr_node1>
<xnbr_node2>{}</xnbr_node2>
<xnbr_node3>{}</xnbr_node3>
<xnbr_node4>{}</xnbr_node4>
<xnbr_node5>{}</xnbr_node5>
<xnbr_node6>{}</xnbr_node6>
<xnbr_node7>{}</xnbr_node7>
<xnbr_node8>{}</xnbr_node8>
<xnbr_node9>{}</xnbr_node9>
<xnbr_node10>{}</xnbr_node10>
<ynbr_node0>{}</ynbr_node0>
<ynbr_node1>{}</ynbr_node1>
<ynbr_node2>{}</ynbr_node2>
<ynbr_node3>{}</ynbr_node3>
<ynbr_node4>{}</ynbr_node4>
<ynbr_node5>{}</ynbr_node5>
<ynbr_node6>{}</ynbr_node6>
<ynbr_node7>{}</ynbr_node7>
<ynbr_node8>{}</ynbr_node8>
<ynbr_node9>{}</ynbr_node9>
<ynbr_node10>{}</ynbr_node10>
</xagent>
<xagent>
<name>Sporo</name>
<id>31</id>
<iter>1301</iter>
<FP>1.000000</FP>
<K0>0.200000</K0>
<TH0>2.941593</TH0>
<R0>0.998334</R0>
<coordx>{10.259398, 9.376644, 8.605633, 7.954197, 7.463077, 7.136140, 6.997308, 7.055685, 7.300073, 7.739558, 8.354769}</coordx>
<coordy>{46.320774, 46.790726, 47.425732, 48.187550, 49.054909, 49.998791, 50.987583, 51.987999, 52.959347, 53.852894, 54.638180}</coordy>
<xnbr_node0>{}</xnbr_node0>
<xnbr_node1>{}</xnbr_node1>
<xnbr_node2>{}</xnbr_node2>
<xnbr_node3>{}</xnbr_node3>
<xnbr_node4>{}</xnbr_node4>
<xnbr_node5>{}</xnbr_node5>
<xnbr_node6>{}</xnbr_node6>
<xnbr_node7>{}</xnbr_node7>
<xnbr_node8>{}</xnbr_node8>
<xnbr_node9>{}</xnbr_node9>
<xnbr_node10>{}</xnbr_node10>
<ynbr_node0>{}</ynbr_node0>
<ynbr_node1>{}</ynbr_node1>
<ynbr_node2>{}</ynbr_node2>
<ynbr_node3>{}</ynbr_node3>
<ynbr_node4>{}</ynbr_node4>
<ynbr_node5>{}</ynbr_node5>
<ynbr_node6>{}</ynbr_node6>
<ynbr_node7>{}</ynbr_node7>
<ynbr_node8>{}</ynbr_node8>
<ynbr_node9>{}</ynbr_node9>
<ynbr_node10>{}</ynbr_node10>
</xagent>
<xagent>
<name>Sporo</name>
<id>30</id>
<iter>1301</iter>
<FP>1.000000</FP>
<K0>0.200000</K0>
<TH0>2.941593</TH0>
<R0>0.998334</R0>
<coordx>{-6.934127, -6.044137, -5.089172, -4.099246, -3.097403, -2.102701, -1.120993, -0.171179, 0.734166, 1.552676, 2.253956}</coordx>
<coordy>{2.546660, 3.002059, 3.293064, 3.429949, 3.437276, 3.331385, 3.121146, 2.802999, 2.371330, 1.808769, 1.103703}</coordy>
<xnbr_node0>{-7.732010, -4.180710}</xnbr_node0>
<xnbr_node1>{-6.937859, -5.174435}</xnbr_node1>
<xnbr_node2>{-6.043167, -6.166958}</xnbr_node2>
<xnbr_node3>{-5.081032, -7.121105}</xnbr_node3>
<xnbr_node4>{-4.084049, -8.009964}</xnbr_node4>
<xnbr_node5>{-3.098919, -8.799770}</xnbr_node5>
<xnbr_node6>{-2.166046, -9.464695}</xnbr_node6>
<xnbr_node7>{-1.346230, -9.972954}</xnbr_node7>
<xnbr_node8>{-0.681774, -10.306927}</xnbr_node8>
<xnbr_node9>{-0.210369, -10.437271}</xnbr_node9>
<xnbr_node10>{0.066158, -10.361626}</xnbr_node10>
<ynbr_node0>{1.154373, 5.206766}</ynbr_node0>
<ynbr_node1>{1.756107, 5.115218}</ynbr_node1>
<ynbr_node2>{2.200710, 5.224245}</ynbr_node2>
<ynbr_node3>{2.476303, 5.518178}</ynbr_node3>
<ynbr_node4>{2.553883, 5.979668}</ynbr_node4>
<ynbr_node5>{2.425339, 6.593194}</ynbr_node5>
<ynbr_node6>{2.077587, 7.340883}</ynbr_node6>
<ynbr_node7>{1.516281, 8.201964}</ynbr_node7>
<ynbr_node8>{0.774017, 9.138715}</ynbr_node8>
<ynbr_node9>{-0.099670, 10.129959}</ynbr_node9>
<ynbr_node10>{-1.059570, 11.124348}</ynbr_node10>
</xagent>
<xagent>
<name>Sporo</name>
<id>29</id>
<iter>1301</iter>
<FP>1.000000</FP>
<K0>0.200000</K0>
<TH0>2.941593</TH0>
<R0>0.998334</R0>
<coordx>{51.371910, 50.435184, 49.587406, 48.846611, 48.241894, 47.792469, 47.518574, 47.444866, 47.570190, 47.893372, 48.399323}</coordx>
<coordy>{35.966484, 36.315449, 36.837917, 37.511654, 38.304314, 39.195980, 40.163128, 41.161175, 42.148415, 43.093670, 43.953030}</coordy>
<xnbr_node0>{52.126911}</xnbr_node0>
<xnbr_node1>{53.075947}</xnbr_node1>
<xnbr_node2>{54.070866}</xnbr_node2>
<xnbr_node3>{55.064175}</xnbr_node3>
<xnbr_node4>{56.032295}</xnbr_node4>
<xnbr_node5>{56.936512}</xnbr_node5>
<xnbr_node6>{57.749481}</xnbr_node6>
<xnbr_node7>{58.434757}</xnbr_node7>
<xnbr_node8>{58.955006}</xnbr_node8>
<xnbr_node9>{59.285999}</xnbr_node9>
<xnbr_node10>{59.416245}</xnbr_node10>
<ynbr_node0>{34.391769}</ynbr_node0>
<ynbr_node1>{34.685257}</ynbr_node1>
<ynbr_node2>{34.789955}</ynbr_node2>
<ynbr_node3>{34.711529}</ynbr_node3>
<ynbr_node4>{34.463211}</ynbr_node4>
<ynbr_node5>{34.038418}</ynbr_node5>
<ynbr_node6>{33.455036}</ynbr_node6>
<ynbr_node7>{32.728428}</ynbr_node7>
<ynbr_node8>{31.875147}</ynbr_node8>
<ynbr_node9>{30.934469}</ynbr_node9>
<ynbr_node10>{29.946774}</ynbr_node10>
</xagent>
<xagent>
<name>Sporo</name>
<id>28</id>
<iter>1301</iter>
<FP>1.000000</FP>
<K0>0.200000</K0>
<TH0>2.941593</TH0>
<R0>0.998334</R0>
<coordx>{35.248692, 35.451393, 35.838100, 36.385803, 37.076744, 37.891281, 38.799297, 39.772209, 40.766644, 41.752029, 42.680275}</coordx>
<coordy>{46.971764, 47.945225, 48.867344, 49.701279, 50.425507, 51.003300, 51.417088, 51.650536, 51.688187, 51.525799, 51.166664}</coordy>
<xnbr_node0>{}</xnbr_node0>
<xnbr_node1>{}</xnbr_node1>
<xnbr_node2>{}</xnbr_node2>
<xnbr_node3>{}</xnbr_node3>
<xnbr_node4>{}</xnbr_node4>
<xnbr_node5>{}</xnbr_node5>
<xnbr_node6>{}</xnbr_node6>
<xnbr_node7>{}</xnbr_node7>
<xnbr_node8>{}</xnbr_node8>
<xnbr_node9>{}</xnbr_node9>
<xnbr_node10>{}</xnbr_node10>
<ynbr_node0>{}</ynbr_node0>
<ynbr_node1>{}</ynbr_node1>
<ynbr_node2>{}</ynbr_node2>
<ynbr_node3>{}</ynbr_node3>
<ynbr_node4>{}</ynbr_node4>
<ynbr_node5>{}</ynbr_node5>
<ynbr_node6>{}</ynbr_node6>
<ynbr_node7>{}</ynbr_node7>
<ynbr_node8>{}</ynbr_node8>
<ynbr_node9>{}</ynbr_node9>
<ynbr_node10>{}</ynbr_node10>
</xagent>
<xagent>
<name>Sporo</name>
<id>27</id>
<iter>1301</iter>
<FP>1.000000</FP>
<K0>0.200000</K0>
<TH0>2.941593</TH0>
<R0>0.998334</R0>
<coordx>{44.681885, 44.633930, 44.389023, 43.966213, 43.377899, 42.660973, 41.823902, 40.898891, 39.916439, 38.918648, 37.946247}</coordx>
<coordy>{44.246368, 43.251392, 42.278423, 41.376228, 40.565403, 39.872898, 39.330765, 38.960186, 38.778442, 38.805042, 39.030788}</coordy>
<xnbr_node0>{}</xnbr_node0>
<xnbr_node1>{}</xnbr_node1>
<xnbr_node2>{}</xnbr_node2>
<xnbr_node3>{}</xnbr_node3>
<xnbr_node4>{}</xnbr_node4>
<xnbr_node5>{}</xnbr_node5>
<xnbr_node6>{}</xnbr_node6>
<xnbr_node7>{}</xnbr_node7>
<xnbr_node8>{}</xnbr_node8>
<xnbr_node9>{}</xnbr_node9>
<xnbr_node10>{}</xnbr_node10>
<ynbr_node0>{}</ynbr_node0>
<ynbr_node1>{}</ynbr_node1>
<ynbr_node2>{}</ynbr_node2>
<ynbr_node3>{}</ynbr_node3>
<ynbr_node4>{}</ynbr_node4>
<ynbr_node5>{}</ynbr_node5>
<ynbr_node6>{}</ynbr_node6>
<ynbr_node7>{}</ynbr_node7>
<ynbr_node8>{}</ynbr_node8>
<ynbr_node9>{}</ynbr_node9>
<ynbr_node10>{}</ynbr_node10>
</xagent>
<xagent>
<name>Sporo</name>
<id>26</id>
<iter>1301</iter>
<FP>1.000000</FP>
<K0>0.200000</K0>
<TH0>2.941593</TH0>
<R0>0.998334</R0>
<coordx>{24.766666, 23.781668, 22.780912, 21.820124, 20.939066, 20.184723, 19.594196, 19.198215, 19.004492, 19.029921, 19.247055}</coordx>
<coordy>{35.696297, 35.531216, 35.566666, 35.814926, 36.279739, 36.931015, 37.735878, 38.646469, 39.625187, 40.618084, 41.594959}</coordy>
<xnbr_node0>{22.239496}</xnbr_node0>
<xnbr_node1>{22.944477}</xnbr_node1>
<xnbr_node2>{23.502451}</xnbr_node2>
<xnbr_node3>{23.895935}</xnbr_node3>
<xnbr_node4>{24.113304}</xnbr_node4>
<xnbr_node5>{24.147907}</xnbr_node5>
<xnbr_node6>{23.984838}</xnbr_node6>
<xnbr_node7>{23.623436}</xnbr_node7>
<xnbr_node8>{23.070463}</xnbr_node8>
<xnbr_node9>{22.355848}</xnbr_node9>
<xnbr_node10>{21.506525}</xnbr_node10>
<ynbr_node0>{41.452675}</ynbr_node0>
<ynbr_node1>{40.741825}</ynbr_node1>
<ynbr_node2>{39.913570}</ynbr_node2>
<ynbr_node3>{38.990959}</ynbr_node3>
<ynbr_node4>{38.010189}</ynbr_node4>
<ynbr_node5>{37.012493}</ynbr_node5>
<ynbr_node6>{36.024891}</ynbr_node6>
<ynbr_node7>{35.090885}</ynbr_node7>
<ynbr_node8>{34.256428}</ynbr_node8>
<ynbr_node9>{33.562508}</ynbr_node9>
<ynbr_node10>{33.038841}</ynbr_node10>
</xagent>
<xagent>
<name>Sporo</name>
<id>25</id>
<iter>1301</iter>
<FP>1.000000</FP>
<K0>0.200000</K0>
<TH0>2.941593</TH0>
<R0>0.998334</R0>
<coordx>{11.150213, 10.225998, 9.387428, 8.667004, 8.083115, 7.661102, 7.413632, 7.357141, 7.503372, 7.846927, 8.375326}</coordx>
<coordy>{35.954937, 36.334126, 36.877129, 37.569344, 38.383156, 39.292213, 40.262779, 41.260571, 42.249104, 43.183220, 44.031200}</coordy>
<xnbr_node0>{}</xnbr_node0>
<xnbr_node1>{}</xnbr_node1>
<xnbr_node2>{}</xnbr_node2>
<xnbr_node3>{}</xnbr_node3>
<xnbr_node4>{}</xnbr_node4>
<xnbr_node5>{}</xnbr_node5>
<xnbr_node6>{}</xnbr_node6>
<xnbr_node7>{}</xnbr_node7>
<xnbr_node8>{}</xnbr_node8>
<xnbr_node9>{}</xnbr_node9>
<xnbr_node10>{}</xnbr_node10>
<ynbr_node0>{}</ynbr_node0>
<ynbr_node1>{}</ynbr_node1>
<ynbr_node2>{}</ynbr_node2>
<ynbr_node3>{}</ynbr_node3>
<ynbr_node4>{}</ynbr_node4>
<ynbr_node5>{}</ynbr_node5>
<ynbr_node6>{}</ynbr_node6>
<ynbr_node7>{}</ynbr_node7>
<ynbr_node8>{}</ynbr_node8>
<ynbr_node9>{}</ynbr_node9>
<ynbr_node10>{}</ynbr_node10>
</xagent>
<xagent>
<name>Sporo</name>
<id>24</id>
<iter>1301</iter>
<FP>1.000000</FP>
<K0>0.200000</K0>
<TH0>2.941593</TH0>
<R0>0.998334</R0>
<coordx>{3.107571, 2.119987, 1.184959, 0.325000, -0.424735, -1.046992, -1.530803, -1.852214, -1.994494, -1.948045, -1.697291}</coordx>
<coordy>{35.430344, 35.592186, 35.936489, 36.453461, 37.113598, 37.898407, 38.774479, 39.723686, 40.705559, 41.703808, 42.672581}</coordy>
<xnbr_node0>{-5.334805, -7.873089}</xnbr_node0>
<xnbr_node1>{-4.338127, -6.924053}</xnbr_node1>
<xnbr_node2>{-3.351463, -5.929134}</xnbr_node2>
<xnbr_node3>{-2.417137, -4.935825}</xnbr_node3>
<xnbr_node4>{-1.560482, -3.967705}</xnbr_node4>
<xnbr_node5>{-0.821804, -3.063488}</xnbr_node5>
<xnbr_node6>{-0.231384, -2.250519}</xnbr_node6>
<xnbr_node7>{0.186607, -1.565243}</xnbr_node7>
<xnbr_node8>{0.406391, -1.044994}</xnbr_node8>
<xnbr_node9>{0.423531, -0.714001}</xnbr_node9>
<xnbr_node10>{0.230598, -0.583755}</xnbr_node10>
<ynbr_node0>{45.833157, 34.391769}</ynbr_node0>
<ynbr_node1>{45.860909, 34.685257}</ynbr_node1>
<ynbr_node2>{45.687386, 34.789955}</ynbr_node2>
<ynbr_node3>{45.339474, 34.711529}</ynbr_node3>
<ynbr_node4>{44.817780, 34.463211}</ynbr_node4>
<ynbr_node5>{44.144829, 34.038418}</ynbr_node5>
<ynbr_node6>{43.344624, 33.455036}</ynbr_node6>
<ynbr_node7>{42.434017, 32.728428}</ynbr_node7>
<ynbr_node8>{41.461536, 31.875147}</ynbr_node8>
<ynbr_node9>{40.460300, 30.934469}</ynbr_node9>
<ynbr_node10>{39.479221, 29.946774}</ynbr_node10>
</xagent>
<xagent>
<name>Sporo</name>
<id>23</id>
<iter>1301</iter>
<FP>1.000000</FP>
<K0>0.200000</K0>
<TH0>2.941593</TH0>
<R0>0.998334</R0>
<coordx>{54.654751, 55.653000, 56.642334, 57.574772, 58.430843, 59.172653, 59.764603, 60.180580, 60.405796, 60.422741, 60.234837}</coordx>
<coordy>{45.832863, 45.859665, 45.691898, 45.343117, 44.821922, 44.148293, 43.349922, 42.445538, 41.467697, 40.467979, 39.490265}</coordy>
<xnbr_node0>{63.098038}</xnbr_node0>
<xnbr_node1>{62.110683}</xnbr_node1>
<xnbr_node2>{61.172523}</xnbr_node2>
<xnbr_node3>{60.316929}</xnbr_node3>
<xnbr_node4>{59.566654}</xnbr_node4>
<xnbr_node5>{58.946117}</xnbr_node5>
<xnbr_node6>{58.467525}</xnbr_node6>
<xnbr_node7>{58.143509}</xnbr_node7>
<xnbr_node8>{58.005657}</xnbr_node8>
<xnbr_node9>{58.057732}</xnbr_node9>
<xnbr_node10>{58.304962}</xnbr_node10>
<ynbr_node0>{35.431534}</ynbr_node0>
<ynbr_node1>{35.592911}</ynbr_node1>
<ynbr_node2>{35.943348}</ynbr_node2>
<ynbr_node3>{36.458633}</ynbr_node3>
<ynbr_node4>{37.121861}</ynbr_node4>
<ynbr_node5>{37.904366}</ynbr_node5>
<ynbr_node6>{38.784943}</ynbr_node6>
<ynbr_node7>{39.732788}</ynbr_node7>
<ynbr_node8>{40.716866}</ynbr_node8>
<ynbr_node9>{41.712894}</ynbr_node9>
<ynbr_node10>{42.682747}</ynbr_node10>
</xagent>
<xagent>
<name>Sporo</name>
<id>22</id>
<iter>1301</iter>
<FP>1.000000</FP>
<K0>0.200000</K0>
<TH0>2.941593</TH0>
<R0>0.998334</R0>
<coordx>{36.871185, 36.835224, 36.911755, 37.053616, 37.227890, 37.424068, 37.636963, 37.872902, 38.117367, 38.395828, 38.809048}</coordx>
<coordy>{24.083290, 25.070858, 26.066648, 27.057446, 28.034203, 29.016949, 29.995398, 30.968168, 31.936756, 32.895313, 33.799843}</coordy>
<xnbr_node0>{37.257866, 37.509468, 37.438877, 36.082165}</xnbr_node0>
<xnbr_node1>{36.926105, 37.225853, 37.001301, 37.083366}</xnbr_node1>
<xnbr_node2>{36.438526, 36.763893, 36.742043, 38.071930}</xnbr_node2>
<xnbr_node3>{35.783829, 36.113480, 36.676548, 39.004169}</xnbr_node3>
<xnbr_node4>{34.973862, 35.311558, 36.792809, 39.850178}</xnbr_node4>
<xnbr_node5>{34.033714, 34.404018, 37.054790, 40.562431}</xnbr_node5>
<xnbr_node6>{33.049316, 33.429859, 37.404984, 41.100761}</xnbr_node6>
<xnbr_node7>{32.091644, 32.433834, 37.820053, 41.432274}</xnbr_node7>
<xnbr_node8>{31.236580, 31.451319, 38.333851, 41.553875}</xnbr_node8>
<xnbr_node9>{30.535740, 30.505571, 38.982552, 41.444229}</xnbr_node9>
<xnbr_node10>{30.000849, 29.650795, 39.763630, 41.127907}</xnbr_node10>
<ynbr_node0>{32.828033, 32.113056, 18.655531, 33.616997}</ynbr_node0>
<ynbr_node1>{31.880362, 31.147440, 19.549030, 33.648399}</ynbr_node1>
<ynbr_node2>{31.021545, 30.267942, 20.513071, 33.487701}</ynbr_node2>
<ynbr_node3>{30.288149, 29.520964, 21.509357, 33.141968}</ynbr_node3>
<ynbr_node4>{29.732271, 28.933582, 22.498549, 32.606716}</ynbr_node4>
<ynbr_node5>{29.414375, 28.533670, 23.461311, 31.906477}</ynbr_node5>
<ynbr_node6>{29.379169, 28.319973, 24.420218, 31.063253}</ynbr_node6>
<ynbr_node7>{29.621040, 28.293270, 25.324812, 30.128128}</ynbr_node7>
<ynbr_node8>{30.121368, 28.448898, 26.172037, 29.138395}</ynbr_node8>
<ynbr_node9>{30.819309, 28.781450, 26.926397, 28.148996}</ynbr_node9>
<ynbr_node10>{31.662823, 29.293816, 27.544456, 27.204796}</ynbr_node10>
</xagent>
<xagent>
<name>Sporo</name>
<id>21</id>
<iter>1301</iter>
<FP>1.000000</FP>
<K0>0.200000</K0>
<TH0>2.941593</TH0>
<R0>0.998334</R0>
<coordx>{37.258339, 36.926918, 36.445034, 35.789967, 34.978966, 34.043507, 33.059544, 32.099598, 31.243185, 30.540674, 30.003206}</coordx>
<coordy>{32.833527, 31.889486, 31.028116, 30.291409, 29.736446, 29.416731, 29.377598, 29.618427, 30.113510, 30.811842, 31.656776}</coordy>
<xnbr_node0>{36.874115, 37.509468, 36.082165}</xnbr_node0>
<xnbr_node1>{36.837860, 37.225853, 37.083366}</xnbr_node1>
<xnbr_node2>{36.913425, 36.763893, 38.071930}</xnbr_node2>
<xnbr_node3>{37.052910, 36.113480, 39.004169}</xnbr_node3>
<xnbr_node4>{37.230213, 35.311558, 39.850178}</xnbr_node4>
<xnbr_node5>{37.425938, 34.404018, 40.562431}</xnbr_node5>
<xnbr_node6>{37.638798, 33.429859, 41.100761}</xnbr_node6>
<xnbr_node7>{37.872299, 32.433834, 41.432274}</xnbr_node7>
<xnbr_node8>{38.117546, 31.451319, 41.553875}</xnbr_node8>
<xnbr_node9>{38.396931, 30.505571, 41.444229}</xnbr_node9>
<xnbr_node10>{38.808430, 29.650795, 41.127907}</xnbr_node10>
<ynbr_node0>{24.094276, 32.113056, 33.616997}</ynbr_node0>
<ynbr_node1>{25.080814, 31.147440, 33.648399}</ynbr_node1>
<ynbr_node2>{26.074305, 30.267942, 33.487701}</ynbr_node2>
<ynbr_node3>{27.065500, 29.520964, 33.141968}</ynbr_node3>
<ynbr_node4>{28.045155, 28.933582, 32.606716}</ynbr_node4>
<ynbr_node5>{29.026230, 28.533670, 31.906477}</ynbr_node5>
<ynbr_node6>{30.004827, 28.319973, 31.063253}</ynbr_node6>
<ynbr_node7>{30.978910, 28.293270, 30.128128}</ynbr_node7>
<ynbr_node8>{31.949345, 28.448898, 29.138395}</ynbr_node8>
<ynbr_node9>{32.904320, 28.781450, 28.148996}</ynbr_node9>
<ynbr_node10>{33.809406, 29.293816, 27.204796}</ynbr_node10>
</xagent>
<xagent>
<name>Sporo</name>
<id>20</id>
<iter>1301</iter>
<FP>1.000000</FP>
<K0>0.200000</K0>
<TH0>2.941593</TH0>
<R0>0.998334</R0>
<coordx>{37.511036, 37.226326, 36.766331, 36.122074, 35.320862, 34.413181, 33.439610, 32.443630, 31.457035, 30.515215, 29.659771}</coordx>
<coordy>{32.122997, 31.158602, 30.278906, 29.526102, 28.939270, 28.536846, 28.318722, 28.289488, 28.444349, 28.779964, 29.288877}</coordy>
<xnbr_node0>{36.874115, 37.257866, 37.438877, 36.082165}</xnbr_node0>
<xnbr_node1>{36.837860, 36.926105, 37.001301, 37.083366}</xnbr_node1>
<xnbr_node2>{36.913425, 36.438526, 36.742043, 38.071930}</xnbr_node2>
<xnbr_node3>{37.052910, 35.783829, 36.676548, 39.004169}</xnbr_node3>
<xnbr_node4>{37.230213, 34.973862, 36.792809, 39.850178}</xnbr_node4>
<xnbr_node5>{37.425938, 34.033714, 37.054790, 40.562431}</xnbr_node5>
<xnbr_node6>{37.638798, 33.049316, 37.404984, 41.100761}</xnbr_node6>
<xnbr_node7>{37.872299, 32.091644, 37.820053, 41.432274}</xnbr_node7>
<xnbr_node8>{38.117546, 31.236580, 38.333851, 41.553875}</xnbr_node8>
<xnbr_node9>{38.396931, 30.535740, 38.982552, 41.444229}</xnbr_node9>
<xnbr_node10>{38.808430, 30.000849, 39.763630, 41.127907}</xnbr_node10>
<ynbr_node0>{24.094276, 32.828033, 18.655531, 33.616997}</ynbr_node0>
<ynbr_node1>{25.080814, 31.880362, 19.549030, 33.648399}</ynbr_node1>
<ynbr_node2>{26.074305, 31.021545, 20.513071, 33.487701}</ynbr_node2>
<ynbr_node3>{27.065500, 30.288149, 21.509357, 33.141968}</ynbr_node3>
<ynbr_node4>{28.045155, 29.732271, 22.498549, 32.606716}</ynbr_node4>
<ynbr_node5>{29.026230, 29.414375, 23.461311, 31.906477}</ynbr_node5>
<ynbr_node6>{30.004827, 29.379169, 24.420218, 31.063253}</ynbr_node6>
<ynbr_node7>{30.978910, 29.621040, 25.324812, 30.128128}</ynbr_node7>
<ynbr_node8>{31.949345, 30.121368, 26.172037, 29.138395}</ynbr_node8>
<ynbr_node9>{32.904320, 30.819309, 26.926397, 28.148996}</ynbr_node9>
<ynbr_node10>{33.809406, 31.662823, 27.544456, 27.204796}</ynbr_node10>
</xagent>
<xagent>
<name>Sporo</name>
<id>19</id>
<iter>1301</iter>
<FP>1.000000</FP>
<K0>0.200000</K0>
<TH0>2.941593</TH0>
<R0>0.998334</R0>
<coordx>{22.233055, 22.936840, 23.501238, 23.893211, 24.113050, 24.147451, 23.986483, 23.627769, 23.078636, 22.362961, 21.516026}</coordx>
<coordy>{41.457371, 40.750359, 39.920147, 39.003910, 38.023071, 37.023724, 36.035515, 35.100212, 34.263836, 33.569641, 33.044388}</coordy>
<xnbr_node0>{24.757725, 22.683578}</xnbr_node0>
<xnbr_node1>{23.769709, 23.321289}</xnbr_node1>
<xnbr_node2>{22.771175, 23.792898}</xnbr_node2>
<xnbr_node3>{21.808374, 24.096603}</xnbr_node3>
<xnbr_node4>{20.932079, 24.221132}</xnbr_node4>
<xnbr_node5>{20.176773, 24.161493}</xnbr_node5>
<xnbr_node6>{19.589224, 23.923719}</xnbr_node6>
<xnbr_node7>{19.196209, 23.507059}</xnbr_node7>
<xnbr_node8>{19.004269, 22.925797}</xnbr_node8>
<xnbr_node9>{19.029078, 22.194141}</xnbr_node9>
<xnbr_node10>{19.252295, 21.336559}</xnbr_node10>
<ynbr_node0>{35.694424, 31.397293}</ynbr_node0>
<ynbr_node1>{35.530384, 30.626936}</ynbr_node1>
<ynbr_node2>{35.566170, 29.748478}</ynbr_node2>
<ynbr_node3>{35.819736, 28.797512}</ynbr_node3>
<ynbr_node4>{36.284489, 27.806889}</ynbr_node4>
<ynbr_node5>{36.939701, 26.808208}</ynbr_node5>
<ynbr_node6>{37.744675, 25.838753}</ynbr_node6>
<ynbr_node7>{38.654305, 24.934465}</ynbr_node7>
<ynbr_node8>{39.636333, 24.120531}</ynbr_node8>
<ynbr_node9>{40.629295, 23.446289}</ynbr_node9>
<ynbr_node10>{41.603748, 22.928968}</ynbr_node10>
</xagent>
<xagent>
<name>Sporo</name>
<id>18</id>
<iter>1301</iter>
<FP>1.000000</FP>
<K0>0.200000</K0>
<TH0>2.941593</TH0>
<R0>0.998334</R0>
<coordx>{14.756665, 14.846118, 14.752192, 14.472696, 14.024506, 13.416142, 12.671258, 11.814342, 10.875872, 9.883237, 8.890614}</coordx>
<coordy>{35.802910, 34.810081, 33.812485, 32.851456, 31.959803, 31.166132, 30.499701, 29.983246, 29.650562, 29.509609, 29.568508}</coordy>
<xnbr_node0>{11.140550}</xnbr_node0>
<xnbr_node1>{10.218363}</xnbr_node1>
<xnbr_node2>{9.378397}</xnbr_node2>
<xnbr_node3>{8.661862}</xnbr_node3>
<xnbr_node4>{8.077491}</xnbr_node4>
<xnbr_node5>{7.657817}</xnbr_node5>
<xnbr_node6>{7.413161}</xnbr_node6>
<xnbr_node7>{7.357378}</xnbr_node7>
<xnbr_node8>{7.505399}</xnbr_node8>
<xnbr_node9>{7.851047}</xnbr_node9>
<xnbr_node10>{8.380822}</xnbr_node10>
<ynbr_node0>{35.958935}</ynbr_node0>
<ynbr_node1>{36.338165}</ynbr_node1>
<ynbr_node2>{36.882549}</ynbr_node2>
<ynbr_node3>{37.576683}</ynbr_node3>
<ynbr_node4>{38.392349}</ynbr_node4>
<ynbr_node5>{39.302013}</ynbr_node5>
<ynbr_node6>{40.270924}</ynbr_node6>
<ynbr_node7>{41.269680}</ynbr_node7>
<ynbr_node8>{42.256981}</ynbr_node8>
<ynbr_node9>{43.190819}</ynbr_node9>
<ynbr_node10>{44.039288}</ynbr_node10>
</xagent>
<xagent>
<name>Sporo</name>
<id>17</id>
<iter>1301</iter>
<FP>1.000000</FP>
<K0>0.200000</K0>
<TH0>2.941593</TH0>
<R0>0.998334</R0>
<coordx>{52.116428, 53.066086, 54.060173, 55.056171, 56.023266, 56.928646, 57.742477, 58.429855, 58.953407, 59.282505, 59.415936}</coordx>
<coordy>{34.387390, 34.682552, 34.790035, 34.716961, 34.466667, 34.045353, 33.461903, 32.733284, 31.885870, 30.946199, 29.955002}</coordy>
<xnbr_node0>{51.362385, 63.098038}</xnbr_node0>
<xnbr_node1>{50.427387, 62.110683}</xnbr_node1>
<xnbr_node2>{49.580265, 61.172523}</xnbr_node2>
<xnbr_node3>{48.842102, 60.316929}</xnbr_node3>
<xnbr_node4>{48.235409, 59.566654}</xnbr_node4>
<xnbr_node5>{47.790058, 58.946117}</xnbr_node5>
<xnbr_node6>{47.517712, 58.467525}</xnbr_node6>
<xnbr_node7>{47.444561, 58.143509}</xnbr_node7>
<xnbr_node8>{47.571983, 58.005657}</xnbr_node8>
<xnbr_node9>{47.898460, 58.057732}</xnbr_node9>
<xnbr_node10>{48.405499, 58.304962}</xnbr_node10>
<ynbr_node0>{35.969723, 35.431534}</ynbr_node0>
<ynbr_node1>{36.319202, 35.592911}</ynbr_node1>
<ynbr_node2>{36.844398, 35.943348}</ynbr_node2>
<ynbr_node3>{37.517715, 36.458633}</ynbr_node3>
<ynbr_node4>{38.312923, 37.121861}</ynbr_node4>
<ynbr_node5>{39.208290, 37.904366}</ynbr_node5>
<ynbr_node6>{40.171600, 38.784943}</ynbr_node6>
<ynbr_node7>{41.169872, 39.732788}</ynbr_node7>
<ynbr_node8>{42.158218, 40.716866}</ynbr_node8>
<ynbr_node9>{43.100410, 41.712894}</ynbr_node9>
<ynbr_node10>{43.962101, 42.682747}</ynbr_node10>
</xagent>
<xagent>
<name>Sporo</name>
<id>16</id>
<iter>1301</iter>
<FP>1.000000</FP>
<K0>0.200000</K0>
<TH0>2.941593</TH0>
<R0>0.998334</R0>
<coordx>{37.444508, 37.003597, 36.745106, 36.676945, 36.793636, 37.052193, 37.404213, 37.814796, 38.327789, 38.977028, 39.754654}</coordx>
<coordy>{18.647882, 19.540003, 20.501196, 21.500061, 22.486660, 23.454523, 24.411366, 25.314537, 26.164087, 26.917463, 27.537643}</coordy>
<xnbr_node0>{36.874115, 37.509468, 36.082165}</xnbr_node0>
<xnbr_node1>{36.837860, 37.225853, 37.083366}</xnbr_node1>
<xnbr_node2>{36.913425, 36.763893, 38.071930}</xnbr_node2>
<xnbr_node3>{37.052910, 36.113480, 39.004169}</xnbr_node3>
<xnbr_node4>{37.230213, 35.311558, 39.850178}</xnbr_node4>
<xnbr_node5>{37.425938, 34.404018, 40.562431}</xnbr_node5>
<xnbr_node6>{37.638798, 33.429859, 41.100761}</xnbr_node6>
<xnbr_node7>{37.872299, 32.433834, 41.432274}</xnbr_node7>
<xnbr_node8>{38.117546, 31.451319, 41.553875}</xnbr_node8>
<xnbr_node9>{38.396931, 30.505571, 41.444229}</xnbr_node9>
<xnbr_node10>{38.808430, 29.650795, 41.127907}</xnbr_node10>
<ynbr_node0>{24.094276, 32.113056, 33.616997}</ynbr_node0>
<ynbr_node1>{25.080814, 31.147440, 33.648399}</ynbr_node1>
<ynbr_node2>{26.074305, 30.267942, 33.487701}</ynbr_node2>
<ynbr_node3>{27.065500, 29.520964, 33.141968}</ynbr_node3>
<ynbr_node4>{28.045155, 28.933582, 32.606716}</ynbr_node4>
<ynbr_node5>{29.026230, 28.533670, 31.906477}</ynbr_node5>
<ynbr_node6>{30.004827, 28.319973, 31.063253}</ynbr_node6>
<ynbr_node7>{30.978910, 28.293270, 30.128128}</ynbr_node7>
<ynbr_node8>{31.949345, 28.448898, 29.138395}</ynbr_node8>
<ynbr_node9>{32.904320, 28.781450, 28.148996}</ynbr_node9>
<ynbr_node10>{33.809406, 29.293816, 27.204796}</ynbr_node10>
</xagent>
<xagent>
<name>Sporo</name>
<id>15</id>
<iter>1301</iter>
<FP>1.000000</FP>
<K0>0.200000</K0>
<TH0>2.941593</TH0>
<R0>0.998334</R0>
<coordx>{36.075466, 37.070271, 38.061234, 38.995770, 39.840981, 40.556141, 41.095760, 41.429146, 41.553055, 41.446796, 41.131832}</coordx>
<coordy>{33.614952, 33.650494, 33.490810, 33.145458, 32.614880, 31.911678, 31.072330, 30.140234, 29.148445, 28.158928, 27.213198}</coordy>
<xnbr_node0>{36.874115, 37.257866, 37.509468, 37.438877}</xnbr_node0>
<xnbr_node1>{36.837860, 36.926105, 37.225853, 37.001301}</xnbr_node1>
<xnbr_node2>{36.913425, 36.438526, 36.763893, 36.742043}</xnbr_node2>
<xnbr_node3>{37.052910, 35.783829, 36.113480, 36.676548}</xnbr_node3>
<xnbr_node4>{37.230213, 34.973862, 35.311558, 36.792809}</xnbr_node4>
<xnbr_node5>{37.425938, 34.033714, 34.404018, 37.054790}</xnbr_node5>
<xnbr_node6>{37.638798, 33.049316, 33.429859, 37.404984}</xnbr_node6>
<xnbr_node7>{37.872299, 32.091644, 32.433834, 37.820053}</xnbr_node7>
<xnbr_node8>{38.117546, 31.236580, 31.451319, 38.333851}</xnbr_node8>
<xnbr_node9>{38.396931, 30.535740, 30.505571, 38.982552}</xnbr_node9>
<xnbr_node10>{38.808430, 30.000849, 29.650795, 39.763630}</xnbr_node10>
<ynbr_node0>{24.094276, 32.828033, 32.113056, 18.655531}</ynbr_node0>
<ynbr_node1>{25.080814, 31.880362, 31.147440, 19.549030}</ynbr_node1>
<ynbr_node2>{26.074305, 31.021545, 30.267942, 20.513071}</ynbr_node2>
<ynbr_node3>{27.065500, 30.288149, 29.520964, 21.509357}</ynbr_node3>
<ynbr_node4>{28.045155, 29.732271, 28.933582, 22.498549}</ynbr_node4>
<ynbr_node5>{29.026230, 29.414375, 28.533670, 23.461311}</ynbr_node5>
<ynbr_node6>{30.004827, 29.379169, 28.319973, 24.420218}</ynbr_node6>
<ynbr_node7>{30.978910, 29.621040, 28.293270, 25.324812}</ynbr_node7>
<ynbr_node8>{31.949345, 30.121368, 28.448898, 26.172037}</ynbr_node8>
<ynbr_node9>{32.904320, 30.819309, 28.781450, 26.926397}</ynbr_node9>
<ynbr_node10>{33.809406, 31.662823, 29.293816, 27.544456}</ynbr_node10>
</xagent>
<xagent>
<name>Sporo</name>
<id>14</id>
<iter>1301</iter>
<FP>1.000000</FP>
<K0>0.200000</K0>
<TH0>2.941593</TH0>
<R0>0.998334</R0>
<coordx>{17.578396, 16.915661, 16.404907, 16.063831, 15.899702, 15.918717, 16.125277, 16.515079, 17.077362, 17.798920, 18.635014}</coordx>
<coordy>{18.445204, 19.200411, 20.053629, 20.992445, 21.976767, 22.974203, 23.955275, 24.875019, 25.699627, 26.397278, 26.935160}</coordy>
<xnbr_node0>{13.505783}</xnbr_node0>
<xnbr_node1>{14.020171}</xnbr_node1>
<xnbr_node2>{14.356771}</xnbr_node2>
<xnbr_node3>{14.511273}</xnbr_node3>
<xnbr_node4>{14.487576}</xnbr_node4>
<xnbr_node5>{14.277470}</xnbr_node5>
<xnbr_node6>{13.884163}</xnbr_node6>
<xnbr_node7>{13.320360}</xnbr_node7>
<xnbr_node8>{12.604821}</xnbr_node8>
<xnbr_node9>{11.765276}</xnbr_node9>
<xnbr_node10>{10.826404}</xnbr_node10>
<ynbr_node0>{19.849060}</ynbr_node0>
<ynbr_node1>{18.992693}</ynbr_node1>
<ynbr_node2>{18.052757}</ynbr_node2>
<ynbr_node3>{17.065571}</ynbr_node3>
<ynbr_node4>{16.066568}</ynbr_node4>
<ynbr_node5>{15.090681}</ynbr_node5>
<ynbr_node6>{14.171718}</ynbr_node6>
<ynbr_node7>{13.347226}</ynbr_node7>
<ynbr_node8>{12.651366}</ynbr_node8>
<ynbr_node9>{12.118663}</ynbr_node9>
<ynbr_node10>{11.767368}</ynbr_node10>
</xagent>
<xagent>
<name>Sporo</name>
<id>13</id>
<iter>1301</iter>
<FP>1.000000</FP>
<K0>0.200000</K0>
<TH0>2.941593</TH0>
<R0>0.998334</R0>
<coordx>{22.674696, 23.311646, 23.789776, 24.094475, 24.220825, 24.162476, 23.927366, 23.512791, 22.932327, 22.201429, 21.346416}</coordx>
<coordy>{31.408096, 30.636797, 29.758448, 28.807074, 27.816681, 26.819071, 25.849157, 24.941833, 24.128702, 23.451296, 22.932928}</coordy>
<xnbr_node0>{22.239496}</xnbr_node0>
<xnbr_node1>{22.944477}</xnbr_node1>
<xnbr_node2>{23.502451}</xnbr_node2>
<xnbr_node3>{23.895935}</xnbr_node3>
<xnbr_node4>{24.113304}</xnbr_node4>
<xnbr_node5>{24.147907}</xnbr_node5>
<xnbr_node6>{23.984838}</xnbr_node6>
<xnbr_node7>{23.623436}</xnbr_node7>
<xnbr_node8>{23.070463}</xnbr_node8>
<xnbr_node9>{22.355848}</xnbr_node9>
<xnbr_node10>{21.506525}</xnbr_node10>
<ynbr_node0>{41.452675}</ynbr_node0>
<ynbr_node1>{40.741825}</ynbr_node1>
<ynbr_node2>{39.913570}</ynbr_node2>
<ynbr_node3>{38.990959}</ynbr_node3>
<ynbr_node4>{38.010189}</ynbr_node4>
<ynbr_node5>{37.012493}</ynbr_node5>
<ynbr_node6>{36.024891}</ynbr_node6>
<ynbr_node7>{35.090885}</ynbr_node7>
<ynbr_node8>{34.256428}</ynbr_node8>
<ynbr_node9>{33.562508}</ynbr_node9>
<ynbr_node10>{33.038841}</ynbr_node10>
</xagent>
<xagent>
<name>Sporo</name>
<id>12</id>
<iter>1301</iter>
<FP>1.000000</FP>
<K0>0.200000</K0>
<TH0>2.941593</TH0>
<R0>0.998334</R0>
<coordx>{13.736153, 13.826812, 13.720239, 13.437601, 12.981741, 12.378490, 11.630982, 10.772277, 9.826720, 8.837968, 7.844084}</coordx>
<coordy>{25.550257, 24.551428, 23.553286, 22.596706, 21.703350, 20.912218, 20.252428, 19.742027, 19.424143, 19.311518, 19.402878}</coordy>
<xnbr_node0>{6.727396, 13.505783}</xnbr_node0>
<xnbr_node1>{6.262360, 14.020171}</xnbr_node1>
<xnbr_node2>{5.972795, 14.356771}</xnbr_node2>
<xnbr_node3>{5.861016, 14.511273}</xnbr_node3>
<xnbr_node4>{5.931015, 14.487576}</xnbr_node4>
<xnbr_node5>{6.187307, 14.277470}</xnbr_node5>
<xnbr_node6>{6.618609, 13.884163}</xnbr_node6>
<xnbr_node7>{7.220559, 13.320360}</xnbr_node7>
<xnbr_node8>{7.965083, 12.604821}</xnbr_node8>
<xnbr_node9>{8.827348, 11.765276}</xnbr_node9>
<xnbr_node10>{9.773040, 10.826404}</xnbr_node10>
<ynbr_node0>{10.511761, 19.849060}</ynbr_node0>
<ynbr_node1>{11.394297, 18.992693}</ynbr_node1>
<ynbr_node2>{12.351069, 18.052757}</ynbr_node2>
<ynbr_node3>{13.345300, 17.065571}</ynbr_node3>
<ynbr_node4>{14.343925, 16.066568}</ynbr_node4>
<ynbr_node5>{15.305311, 15.090681}</ynbr_node5>
<ynbr_node6>{16.206497, 14.171718}</ynbr_node6>
<ynbr_node7>{17.003548, 13.347226}</ynbr_node7>
<ynbr_node8>{17.668846, 12.651366}</ynbr_node8>
<ynbr_node9>{18.170355, 12.118663}</ynbr_node9>
<ynbr_node10>{18.486986, 11.767368}</ynbr_node10>
</xagent>
<xagent>
<name>Sporo</name>
<id>11</id>
<iter>1301</iter>
<FP>1.000000</FP>
<K0>0.200000</K0>
<TH0>2.941593</TH0>
<R0>0.998334</R0>
<coordx>{55.828625, 54.836044, 53.843060, 52.887272, 51.999748, 51.207478, 50.541107, 50.030617, 49.697098, 49.562683, 49.637459}</coordx>
<coordy>{5.207085, 5.114293, 5.222613, 5.514363, 5.973504, 6.586454, 7.331494, 8.191531, 9.130913, 10.119473, 11.116043}</coordy>
<xnbr_node0>{53.072872}</xnbr_node0>
<xnbr_node1>{53.965778}</xnbr_node1>
<xnbr_node2>{54.920086}</xnbr_node2>
<xnbr_node3>{55.911400}</xnbr_node3>
<xnbr_node4>{56.912792}</xnbr_node4>
<xnbr_node5>{57.907497}</xnbr_node5>
<xnbr_node6>{58.887020}</xnbr_node6>
<xnbr_node7>{59.841572}</xnbr_node7>
<xnbr_node8>{60.741913}</xnbr_node8>
<xnbr_node9>{61.562344}</xnbr_node9>
<xnbr_node10>{62.261810}</xnbr_node10>
<ynbr_node0>{2.552546}</ynbr_node0>
<ynbr_node1>{3.004921}</ynbr_node1>
<ynbr_node2>{3.292545}</ynbr_node2>
<ynbr_node3>{3.428872}</ynbr_node3>
<ynbr_node4>{3.436177}</ynbr_node4>
<ynbr_node5>{3.329346}</ynbr_node5>
<ynbr_node6>{3.116310}</ynbr_node6>
<ynbr_node7>{2.799298}</ynbr_node7>
<ynbr_node8>{2.367914}</ynbr_node8>
<ynbr_node9>{1.803318}</ynbr_node9>
<ynbr_node10>{1.094924}</ynbr_node10>
</xagent>
<xagent>
<name>Sporo</name>
<id>10</id>
<iter>1301</iter>
<FP>1.000000</FP>
<K0>0.200000</K0>
<TH0>2.941593</TH0>
<R0>0.998334</R0>
<coordx>{43.214474, 42.234428, 41.301147, 40.453236, 39.717041, 39.118958, 38.682514, 38.420506, 38.355927, 38.489849, 38.823578}</coordx>
<coordy>{5.246539, 5.424850, 5.787745, 6.317783, 6.996024, 7.799004, 8.695342, 9.659822, 10.657537, 11.646603, 12.587229}</coordy>
<xnbr_node0>{}</xnbr_node0>
<xnbr_node1>{}</xnbr_node1>
<xnbr_node2>{}</xnbr_node2>
<xnbr_node3>{}</xnbr_node3>
<xnbr_node4>{}</xnbr_node4>
<xnbr_node5>{}</xnbr_node5>
<xnbr_node6>{}</xnbr_node6>
<xnbr_node7>{}</xnbr_node7>
<xnbr_node8>{}</xnbr_node8>
<xnbr_node9>{}</xnbr_node9>
<xnbr_node10>{}</xnbr_node10>
<ynbr_node0>{}</ynbr_node0>
<ynbr_node1>{}</ynbr_node1>
<ynbr_node2>{}</ynbr_node2>
<ynbr_node3>{}</ynbr_node3>
<ynbr_node4>{}</ynbr_node4>
<ynbr_node5>{}</ynbr_node5>
<ynbr_node6>{}</ynbr_node6>
<ynbr_node7>{}</ynbr_node7>
<ynbr_node8>{}</ynbr_node8>
<ynbr_node9>{}</ynbr_node9>
<ynbr_node10>{}</ynbr_node10>
</xagent>
<xagent>
<name>Sporo</name>
<id>9</id>
<iter>1301</iter>
<FP>1.000000</FP>
<K0>0.200000</K0>
<TH0>2.941593</TH0>
<R0>0.998334</R0>
<coordx>{28.056614, 27.310251, 26.711575, 26.265293, 25.995144, 25.907732, 26.016994, 26.317904, 26.804810, 27.466242, 28.267599}</coordx>
<coordy>{7.984483, 8.650702, 9.449643, 10.344404, 11.305120, 12.299428, 13.297141, 14.248837, 15.117978, 15.867738, 16.457783}</coordy>
<xnbr_node0>{25.983627, 22.068930}</xnbr_node0>
<xnbr_node1>{25.025522, 22.990650}</xnbr_node1>
<xnbr_node2>{24.030149, 23.967049}</xnbr_node2>
<xnbr_node3>{23.034195, 24.965979}</xnbr_node3>
<xnbr_node4>{22.083784, 25.956808}</xnbr_node4>
<xnbr_node5>{21.225159, 26.889614}</xnbr_node5>
<xnbr_node6>{20.492445, 27.729483}</xnbr_node6>
<xnbr_node7>{19.927988, 28.436430}</xnbr_node7>
<xnbr_node8>{19.567730, 28.974150}</xnbr_node8>
<xnbr_node9>{19.424799, 29.324217}</xnbr_node9>
<xnbr_node10>{19.495611, 29.475323}</xnbr_node10>
<ynbr_node0>{6.090120, 13.894311}</ynbr_node0>
<ynbr_node1>{5.804358, 14.283169}</ynbr_node1>
<ynbr_node2>{5.716078, 14.495733}</ynbr_node2>
<ynbr_node3>{5.827960, 14.525879}</ynbr_node3>
<ynbr_node4>{6.130468, 14.365449}</ynbr_node4>
<ynbr_node5>{6.631630, 14.013278}</ynbr_node5>
<ynbr_node6>{7.308191, 13.477508}</ynbr_node6>
<ynbr_node7>{8.127563, 12.776251}</ynbr_node7>
<ynbr_node8>{9.054752, 11.939573}</ynbr_node8>
<ynbr_node9>{10.042934, 11.006426}</ynbr_node9>
<ynbr_node10>{11.037766, 10.018472}</ynbr_node10>
</xagent>
<xagent>
<name>Sporo</name>
<id>8</id>
<iter>1301</iter>
<FP>1.000000</FP>
<K0>0.200000</K0>
<TH0>2.941593</TH0>
<R0>0.998334</R0>
<coordx>{25.992796, 25.032721, 24.039204, 23.042969, 22.094179, 21.232346, 20.500523, 19.933943, 19.570709, 19.426151, 19.495943}</coordx>
<coordy>{6.092779, 5.804539, 5.718876, 5.829367, 6.127457, 6.627199, 7.301080, 8.119010, 9.044987, 10.033958, 11.029436}</coordy>
<xnbr_node0>{28.048918, 26.727537, 21.200321}</xnbr_node0>
<xnbr_node1>{27.305210, 26.411606, 22.006735}</xnbr_node1>
<xnbr_node2>{26.705173, 26.241821, 22.682968}</xnbr_node2>
<xnbr_node3>{26.262928, 26.186636, 23.207378}</xnbr_node3>
<xnbr_node4>{25.991007, 26.230326, 23.560642}</xnbr_node4>
<xnbr_node5>{25.909761, 26.363934, 23.730076}</xnbr_node5>
<xnbr_node6>{26.018328, 26.586626, 23.701267}</xnbr_node6>
<xnbr_node7>{26.320786, 26.920927, 23.470064}</xnbr_node7>
<xnbr_node8>{26.810591, 27.372450, 23.037704}</xnbr_node8>
<xnbr_node9>{27.472889, 27.962929, 22.428730}</xnbr_node9>
<xnbr_node10>{28.276333, 28.695093, 21.670433}</xnbr_node10>
<ynbr_node0>{7.992693, -3.975244, 12.150041}</ynbr_node0>
<ynbr_node1>{8.662008, -3.016620, 11.554900}</ynbr_node1>
<ynbr_node2>{9.458137, -2.029145, 10.816871}</ynbr_node2>
<ynbr_node3>{10.352272, -1.024019, 9.966082}</ynbr_node3>
<ynbr_node4>{11.315408, -0.018036, 9.033278}</ynbr_node4>
<ynbr_node5>{12.308935, 0.978017, 8.049693}</ynbr_node5>
<ynbr_node6>{13.306231, 1.954398, 7.051413}</ynbr_node6>
<ynbr_node7>{14.257916, 2.902650, 6.082617}</ynbr_node7>
<ynbr_node8>{15.125759, 3.795975, 5.184090}</ynbr_node8>
<ynbr_node9>{15.873053, 4.600996, 4.398664}</ynbr_node9>
<ynbr_node10>{16.465366, 5.281692, 3.750515}</ynbr_node10>
</xagent>
<xagent>
<name>Sporo</name>
<id>7</id>
<iter>1301</iter>
<FP>1.000000</FP>
<K0>0.200000</K0>
<TH0>2.941593</TH0>
<R0>0.998334</R0>
<coordx>{6.732803, 6.265373, 5.971386, 5.860727, 5.930945, 6.183073, 6.614080, 7.213925, 7.956583, 8.820271, 9.764638}</coordx>
<coordy>{10.503154, 11.384884, 12.342190, 13.334617, 14.333201, 15.296829, 16.196663, 16.997633, 17.661655, 18.163889, 18.486338}</coordy>
<xnbr_node0>{13.737544, 13.505783}</xnbr_node0>
<xnbr_node1>{13.823566, 14.020171}</xnbr_node1>
<xnbr_node2>{13.719452, 14.356771}</xnbr_node2>
<xnbr_node3>{13.432703, 14.511273}</xnbr_node3>
<xnbr_node4>{12.978332, 14.487576}</xnbr_node4>
<xnbr_node5>{12.372774, 14.277470}</xnbr_node5>
<xnbr_node6>{11.622838, 13.884163}</xnbr_node6>
<xnbr_node7>{10.761379, 13.320360}</xnbr_node7>
<xnbr_node8>{9.816940, 12.604821}</xnbr_node8>
<xnbr_node9>{8.827582, 11.765276}</xnbr_node9>
<xnbr_node10>{7.834169, 10.826404}</xnbr_node10>
<ynbr_node0>{25.537493, 19.849060}</ynbr_node0>
<ynbr_node1>{24.540831, 18.992693}</ynbr_node1>
<ynbr_node2>{23.541910, 18.052757}</ynbr_node2>
<ynbr_node3>{22.588552, 17.065571}</ynbr_node3>
<ynbr_node4>{21.696075, 16.066568}</ynbr_node4>
<ynbr_node5>{20.905918, 15.090681}</ynbr_node5>
<ynbr_node6>{20.243471, 14.171718}</ynbr_node6>
<ynbr_node7>{19.738432, 13.347226}</ynbr_node7>
<ynbr_node8>{19.421740, 12.651366}</ynbr_node8>
<ynbr_node9>{19.311399, 12.118663}</ynbr_node9>
<ynbr_node10>{19.403477, 11.767368}</ynbr_node10>
</xagent>
<xagent>
<name>Sporo</name>
<id>6</id>
<iter>1301</iter>
<FP>1.000000</FP>
<K0>0.200000</K0>
<TH0>2.941593</TH0>
<R0>0.998334</R0>
<coordx>{13.501373, 14.013293, 14.354387, 14.511969, 14.490431, 14.280250, 13.889048, 13.325611, 12.613020, 11.770600, 10.834774}</coordx>
<coordy>{19.857109, 19.000952, 18.062492, 17.076406, 16.076653, 15.100279, 14.180525, 13.352735, 12.657272, 12.124950, 11.771368}</coordy>
<xnbr_node0>{17.571554, 13.737544, 6.727396}</xnbr_node0>
<xnbr_node1>{16.910017, 13.823566, 6.262360}</xnbr_node1>
<xnbr_node2>{16.400627, 13.719452, 5.972795}</xnbr_node2>
<xnbr_node3>{16.061445, 13.432703, 5.861016}</xnbr_node3>
<xnbr_node4>{15.899161, 12.978332, 5.931015}</xnbr_node4>
<xnbr_node5>{15.920244, 12.372774, 6.187307}</xnbr_node5>
<xnbr_node6>{16.128819, 11.622838, 6.618609}</xnbr_node6>
<xnbr_node7>{16.519199, 10.761379, 7.220559}</xnbr_node7>
<xnbr_node8>{17.083330, 9.816940, 7.965083}</xnbr_node8>
<xnbr_node9>{17.803211, 8.827582, 8.827348}</xnbr_node9>
<xnbr_node10>{18.644779, 7.834169, 9.773040}</xnbr_node10>
<ynbr_node0>{18.451674, 25.537493, 10.511761}</ynbr_node0>
<ynbr_node1>{19.206055, 24.540831, 11.394297}</ynbr_node1>
<ynbr_node2>{20.061092, 23.541910, 12.351069}</ynbr_node2>
<ynbr_node3>{21.001732, 22.588552, 13.345300}</ynbr_node3>
<ynbr_node4>{21.986748, 21.696075, 14.343925}</ynbr_node4>
<ynbr_node5>{22.985329, 20.905918, 15.305311}</ynbr_node5>
<ynbr_node6>{23.964832, 20.243471, 16.206497}</ynbr_node6>
<ynbr_node7>{24.884914, 19.738432, 17.003548}</ynbr_node7>
<ynbr_node8>{25.707064, 19.421740, 17.668846}</ynbr_node8>
<ynbr_node9>{26.404272, 19.311399, 18.170355}</ynbr_node9>
<ynbr_node10>{26.940809, 19.403477, 18.486986}</ynbr_node10>
</xagent>
<xagent>
<name>Sporo</name>
<id>5</id>
<iter>1301</iter>
<FP>1.000000</FP>
<K0>0.200000</K0>
<TH0>2.941593</TH0>
<R0>0.998334</R0>
<coordx>{51.419437, 52.350475, 53.331131, 54.332706, 55.316067, 56.251015, 57.101070, 57.836956, 58.423721, 58.832867, 59.046093}</coordx>
<coordy>{14.173133, 14.536258, 14.718183, 14.716357, 14.530453, 14.168709, 13.640964, 12.964929, 12.157807, 11.249100, 10.274970}</coordy>
<xnbr_node0>{55.819290}</xnbr_node0>
<xnbr_node1>{54.825565}</xnbr_node1>
<xnbr_node2>{53.833042}</xnbr_node2>
<xnbr_node3>{52.878895}</xnbr_node3>
<xnbr_node4>{51.990036}</xnbr_node4>
<xnbr_node5>{51.200230}</xnbr_node5>
<xnbr_node6>{50.535305}</xnbr_node6>
<xnbr_node7>{50.027046}</xnbr_node7>
<xnbr_node8>{49.693073}</xnbr_node8>
<xnbr_node9>{49.562729}</xnbr_node9>
<xnbr_node10>{49.638374}</xnbr_node10>
<ynbr_node0>{5.206766}</ynbr_node0>
<ynbr_node1>{5.115218}</ynbr_node1>
<ynbr_node2>{5.224245}</ynbr_node2>
<ynbr_node3>{5.518178}</ynbr_node3>
<ynbr_node4>{5.979668}</ynbr_node4>
<ynbr_node5>{6.593194}</ynbr_node5>
<ynbr_node6>{7.340883}</ynbr_node6>
<ynbr_node7>{8.201964}</ynbr_node7>
<ynbr_node8>{9.138715}</ynbr_node8>
<ynbr_node9>{10.129959}</ynbr_node9>
<ynbr_node10>{11.124348}</ynbr_node10>
</xagent>
<xagent>
<name>Sporo</name>
<id>4</id>
<iter>1301</iter>
<FP>1.000000</FP>
<K0>0.200000</K0>
<TH0>2.941593</TH0>
<R0>0.998334</R0>
<coordx>{51.413490, 50.651535, 49.782993, 48.841286, 47.853188, 46.851715, 45.874939, 44.960903, 44.132637, 43.442787, 42.908665}</coordx>
<coordy>{57.482735, 56.839840, 56.350288, 56.024551, 55.877865, 55.912949, 56.126812, 56.517395, 57.082397, 57.808071, 58.647228}</coordy>
<xnbr_node0>{}</xnbr_node0>
<xnbr_node1>{}</xnbr_node1>
<xnbr_node2>{}</xnbr_node2>
<xnbr_node3>{}</xnbr_node3>
<xnbr_node4>{}</xnbr_node4>
<xnbr_node5>{}</xnbr_node5>
<xnbr_node6>{}</xnbr_node6>
<xnbr_node7>{}</xnbr_node7>
<xnbr_node8>{}</xnbr_node8>
<xnbr_node9>{}</xnbr_node9>
<xnbr_node10>{}</xnbr_node10>
<ynbr_node0>{}</ynbr_node0>
<ynbr_node1>{}</ynbr_node1>
<ynbr_node2>{}</ynbr_node2>
<ynbr_node3>{}</ynbr_node3>
<ynbr_node4>{}</ynbr_node4>
<ynbr_node5>{}</ynbr_node5>
<ynbr_node6>{}</ynbr_node6>
<ynbr_node7>{}</ynbr_node7>
<ynbr_node8>{}</ynbr_node8>
<ynbr_node9>{}</ynbr_node9>
<ynbr_node10>{}</ynbr_node10>
</xagent>
<xagent>
<name>Sporo</name>
<id>3</id>
<iter>1301</iter>
<FP>1.000000</FP>
<K0>0.200000</K0>
<TH0>2.941593</TH0>
<R0>0.998334</R0>
<coordx>{26.728861, 26.412798, 26.241116, 26.187580, 26.228086, 26.360569, 26.584221, 26.915556, 27.367018, 27.960094, 28.687744}</coordx>
<coordy>{-3.985162, -3.029272, -2.040862, -1.033559, -0.027593, 0.968221, 1.945796, 2.892191, 3.787619, 4.595602, 5.275433}</coordy>
<xnbr_node0>{27.570534, 25.983627}</xnbr_node0>
<xnbr_node1>{27.265652, 25.025522}</xnbr_node1>
<xnbr_node2>{27.132786, 24.030149}</xnbr_node2>
<xnbr_node3>{27.201920, 23.034195}</xnbr_node3>
<xnbr_node4>{27.499689, 22.083784}</xnbr_node4>
<xnbr_node5>{28.020308, 21.225159}</xnbr_node5>
<xnbr_node6>{28.740891, 20.492445}</xnbr_node6>
<xnbr_node7>{29.614096, 19.927988}</xnbr_node7>
<xnbr_node8>{30.582541, 19.567730}</xnbr_node8>
<xnbr_node9>{31.578142, 19.424799}</xnbr_node9>
<xnbr_node10>{32.551807, 19.495611}</xnbr_node10>
<ynbr_node0>{-4.539776, 6.090120}</ynbr_node0>
<ynbr_node1>{-3.587261, 5.804358}</ynbr_node1>
<ynbr_node2>{-2.603630, 5.716078}</ynbr_node2>
<ynbr_node3>{-1.615646, 5.827960}</ynbr_node3>
<ynbr_node4>{-0.673077, 6.130468}</ynbr_node4>
<ynbr_node5>{0.168446, 6.631630}</ynbr_node5>
<ynbr_node6>{0.843185, 7.308191}</ynbr_node6>
<ynbr_node7>{1.309528, 8.127563}</ynbr_node7>
<ynbr_node8>{1.537903, 9.054752}</ynbr_node8>
<ynbr_node9>{1.532318, 10.042934}</ynbr_node9>
<ynbr_node10>{1.304623, 11.037766}</ynbr_node10>
</xagent>
<xagent>
<name>Sporo</name>
<id>2</id>
<iter>1301</iter>
<FP>1.000000</FP>
<K0>0.200000</K0>
<TH0>2.941593</TH0>
<R0>0.998334</R0>
<coordx>{22.062973, 22.980701, 23.955076, 24.957151, 25.945776, 26.879290, 27.721523, 28.429483, 28.969891, 29.323408, 29.474749}</coordx>
<coordy>{13.889668, 14.277761, 14.495751, 14.526137, 14.367786, 14.019009, 13.483725, 12.784291, 11.948071, 11.016429, 10.028998}</coordy>
<xnbr_node0>{28.048918, 21.200321}</xnbr_node0>
<xnbr_node1>{27.305210, 22.006735}</xnbr_node1>
<xnbr_node2>{26.705173, 22.682968}</xnbr_node2>
<xnbr_node3>{26.262928, 23.207378}</xnbr_node3>
<xnbr_node4>{25.991007, 23.560642}</xnbr_node4>
<xnbr_node5>{25.909761, 23.730076}</xnbr_node5>
<xnbr_node6>{26.018328, 23.701267}</xnbr_node6>
<xnbr_node7>{26.320786, 23.470064}</xnbr_node7>
<xnbr_node8>{26.810591, 23.037704}</xnbr_node8>
<xnbr_node9>{27.472889, 22.428730}</xnbr_node9>
<xnbr_node10>{28.276333, 21.670433}</xnbr_node10>
<ynbr_node0>{7.992693, 12.150041}</ynbr_node0>
<ynbr_node1>{8.662008, 11.554900}</ynbr_node1>
<ynbr_node2>{9.458137, 10.816871}</ynbr_node2>
<ynbr_node3>{10.352272, 9.966082}</ynbr_node3>
<ynbr_node4>{11.315408, 9.033278}</ynbr_node4>
<ynbr_node5>{12.308935, 8.049693}</ynbr_node5>
<ynbr_node6>{13.306231, 7.051413}</ynbr_node6>
<ynbr_node7>{14.257916, 6.082617}</ynbr_node7>
<ynbr_node8>{15.125759, 5.184090}</ynbr_node8>
<ynbr_node9>{15.873053, 4.398664}</ynbr_node9>
<ynbr_node10>{16.465366, 3.750515}</ynbr_node10>
</xagent>
<xagent>
<name>Sporo</name>
<id>1</id>
<iter>1301</iter>
<FP>1.000000</FP>
<K0>0.200000</K0>
<TH0>2.941593</TH0>
<R0>0.998334</R0>
<coordx>{21.191103, 21.998402, 22.678228, 23.201571, 23.558134, 23.729149, 23.702143, 23.472908, 23.041718, 22.435488, 21.677055}</coordx>
<coordy>{12.154867, 11.562563, 10.824951, 9.972601, 9.043493, 8.060384, 7.064937, 6.092370, 5.194614, 4.405114, 3.757355}</coordy>
<xnbr_node0>{25.983627, 22.068930}</xnbr_node0>
<xnbr_node1>{25.025522, 22.990650}</xnbr_node1>
<xnbr_node2>{24.030149, 23.967049}</xnbr_node2>
<xnbr_node3>{23.034195, 24.965979}</xnbr_node3>
<xnbr_node4>{22.083784, 25.956808}</xnbr_node4>
<xnbr_node5>{21.225159, 26.889614}</xnbr_node5>
<xnbr_node6>{20.492445, 27.729483}</xnbr_node6>
<xnbr_node7>{19.927988, 28.436430}</xnbr_node7>
<xnbr_node8>{19.567730, 28.974150}</xnbr_node8>
<xnbr_node9>{19.424799, 29.324217}</xnbr_node9>
<xnbr_node10>{19.495611, 29.475323}</xnbr_node10>
<ynbr_node0>{6.090120, 13.894311}</ynbr_node0>
<ynbr_node1>{5.804358, 14.283169}</ynbr_node1>
<ynbr_node2>{5.716078, 14.495733}</ynbr_node2>
<ynbr_node3>{5.827960, 14.525879}</ynbr_node3>
<ynbr_node4>{6.130468, 14.365449}</ynbr_node4>
<ynbr_node5>{6.631630, 14.013278}</ynbr_node5>
<ynbr_node6>{7.308191, 13.477508}</ynbr_node6>
<ynbr_node7>{8.127563, 12.776251}</ynbr_node7>
<ynbr_node8>{9.054752, 11.939573}</ynbr_node8>
<ynbr_node9>{10.042934, 11.006426}</ynbr_node9>
<ynbr_node10>{11.037766, 10.018472}</ynbr_node10>
</xagent>
</states>
