<states>
<itno>1401</itno>
<environment>
<NNODES>11</NNODES>
<WIDTH>0.450000</WIDTH>
<DT>0.010000</DT>
<NOISE>0.000100</NOISE>
<DELTA>1.800000</DELTA>
<KEL>30.000000</KEL>
<KI>0.020000</KI>
<KTH>4.000000</KTH>
<SIDEBOX>0.000000</SIDEBOX>
<SIDEX>60</SIDEX>
<SIDEY>60</SIDEY>
</environment>
<xagent>
<name>Sporo</name>
<id>36</id>
<iter>1401</iter>
<FP>1.000000</FP>
<K0>0.200000</K0>
<TH0>2.941593</TH0>
<R0>0.998334</R0>
<coordx>{14.415732, 14.339664, 14.069669, 13.633478, 13.032303, 12.296887, 11.452951, 10.521441, 9.538247, 8.544360, 7.568336}</coordx>
<coordy>{3.816288, 2.816972, 1.848626, 0.954359, 0.154426, -0.528675, -1.060926, -1.423833, -1.609396, -1.592939, -1.375470}</coordy>
<xnbr_node0>{}</xnbr_node0>
<xnbr_node1>{}</xnbr_node1>
<xnbr_node2>{}</xnbr_node2>
<xnbr_node3>{}</xnbr_node3>
<xnbr_node4>{}</xnbr_node4>
<xnbr_node5>{}</xnbr_node5>
<xnbr_node6>{}</xnbr_node6>
<xnbr_node7>{}</xnbr_node7>
<xnbr_node8>{}</xnbr_node8>
<xnbr_node9>{}</xnbr_node9>
<xnbr_node10>{}</xnbr_node10>
<ynbr_node0>{}</ynbr_node0>
<ynbr_node1>{}</ynbr_node1>
<ynbr_node2>{}</ynbr_node2>
<ynbr_node3>{}</ynbr_node3>
<ynbr_node4>{}</ynbr_node4>
<ynbr_node5>{}</ynbr_node5>
<ynbr_node6>{}</ynbr_node6>
<ynbr_node7>{}</ynbr_node7>
<ynbr_node8>{}</ynbr_node8>
<ynbr_node9>{}</ynbr_node9>
<ynbr_node10>{}</ynbr_node10>
</xagent>
<xagent>
<name>Sporo</name>
<id>35</id>
<iter>1401</iter>
<FP>1.000000</FP>
<K0>0.200000</K0>
<TH0>2.941593</TH0>
<R0>0.998334</R0>
<coordx>{51.582520, 52.251656, 53.044533, 53.936932, 54.895027, 55.887768, 56.874081, 57.802418, 58.620392, 59.288052, 59.787342}</coordx>
<coordy>{60.398888, 61.150993, 61.758289, 62.206524, 62.477634, 62.553535, 62.413589, 62.053566, 61.487923, 60.752613, 59.883587}</coordy>
<xnbr_node0>{52.294945, 52.040993}</xnbr_node0>
<xnbr_node1>{53.095097, 51.412704}</xnbr_node1>
<xnbr_node2>{53.986511, 50.649471}</xnbr_node2>
<xnbr_node3>{54.943867, 49.776058}</xnbr_node3>
<xnbr_node4>{55.933525, 48.833336}</xnbr_node4>
<xnbr_node5>{56.934452, 47.846828}</xnbr_node5>
<xnbr_node6>{57.930229, 46.845882}</xnbr_node6>
<xnbr_node7>{58.906048, 45.871029}</xnbr_node7>
<xnbr_node8>{59.844296, 44.962334}</xnbr_node8>
<xnbr_node9>{60.707619, 44.151829}</xnbr_node9>
<xnbr_node10>{61.451061, 43.479362}</xnbr_node10>
<ynbr_node0>{61.994705, 58.258591}</ynbr_node0>
<ynbr_node1>{62.598312, 57.477852}</ynbr_node1>
<ynbr_node2>{63.048103, 56.830360}</ynbr_node2>
<ynbr_node3>{63.344734, 56.331715}</ynbr_node3>
<ynbr_node4>{63.493172, 56.006981}</ynbr_node4>
<ynbr_node5>{63.514023, 55.859081}</ynbr_node5>
<ynbr_node6>{63.418064, 55.897106}</ynbr_node6>
<ynbr_node7>{63.195076, 56.123676}</ynbr_node7>
<ynbr_node8>{62.842876, 56.531204}</ynbr_node8>
<ynbr_node9>{62.337856, 57.112938}</ynbr_node9>
<ynbr_node10>{61.679802, 57.843212}</ynbr_node10>
</xagent>
<xagent>
<name>Sporo</name>
<id>34</id>
<iter>1401</iter>
<FP>1.000000</FP>
<K0>0.200000</K0>
<TH0>2.941593</TH0>
<R0>0.998334</R0>
<coordx>{54.893822, 54.908836, 54.733234, 54.380249, 53.860668, 53.187756, 52.392994, 51.498035, 50.533325, 49.534840, 48.546074}</coordx>
<coordy>{54.377380, 53.380623, 52.398205, 51.466480, 50.611382, 49.864758, 49.263939, 48.823681, 48.566669, 48.510372, 48.653389}</coordy>
<xnbr_node0>{52.040993}</xnbr_node0>
<xnbr_node1>{51.412704}</xnbr_node1>
<xnbr_node2>{50.649471}</xnbr_node2>
<xnbr_node3>{49.776058}</xnbr_node3>
<xnbr_node4>{48.833336}</xnbr_node4>
<xnbr_node5>{47.846828}</xnbr_node5>
<xnbr_node6>{46.845882}</xnbr_node6>
<xnbr_node7>{45.871029}</xnbr_node7>
<xnbr_node8>{44.962334}</xnbr_node8>
<xnbr_node9>{44.151829}</xnbr_node9>
<xnbr_node10>{43.479362}</xnbr_node10>
<ynbr_node0>{58.258591}</ynbr_node0>
<ynbr_node1>{57.477852}</ynbr_node1>
<ynbr_node2>{56.830360}</ynbr_node2>
<ynbr_node3>{56.331715}</ynbr_node3>
<ynbr_node4>{56.006981}</ynbr_node4>
<ynbr_node5>{55.859081}</ynbr_node5>
<ynbr_node6>{55.897106}</ynbr_node6>
<ynbr_node7>{56.123676}</ynbr_node7>
<ynbr_node8>{56.531204}</ynbr_node8>
<ynbr_node9>{57.112938}</ynbr_node9>
<ynbr_node10>{57.843212}</ynbr_node10>
</xagent>
<xagent>
<name>Sporo</name>
<id>33</id>
<iter>1401</iter>
<FP>1.000000</FP>
<K0>0.200000</K0>
<TH0>2.941593</TH0>
<R0>0.998334</R0>
<coordx>{28.146564, 27.635283, 27.291418, 27.136957, 27.201418, 27.504442, 28.039518, 28.764374, 29.638134, 30.595818, 31.593214}</coordx>
<coordy>{54.606560, 55.463844, 56.399563, 57.381290, 58.373821, 59.318111, 60.156239, 60.830536, 61.297203, 61.542557, 61.574493}</coordy>
<xnbr_node0>{27.033489}</xnbr_node0>
<xnbr_node1>{26.604321}</xnbr_node1>
<xnbr_node2>{26.324327}</xnbr_node2>
<xnbr_node3>{26.167616}</xnbr_node3>
<xnbr_node4>{26.115870}</xnbr_node4>
<xnbr_node5>{26.155245}</xnbr_node5>
<xnbr_node6>{26.295740}</xnbr_node6>
<xnbr_node7>{26.542471}</xnbr_node7>
<xnbr_node8>{26.910259}</xnbr_node8>
<xnbr_node9>{27.418474}</xnbr_node9>
<xnbr_node10>{28.077230}</xnbr_node10>
<ynbr_node0>{55.107693}</ynbr_node0>
<ynbr_node1>{56.014477}</ynbr_node1>
<ynbr_node2>{56.974213}</ynbr_node2>
<ynbr_node3>{57.967751}</ynbr_node3>
<ynbr_node4>{58.972073}</ynbr_node4>
<ynbr_node5>{59.976097}</ynbr_node5>
<ynbr_node6>{60.972485}</ynbr_node6>
<ynbr_node7>{61.947453}</ynbr_node7>
<ynbr_node8>{62.878082}</ynbr_node8>
<ynbr_node9>{63.742416}</ynbr_node9>
<ynbr_node10>{64.492119}</ynbr_node10>
</xagent>
<xagent>
<name>Sporo</name>
<id>32</id>
<iter>1401</iter>
<FP>1.000000</FP>
<K0>0.200000</K0>
<TH0>2.941593</TH0>
<R0>0.998334</R0>
<coordx>{17.004986, 16.381914, 15.909307, 15.615313, 15.493060, 15.557257, 15.806963, 16.234875, 16.831436, 17.581135, 18.441488}</coordx>
<coordy>{49.618458, 50.396458, 51.282177, 52.234142, 53.226902, 54.226456, 55.191032, 56.086521, 56.883358, 57.551559, 58.051971}</coordy>
<xnbr_node0>{}</xnbr_node0>
<xnbr_node1>{}</xnbr_node1>
<xnbr_node2>{}</xnbr_node2>
<xnbr_node3>{}</xnbr_node3>
<xnbr_node4>{}</xnbr_node4>
<xnbr_node5>{}</xnbr_node5>
<xnbr_node6>{}</xnbr_node6>
<xnbr_node7>{}</xnbr_node7>
<xnbr_node8>{}</xnbr_node8>
<xnbr_node9>{}</xnbr_node9>
<xnbr_node10>{}</xnbr_node10>
<ynbr_node0>{}</ynbr_node0>
<ynbr_node1>{}</ynbr_node1>
<ynbr_node2>{}</ynbr_node2>
<ynbr_node3>{}</ynbr_node3>
<ynbr_node4>{}</ynbr_node4>
<ynbr_node5>{}</ynbr_node5>
<ynbr_node6>{}</ynbr_node6>
<ynbr_node7>{}</ynbr_node7>
<ynbr_node8>{}</ynbr_node8>
<ynbr_node9>{}</ynbr_node9>
<ynbr_node10>{}</ynbr_node10>
</xagent>
<xagent>
<name>Sporo</name>
<id>31</id>
<iter>1401</iter>
<FP>1.000000</FP>
<K0>0.200000</K0>
<TH0>2.941593</TH0>
<R0>0.998334</R0>
<coordx>{11.186122, 10.229567, 9.355927, 8.585066, 7.946267, 7.457408, 7.142961, 7.007803, 7.071401, 7.337348, 7.793573}</coordx>
<coordy>{45.992550, 46.295818, 46.777336, 47.415993, 48.184715, 49.049957, 49.998695, 50.987446, 51.983215, 52.947151, 53.833317}</coordy>
<xnbr_node0>{}</xnbr_node0>
<xnbr_node1>{}</xnbr_node1>
<xnbr_node2>{}</xnbr_node2>
<xnbr_node3>{}</xnbr_node3>
<xnbr_node4>{}</xnbr_node4>
<xnbr_node5>{}</xnbr_node5>
<xnbr_node6>{}</xnbr_node6>
<xnbr_node7>{}</xnbr_node7>
<xnbr_node8>{}</xnbr_node8>
<xnbr_node9>{}</xnbr_node9>
<xnbr_node10>{}</xnbr_node10>
<ynbr_node0>{}</ynbr_node0>
<ynbr_node1>{}</ynbr_node1>
<ynbr_node2>{}</ynbr_node2>
<ynbr_node3>{}</ynbr_node3>
<ynbr_node4>{}</ynbr_node4>
<ynbr_node5>{}</ynbr_node5>
<ynbr_node6>{}</ynbr_node6>
<ynbr_node7>{}</ynbr_node7>
<ynbr_node8>{}</ynbr_node8>
<ynbr_node9>{}</ynbr_node9>
<ynbr_node10>{}</ynbr_node10>
</xagent>
<xagent>
<name>Sporo</name>
<id>30</id>
<iter>1401</iter>
<FP>1.000000</FP>
<K0>0.200000</K0>
<TH0>2.941593</TH0>
<R0>0.998334</R0>
<coordx>{-7.709867, -6.914714, -6.022795, -5.067952, -4.076301, -3.075480, -2.082815, -1.100447, -0.164281, 0.698075, 1.443953}</coordx>
<coordy>{1.989689, 2.593381, 3.045804, 3.341698, 3.492447, 3.514662, 3.421314, 3.199729, 2.845763, 2.341497, 1.684753}</coordy>
<xnbr_node0>{-8.412235, -3.208496}</xnbr_node0>
<xnbr_node1>{-7.742077, -4.177765}</xnbr_node1>
<xnbr_node2>{-6.950607, -5.175400}</xnbr_node2>
<xnbr_node3>{-6.053768, -6.171345}</xnbr_node3>
<xnbr_node4>{-5.098068, -7.124397}</xnbr_node4>
<xnbr_node5>{-4.100758, -8.011158}</xnbr_node5>
<xnbr_node6>{-3.117237, -8.797821}</xnbr_node6>
<xnbr_node7>{-2.189217, -9.458408}</xnbr_node7>
<xnbr_node8>{-1.370766, -9.962101}</xnbr_node8>
<xnbr_node9>{-0.702068, -10.277832}</xnbr_node9>
<xnbr_node10>{-0.207344, -10.397045}</xnbr_node10>
<ynbr_node0>{0.405270, 5.426301}</ynbr_node0>
<ynbr_node1>{1.156670, 5.166344}</ynbr_node1>
<ynbr_node2>{1.761726, 5.103306}</ynbr_node2>
<ynbr_node3>{2.211994, 5.227263}</ynbr_node3>
<ynbr_node4>{2.478832, 5.520899}</ynbr_node4>
<ynbr_node5>{2.553242, 5.979674}</ynbr_node5>
<ynbr_node6>{2.409164, 6.591820}</ynbr_node6>
<ynbr_node7>{2.051426, 7.344630}</ynbr_node7>
<ynbr_node8>{1.482922, 8.206853}</ynbr_node8>
<ynbr_node9>{0.745705, 9.155196}</ynbr_node9>
<ynbr_node10>{-0.122387, 10.144252}</ynbr_node10>
</xagent>
<xagent>
<name>Sporo</name>
<id>29</id>
<iter>1401</iter>
<FP>1.000000</FP>
<K0>0.200000</K0>
<TH0>2.941593</TH0>
<R0>0.998334</R0>
<coordx>{52.339798, 51.355244, 50.428089, 49.572643, 48.834373, 48.231525, 47.787277, 47.529720, 47.469471, 47.606995, 47.943344}</coordx>
<coordy>{35.754780, 35.934937, 36.297615, 36.826099, 37.494930, 38.296906, 39.187500, 40.153160, 41.147518, 42.131847, 43.069633}</coordy>
<xnbr_node0>{51.240093}</xnbr_node0>
<xnbr_node1>{52.123047}</xnbr_node1>
<xnbr_node2>{53.081413}</xnbr_node2>
<xnbr_node3>{54.073559}</xnbr_node3>
<xnbr_node4>{55.067425}</xnbr_node4>
<xnbr_node5>{56.030609}</xnbr_node5>
<xnbr_node6>{56.929729}</xnbr_node6>
<xnbr_node7>{57.731197}</xnbr_node7>
<xnbr_node8>{58.402653}</xnbr_node8>
<xnbr_node9>{58.911243}</xnbr_node9>
<xnbr_node10>{59.232754}</xnbr_node10>
<ynbr_node0>{33.942345}</ynbr_node0>
<ynbr_node1>{34.410206}</ynbr_node1>
<ynbr_node2>{34.696686}</ynbr_node2>
<ynbr_node3>{34.805447}</ynbr_node3>
<ynbr_node4>{34.731022}</ynbr_node4>
<ynbr_node5>{34.474003}</ynbr_node5>
<ynbr_node6>{34.040817}</ynbr_node6>
<ynbr_node7>{33.447140}</ynbr_node7>
<ynbr_node8>{32.712830}</ynbr_node8>
<ynbr_node9>{31.852245}</ynbr_node9>
<ynbr_node10>{30.908670}</ynbr_node10>
</xagent>
<xagent>
<name>Sporo</name>
<id>28</id>
<iter>1401</iter>
<FP>1.000000</FP>
<K0>0.200000</K0>
<TH0>2.941593</TH0>
<R0>0.998334</R0>
<coordx>{35.198006, 35.215706, 35.426723, 35.814724, 36.363056, 37.052925, 37.876205, 38.785126, 39.761456, 40.759663, 41.740086}</coordx>
<coordy>{45.967560, 46.964481, 47.942364, 48.866768, 49.706188, 50.424129, 50.997086, 51.404957, 51.629257, 51.652462, 51.470276}</coordy>
<xnbr_node0>{}</xnbr_node0>
<xnbr_node1>{}</xnbr_node1>
<xnbr_node2>{}</xnbr_node2>
<xnbr_node3>{}</xnbr_node3>
<xnbr_node4>{}</xnbr_node4>
<xnbr_node5>{}</xnbr_node5>
<xnbr_node6>{}</xnbr_node6>
<xnbr_node7>{}</xnbr_node7>
<xnbr_node8>{}</xnbr_node8>
<xnbr_node9>{}</xnbr_node9>
<xnbr_node10>{}</xnbr_node10>
<ynbr_node0>{}</ynbr_node0>
<ynbr_node1>{}</ynbr_node1>
<ynbr_node2>{}</ynbr_node2>
<ynbr_node3>{}</ynbr_node3>
<ynbr_node4>{}</ynbr_node4>
<ynbr_node5>{}</ynbr_node5>
<ynbr_node6>{}</ynbr_node6>
<ynbr_node7>{}</ynbr_node7>
<ynbr_node8>{}</ynbr_node8>
<ynbr_node9>{}</ynbr_node9>
<ynbr_node10>{}</ynbr_node10>
</xagent>
<xagent>
<name>Sporo</name>
<id>27</id>
<iter>1401</iter>
<FP>1.000000</FP>
<K0>0.200000</K0>
<TH0>2.941593</TH0>
<R0>0.998334</R0>
<coordx>{44.599537, 44.724312, 44.653984, 44.401943, 43.974262, 43.390327, 42.665222, 41.821789, 40.891727, 39.907200, 38.909725}</coordx>
<coordy>{45.222591, 44.235100, 43.235516, 42.269539, 41.369549, 40.558601, 39.872250, 39.335953, 38.978214, 38.815365, 38.851814}</coordy>
<xnbr_node0>{}</xnbr_node0>
<xnbr_node1>{}</xnbr_node1>
<xnbr_node2>{}</xnbr_node2>
<xnbr_node3>{}</xnbr_node3>
<xnbr_node4>{}</xnbr_node4>
<xnbr_node5>{}</xnbr_node5>
<xnbr_node6>{}</xnbr_node6>
<xnbr_node7>{}</xnbr_node7>
<xnbr_node8>{}</xnbr_node8>
<xnbr_node9>{}</xnbr_node9>
<xnbr_node10>{}</xnbr_node10>
<ynbr_node0>{}</ynbr_node0>
<ynbr_node1>{}</ynbr_node1>
<ynbr_node2>{}</ynbr_node2>
<ynbr_node3>{}</ynbr_node3>
<ynbr_node4>{}</ynbr_node4>
<ynbr_node5>{}</ynbr_node5>
<ynbr_node6>{}</ynbr_node6>
<ynbr_node7>{}</ynbr_node7>
<ynbr_node8>{}</ynbr_node8>
<ynbr_node9>{}</ynbr_node9>
<ynbr_node10>{}</ynbr_node10>
</xagent>
<xagent>
<name>Sporo</name>
<id>26</id>
<iter>1401</iter>
<FP>1.000000</FP>
<K0>0.200000</K0>
<TH0>2.941593</TH0>
<R0>0.998334</R0>
<coordx>{25.718590, 24.773167, 23.781820, 22.785570, 21.827097, 20.946978, 20.193886, 19.609972, 19.208950, 19.013189, 19.032444}</coordx>
<coordy>{35.931793, 35.616108, 35.486652, 35.554131, 35.825951, 36.290340, 36.943420, 37.743809, 38.656906, 39.631729, 40.634434}</coordy>
<xnbr_node0>{21.450544}</xnbr_node0>
<xnbr_node1>{22.279306}</xnbr_node1>
<xnbr_node2>{22.971729}</xnbr_node2>
<xnbr_node3>{23.528221}</xnbr_node3>
<xnbr_node4>{23.919472}</xnbr_node4>
<xnbr_node5>{24.124998}</xnbr_node5>
<xnbr_node6>{24.144941}</xnbr_node6>
<xnbr_node7>{23.965818}</xnbr_node7>
<xnbr_node8>{23.593412}</xnbr_node8>
<xnbr_node9>{23.038767}</xnbr_node9>
<xnbr_node10>{22.327925}</xnbr_node10>
<ynbr_node0>{42.043976}</ynbr_node0>
<ynbr_node1>{41.471695}</ynbr_node1>
<ynbr_node2>{40.753098}</ynbr_node2>
<ynbr_node3>{39.920372}</ynbr_node3>
<ynbr_node4>{39.001621}</ynbr_node4>
<ynbr_node5>{38.027008}</ynbr_node5>
<ynbr_node6>{37.029514}</ynbr_node6>
<ynbr_node7>{36.045547}</ynbr_node7>
<ynbr_node8>{35.121128}</ynbr_node8>
<ynbr_node9>{34.290920}</ynbr_node9>
<ynbr_node10>{33.596622}</ynbr_node10>
</xagent>
<xagent>
<name>Sporo</name>
<id>25</id>
<iter>1401</iter>
<FP>1.000000</FP>
<K0>0.200000</K0>
<TH0>2.941593</TH0>
<R0>0.998334</R0>
<coordx>{12.111378, 11.130969, 10.206256, 9.377701, 8.656481, 8.077302, 7.659393, 7.425749, 7.387678, 7.552862, 7.917624}</coordx>
<coordy>{35.742706, 35.940132, 36.320827, 36.871620, 37.562710, 38.372158, 39.279144, 40.252331, 41.249058, 42.231934, 43.163250}</coordy>
<xnbr_node0>{}</xnbr_node0>
<xnbr_node1>{}</xnbr_node1>
<xnbr_node2>{}</xnbr_node2>
<xnbr_node3>{}</xnbr_node3>
<xnbr_node4>{}</xnbr_node4>
<xnbr_node5>{}</xnbr_node5>
<xnbr_node6>{}</xnbr_node6>
<xnbr_node7>{}</xnbr_node7>
<xnbr_node8>{}</xnbr_node8>
<xnbr_node9>{}</xnbr_node9>
<xnbr_node10>{}</xnbr_node10>
<ynbr_node0>{}</ynbr_node0>
<ynbr_node1>{}</ynbr_node1>
<ynbr_node2>{}</ynbr_node2>
<ynbr_node3>{}</ynbr_node3>
<ynbr_node4>{}</ynbr_node4>
<ynbr_node5>{}</ynbr_node5>
<ynbr_node6>{}</ynbr_node6>
<ynbr_node7>{}</ynbr_node7>
<ynbr_node8>{}</ynbr_node8>
<ynbr_node9>{}</ynbr_node9>
<ynbr_node10>{}</ynbr_node10>
</xagent>
<xagent>
<name>Sporo</name>
<id>24</id>
<iter>1401</iter>
<FP>1.000000</FP>
<K0>0.200000</K0>
<TH0>2.941593</TH0>
<R0>0.998334</R0>
<coordx>{4.094260, 3.095207, 2.109838, 1.176379, 0.318797, -0.441289, -1.064957, -1.542985, -1.849089, -1.958609, -1.872477}</coordx>
<coordy>{35.435177, 35.415062, 35.584454, 35.935474, 36.449276, 37.108536, 37.884304, 38.762749, 39.712742, 40.706657, 41.698864}</coordy>
<xnbr_node0>{-6.312954, -8.759907}</xnbr_node0>
<xnbr_node1>{-5.335442, -7.876953}</xnbr_node1>
<xnbr_node2>{-4.341240, -6.918587}</xnbr_node2>
<xnbr_node3>{-3.353344, -5.926441}</xnbr_node3>
<xnbr_node4>{-2.417866, -4.932575}</xnbr_node4>
<xnbr_node5>{-1.564041, -3.969391}</xnbr_node5>
<xnbr_node6>{-0.833847, -3.070271}</xnbr_node6>
<xnbr_node7>{-0.248344, -2.268803}</xnbr_node7>
<xnbr_node8>{0.155922, -1.597347}</xnbr_node8>
<xnbr_node9>{0.363865, -1.088757}</xnbr_node9>
<xnbr_node10>{0.373146, -0.767246}</xnbr_node10>
<ynbr_node0>{45.662186, 33.942345}</ynbr_node0>
<ynbr_node1>{45.867413, 34.410206}</ynbr_node1>
<ynbr_node2>{45.879124, 34.696686}</ynbr_node2>
<ynbr_node3>{45.703049, 34.805447}</ynbr_node3>
<ynbr_node4>{45.349419, 34.731022}</ynbr_node4>
<ynbr_node5>{44.831387, 34.474003}</ynbr_node5>
<ynbr_node6>{44.157272, 34.040817}</ynbr_node6>
<ynbr_node7>{43.347588, 33.447140}</ynbr_node7>
<ynbr_node8>{42.433838, 32.712830}</ynbr_node8>
<ynbr_node9>{41.460995, 31.852245}</ynbr_node9>
<ynbr_node10>{40.465179, 30.908670}</ynbr_node10>
</xagent>
<xagent>
<name>Sporo</name>
<id>23</id>
<iter>1401</iter>
<FP>1.000000</FP>
<K0>0.200000</K0>
<TH0>2.941593</TH0>
<R0>0.998334</R0>
<coordx>{53.678734, 54.653797, 55.651455, 56.637630, 57.573399, 58.426735, 59.159210, 59.747280, 60.153553, 60.363884, 60.372349}</coordx>
<coordy>{45.660362, 45.866192, 45.880013, 45.704647, 45.357334, 44.837044, 44.164837, 43.356239, 42.447701, 41.473553, 40.473858}</coordy>
<xnbr_node0>{64.081818}</xnbr_node0>
<xnbr_node1>{63.085770}</xnbr_node1>
<xnbr_node2>{62.102291}</xnbr_node2>
<xnbr_node3>{61.167763}</xnbr_node3>
<xnbr_node4>{60.309216}</xnbr_node4>
<xnbr_node5>{59.552456}</xnbr_node5>
<xnbr_node6>{58.929508}</xnbr_node6>
<xnbr_node7>{58.453255}</xnbr_node7>
<xnbr_node8>{58.148312}</xnbr_node8>
<xnbr_node9>{58.037300}</xnbr_node9>
<xnbr_node10>{58.128414}</xnbr_node10>
<ynbr_node0>{35.436092}</ynbr_node0>
<ynbr_node1>{35.416615}</ynbr_node1>
<ynbr_node2>{35.587543}</ynbr_node2>
<ynbr_node3>{35.940018}</ynbr_node3>
<ynbr_node4>{36.453190}</ynbr_node4>
<ynbr_node5>{37.114758}</ynbr_node5>
<ynbr_node6>{37.892826}</ynbr_node6>
<ynbr_node7>{38.772987}</ynbr_node7>
<ynbr_node8>{39.722206}</ynbr_node8>
<ynbr_node9>{40.713245}</ynbr_node9>
<ynbr_node10>{41.709034}</ynbr_node10>
</xagent>
<xagent>
<name>Sporo</name>
<id>22</id>
<iter>1401</iter>
<FP>1.000000</FP>
<K0>0.200000</K0>
<TH0>2.941593</TH0>
<R0>0.998334</R0>
<coordx>{36.645489, 36.575092, 36.630371, 36.771519, 36.969566, 37.192730, 37.425865, 37.646996, 37.869453, 38.116283, 38.444130}</coordx>
<coordy>{23.107040, 24.101643, 25.098001, 26.085903, 27.063494, 28.035904, 29.007418, 29.985420, 30.959148, 31.931845, 32.871105}</coordy>
<xnbr_node0>{36.898949, 37.646336, 37.978046, 35.349613}</xnbr_node0>
<xnbr_node1>{36.962559, 37.494457, 37.426487, 36.305073}</xnbr_node1>
<xnbr_node2>{36.793770, 37.189999, 37.046158, 37.333183}</xnbr_node2>
<xnbr_node3>{36.380630, 36.720245, 36.848095, 38.297886}</xnbr_node3>
<xnbr_node4>{35.747768, 36.070793, 36.825649, 39.181267}</xnbr_node4>
<xnbr_node5>{34.925713, 35.273548, 36.943012, 39.951675}</xnbr_node5>
<xnbr_node6>{33.980972, 34.366982, 37.170219, 40.585621}</xnbr_node6>
<xnbr_node7>{32.996639, 33.393417, 37.464954, 41.067856}</xnbr_node7>
<xnbr_node8>{32.044453, 32.398003, 37.885651, 41.377026}</xnbr_node8>
<xnbr_node9>{31.181524, 31.422634, 38.443172, 41.493980}</xnbr_node9>
<xnbr_node10>{30.444988, 30.505602, 39.146629, 41.418373}</xnbr_node10>
<ynbr_node0>{33.684402, 32.956108, 17.788956, 33.632790}</ynbr_node0>
<ynbr_node1>{32.731388, 31.968967, 18.618059, 33.961887}</ynbr_node1>
<ynbr_node2>{31.789270, 31.029024, 19.537535, 34.049095}</ynbr_node2>
<ynbr_node3>{30.918016, 30.166382, 20.515554, 33.819744}</ynbr_node3>
<ynbr_node4>{30.185505, 29.420401, 21.508179, 33.361076}</ynbr_node4>
<ynbr_node5>{29.663101, 28.849701, 22.503838, 32.720169}</ynbr_node5>
<ynbr_node6>{29.387133, 28.456741, 23.491583, 31.944967}</ynbr_node6>
<ynbr_node7>{29.382553, 28.263132, 24.442732, 31.066740}</ynbr_node7>
<ynbr_node8>{29.645029, 28.267515, 25.347813, 30.113888}</ynbr_node8>
<ynbr_node9>{30.130301, 28.460409, 26.166971, 29.122574}</ynbr_node9>
<ynbr_node10>{30.800859, 28.842617, 26.873358, 28.124746}</ynbr_node10>
</xagent>
<xagent>
<name>Sporo</name>
<id>21</id>
<iter>1401</iter>
<FP>1.000000</FP>
<K0>0.200000</K0>
<TH0>2.941593</TH0>
<R0>0.998334</R0>
<coordx>{36.889332, 36.960243, 36.795574, 36.385899, 35.754601, 34.934441, 33.991898, 33.006401, 32.053715, 31.189243, 30.451181}</coordx>
<coordy>{33.689747, 32.738884, 31.796703, 30.923964, 30.189478, 29.664463, 29.386713, 29.385979, 29.639984, 30.122202, 30.792522}</coordy>
<xnbr_node0>{36.648769, 37.646336, 35.349613}</xnbr_node0>
<xnbr_node1>{36.578011, 37.494457, 36.305073}</xnbr_node1>
<xnbr_node2>{36.633091, 37.189999, 37.333183}</xnbr_node2>
<xnbr_node3>{36.772198, 36.720245, 38.297886}</xnbr_node3>
<xnbr_node4>{36.975136, 36.070793, 39.181267}</xnbr_node4>
<xnbr_node5>{37.195885, 35.273548, 39.951675}</xnbr_node5>
<xnbr_node6>{37.432072, 34.366982, 40.585621}</xnbr_node6>
<xnbr_node7>{37.651695, 33.393417, 41.067856}</xnbr_node7>
<xnbr_node8>{37.870232, 32.398003, 41.377026}</xnbr_node8>
<xnbr_node9>{38.112892, 31.422634, 41.493980}</xnbr_node9>
<xnbr_node10>{38.437202, 30.505602, 41.418373}</xnbr_node10>
<ynbr_node0>{23.117521, 32.956108, 33.632790}</ynbr_node0>
<ynbr_node1>{24.112103, 31.968967, 33.961887}</ynbr_node1>
<ynbr_node2>{25.107138, 31.029024, 34.049095}</ynbr_node2>
<ynbr_node3>{26.098181, 30.166382, 33.819744}</ynbr_node3>
<ynbr_node4>{27.073006, 29.420401, 33.361076}</ynbr_node4>
<ynbr_node5>{28.044453, 28.849701, 32.720169}</ynbr_node5>
<ynbr_node6>{29.017820, 28.456741, 31.944967}</ynbr_node6>
<ynbr_node7>{29.993521, 28.263132, 31.066740}</ynbr_node7>
<ynbr_node8>{30.970806, 28.267515, 30.113888}</ynbr_node8>
<ynbr_node9>{31.942575, 28.460409, 29.122574}</ynbr_node9>
<ynbr_node10>{32.882076, 28.842617, 28.124746}</ynbr_node10>
</xagent>
<xagent>
<name>Sporo</name>
<id>20</id>
<iter>1401</iter>
<FP>1.000000</FP>
<K0>0.200000</K0>
<TH0>2.941593</TH0>
<R0>0.998334</R0>
<coordx>{37.645367, 37.493309, 37.189571, 36.723850, 36.082371, 35.279667, 34.375217, 33.405418, 32.405724, 31.433949, 30.513895}</coordx>
<coordy>{32.965382, 31.980846, 31.038904, 30.173990, 29.429256, 28.852200, 28.457735, 28.262932, 28.264544, 28.456543, 28.839291}</coordy>
<xnbr_node0>{36.648769, 36.898949, 37.978046, 35.349613}</xnbr_node0>
<xnbr_node1>{36.578011, 36.962559, 37.426487, 36.305073}</xnbr_node1>
<xnbr_node2>{36.633091, 36.793770, 37.046158, 37.333183}</xnbr_node2>
<xnbr_node3>{36.772198, 36.380630, 36.848095, 38.297886}</xnbr_node3>
<xnbr_node4>{36.975136, 35.747768, 36.825649, 39.181267}</xnbr_node4>
<xnbr_node5>{37.195885, 34.925713, 36.943012, 39.951675}</xnbr_node5>
<xnbr_node6>{37.432072, 33.980972, 37.170219, 40.585621}</xnbr_node6>
<xnbr_node7>{37.651695, 32.996639, 37.464954, 41.067856}</xnbr_node7>
<xnbr_node8>{37.870232, 32.044453, 37.885651, 41.377026}</xnbr_node8>
<xnbr_node9>{38.112892, 31.181524, 38.443172, 41.493980}</xnbr_node9>
<xnbr_node10>{38.437202, 30.444988, 39.146629, 41.418373}</xnbr_node10>
<ynbr_node0>{23.117521, 33.684402, 17.788956, 33.632790}</ynbr_node0>
<ynbr_node1>{24.112103, 32.731388, 18.618059, 33.961887}</ynbr_node1>
<ynbr_node2>{25.107138, 31.789270, 19.537535, 34.049095}</ynbr_node2>
<ynbr_node3>{26.098181, 30.918016, 20.515554, 33.819744}</ynbr_node3>
<ynbr_node4>{27.073006, 30.185505, 21.508179, 33.361076}</ynbr_node4>
<ynbr_node5>{28.044453, 29.663101, 22.503838, 32.720169}</ynbr_node5>
<ynbr_node6>{29.017820, 29.387133, 23.491583, 31.944967}</ynbr_node6>
<ynbr_node7>{29.993521, 29.382553, 24.442732, 31.066740}</ynbr_node7>
<ynbr_node8>{30.970806, 29.645029, 25.347813, 30.113888}</ynbr_node8>
<ynbr_node9>{31.942575, 30.130301, 26.166971, 29.122574}</ynbr_node9>
<ynbr_node10>{32.882076, 30.800859, 26.873358, 28.124746}</ynbr_node10>
</xagent>
<xagent>
<name>Sporo</name>
<id>19</id>
<iter>1401</iter>
<FP>1.000000</FP>
<K0>0.200000</K0>
<TH0>2.941593</TH0>
<R0>0.998334</R0>
<coordx>{21.442200, 22.269033, 22.961435, 23.526621, 23.914911, 24.125223, 24.144749, 23.969805, 23.598001, 23.044441, 22.335079}</coordx>
<coordy>{42.046124, 41.478851, 40.761753, 39.933193, 39.011738, 38.034504, 37.039639, 36.057259, 35.129772, 34.299744, 33.600567}</coordy>
<xnbr_node0>{25.711647, 21.952538}</xnbr_node0>
<xnbr_node1>{24.764042, 22.718832}</xnbr_node1>
<xnbr_node2>{23.771753, 23.348846}</xnbr_node2>
<xnbr_node3>{22.774494, 23.816532}</xnbr_node3>
<xnbr_node4>{21.818638, 24.120214}</xnbr_node4>
<xnbr_node5>{20.940018, 24.241312}</xnbr_node5>
<xnbr_node6>{20.184853, 24.179268}</xnbr_node6>
<xnbr_node7>{19.602114, 23.931810}</xnbr_node7>
<xnbr_node8>{19.204891, 23.500853}</xnbr_node8>
<xnbr_node9>{19.014542, 22.902813}</xnbr_node9>
<xnbr_node10>{19.035088, 22.150389}</xnbr_node10>
<ynbr_node0>{35.927532, 32.061604}</ynbr_node0>
<ynbr_node1>{35.613544, 31.417055}</ynbr_node1>
<ynbr_node2>{35.486286, 30.641121}</ynbr_node2>
<ynbr_node3>{35.557369, 29.758799}</ynbr_node3>
<ynbr_node4>{35.829453, 28.807472}</ynbr_node4>
<ynbr_node5>{36.297684, 27.815306}</ynbr_node5>
<ynbr_node6>{36.951653, 26.817434}</ynbr_node6>
<ynbr_node7>{37.754967, 25.850216}</ynbr_node7>
<ynbr_node8>{38.666862, 24.950796}</ynbr_node8>
<ynbr_node9>{39.645786, 24.151920}</ynbr_node9>
<ynbr_node10>{40.644314, 23.494844}</ynbr_node10>
</xagent>
<xagent>
<name>Sporo</name>
<id>18</id>
<iter>1401</iter>
<FP>1.000000</FP>
<K0>0.200000</K0>
<TH0>2.941593</TH0>
<R0>0.998334</R0>
<coordx>{14.521025, 14.791137, 14.870096, 14.764068, 14.481959, 14.031563, 13.429744, 12.681226, 11.816114, 10.870089, 9.882282}</coordx>
<coordy>{36.765541, 35.803371, 34.809288, 33.811207, 32.851719, 31.958506, 31.167065, 30.503798, 29.998945, 29.688181, 29.567793}</coordy>
<xnbr_node0>{12.099779}</xnbr_node0>
<xnbr_node1>{11.120590}</xnbr_node1>
<xnbr_node2>{10.199264}</xnbr_node2>
<xnbr_node3>{9.369323}</xnbr_node3>
<xnbr_node4>{8.652151}</xnbr_node4>
<xnbr_node5>{8.072479}</xnbr_node5>
<xnbr_node6>{7.656173}</xnbr_node6>
<xnbr_node7>{7.424737}</xnbr_node7>
<xnbr_node8>{7.387689}</xnbr_node8>
<xnbr_node9>{7.555687}</xnbr_node9>
<xnbr_node10>{7.919297}</xnbr_node10>
<ynbr_node0>{35.744507}</ynbr_node0>
<ynbr_node1>{35.946075}</ynbr_node1>
<ynbr_node2>{36.327637}</ynbr_node2>
<ynbr_node3>{36.875839}</ynbr_node3>
<ynbr_node4>{37.568657}</ynbr_node4>
<ynbr_node5>{38.380501}</ynbr_node5>
<ynbr_node6>{39.287338}</ynbr_node6>
<ynbr_node7>{40.264412}</ynbr_node7>
<ynbr_node8>{41.259197}</ynbr_node8>
<ynbr_node9>{42.240837}</ynbr_node9>
<ynbr_node10>{43.171848}</ynbr_node10>
</xagent>
<xagent>
<name>Sporo</name>
<id>17</id>
<iter>1401</iter>
<FP>1.000000</FP>
<K0>0.200000</K0>
<TH0>2.941593</TH0>
<R0>0.998334</R0>
<coordx>{51.229519, 52.114140, 53.069534, 54.062492, 55.058296, 56.019619, 56.922256, 57.723351, 58.396004, 58.904655, 59.230232}</coordx>
<coordy>{33.937656, 34.404411, 34.695580, 34.802959, 34.735455, 34.477997, 34.046341, 33.456291, 32.721081, 31.862146, 30.918095}</coordy>
<xnbr_node0>{52.329807, 64.081818}</xnbr_node0>
<xnbr_node1>{51.346840, 63.085770}</xnbr_node1>
<xnbr_node2>{50.413795, 62.102291}</xnbr_node2>
<xnbr_node3>{49.565704, 61.167763}</xnbr_node3>
<xnbr_node4>{48.824539, 60.309216}</xnbr_node4>
<xnbr_node5>{48.222996, 59.552456}</xnbr_node5>
<xnbr_node6>{47.784863, 58.929508}</xnbr_node6>
<xnbr_node7>{47.524364, 58.453255}</xnbr_node7>
<xnbr_node8>{47.469704, 58.148312}</xnbr_node8>
<xnbr_node9>{47.611473, 58.037300}</xnbr_node9>
<xnbr_node10>{47.946220, 58.128414}</xnbr_node10>
<ynbr_node0>{35.755157, 35.436092}</ynbr_node0>
<ynbr_node1>{35.935440, 35.416615}</ynbr_node1>
<ynbr_node2>{36.302761, 35.587543}</ynbr_node2>
<ynbr_node3>{36.832104, 35.940018}</ynbr_node3>
<ynbr_node4>{37.505619, 36.453190}</ynbr_node4>
<ynbr_node5>{38.302231, 37.114758}</ynbr_node5>
<ynbr_node6>{39.199062, 37.892826}</ynbr_node6>
<ynbr_node7>{40.161133, 38.772987}</ynbr_node7>
<ynbr_node8>{41.156883, 39.722206}</ynbr_node8>
<ynbr_node9>{42.141739, 40.713245}</ynbr_node9>
<ynbr_node10>{43.078625, 41.709034}</ynbr_node10>
</xagent>
<xagent>
<name>Sporo</name>
<id>16</id>
<iter>1401</iter>
<FP>1.000000</FP>
<K0>0.200000</K0>
<TH0>2.941593</TH0>
<R0>0.998334</R0>
<coordx>{37.983730, 37.432137, 37.049702, 36.850189, 36.826031, 36.940205, 37.165840, 37.462887, 37.877518, 38.438541, 39.141167}</coordx>
<coordy>{17.781986, 18.609627, 19.528490, 20.506678, 21.499718, 22.495464, 23.483324, 24.432543, 25.340559, 26.159359, 26.865932}</coordy>
<xnbr_node0>{36.648769, 37.646336}</xnbr_node0>
<xnbr_node1>{36.578011, 37.494457}</xnbr_node1>
<xnbr_node2>{36.633091, 37.189999}</xnbr_node2>
<xnbr_node3>{36.772198, 36.720245}</xnbr_node3>
<xnbr_node4>{36.975136, 36.070793}</xnbr_node4>
<xnbr_node5>{37.195885, 35.273548}</xnbr_node5>
<xnbr_node6>{37.432072, 34.366982}</xnbr_node6>
<xnbr_node7>{37.651695, 33.393417}</xnbr_node7>
<xnbr_node8>{37.870232, 32.398003}</xnbr_node8>
<xnbr_node9>{38.112892, 31.422634}</xnbr_node9>
<xnbr_node10>{38.437202, 30.505602}</xnbr_node10>
<ynbr_node0>{23.117521, 32.956108}</ynbr_node0>
<ynbr_node1>{24.112103, 31.968967}</ynbr_node1>
<ynbr_node2>{25.107138, 31.029024}</ynbr_node2>
<ynbr_node3>{26.098181, 30.166382}</ynbr_node3>
<ynbr_node4>{27.073006, 29.420401}</ynbr_node4>
<ynbr_node5>{28.044453, 28.849701}</ynbr_node5>
<ynbr_node6>{29.017820, 28.456741}</ynbr_node6>
<ynbr_node7>{29.993521, 28.263132}</ynbr_node7>
<ynbr_node8>{30.970806, 28.267515}</ynbr_node8>
<ynbr_node9>{31.942575, 28.460409}</ynbr_node9>
<ynbr_node10>{32.882076, 28.842617}</ynbr_node10>
</xagent>
<xagent>
<name>Sporo</name>
<id>15</id>
<iter>1401</iter>
<FP>1.000000</FP>
<K0>0.200000</K0>
<TH0>2.941593</TH0>
<R0>0.998334</R0>
<coordx>{35.343143, 36.296856, 37.327915, 38.290874, 39.175827, 39.945984, 40.580570, 41.062885, 41.374039, 41.494972, 41.418621}</coordx>
<coordy>{33.635342, 33.963200, 34.053669, 33.827896, 33.366703, 32.729160, 31.952990, 31.078035, 30.124151, 29.131784, 28.135622}</coordy>
<xnbr_node0>{36.648769, 36.898949, 37.646336, 37.978046}</xnbr_node0>
<xnbr_node1>{36.578011, 36.962559, 37.494457, 37.426487}</xnbr_node1>
<xnbr_node2>{36.633091, 36.793770, 37.189999, 37.046158}</xnbr_node2>
<xnbr_node3>{36.772198, 36.380630, 36.720245, 36.848095}</xnbr_node3>
<xnbr_node4>{36.975136, 35.747768, 36.070793, 36.825649}</xnbr_node4>
<xnbr_node5>{37.195885, 34.925713, 35.273548, 36.943012}</xnbr_node5>
<xnbr_node6>{37.432072, 33.980972, 34.366982, 37.170219}</xnbr_node6>
<xnbr_node7>{37.651695, 32.996639, 33.393417, 37.464954}</xnbr_node7>
<xnbr_node8>{37.870232, 32.044453, 32.398003, 37.885651}</xnbr_node8>
<xnbr_node9>{38.112892, 31.181524, 31.422634, 38.443172}</xnbr_node9>
<xnbr_node10>{38.437202, 30.444988, 30.505602, 39.146629}</xnbr_node10>
<ynbr_node0>{23.117521, 33.684402, 32.956108, 17.788956}</ynbr_node0>
<ynbr_node1>{24.112103, 32.731388, 31.968967, 18.618059}</ynbr_node1>
<ynbr_node2>{25.107138, 31.789270, 31.029024, 19.537535}</ynbr_node2>
<ynbr_node3>{26.098181, 30.918016, 30.166382, 20.515554}</ynbr_node3>
<ynbr_node4>{27.073006, 30.185505, 29.420401, 21.508179}</ynbr_node4>
<ynbr_node5>{28.044453, 29.663101, 28.849701, 22.503838}</ynbr_node5>
<ynbr_node6>{29.017820, 29.387133, 28.456741, 23.491583}</ynbr_node6>
<ynbr_node7>{29.993521, 29.382553, 28.263132, 24.442732}</ynbr_node7>
<ynbr_node8>{30.970806, 29.645029, 28.267515, 25.347813}</ynbr_node8>
<ynbr_node9>{31.942575, 30.130301, 28.460409, 26.166971}</ynbr_node9>
<ynbr_node10>{32.882076, 30.800859, 28.842617, 26.873358}</ynbr_node10>
</xagent>
<xagent>
<name>Sporo</name>
<id>14</id>
<iter>1401</iter>
<FP>1.000000</FP>
<K0>0.200000</K0>
<TH0>2.941593</TH0>
<R0>0.998334</R0>
<coordx>{18.345465, 17.557686, 16.902433, 16.397730, 16.050198, 15.890977, 15.911078, 16.125887, 16.524086, 17.096857, 17.831106}</coordx>
<coordy>{17.821863, 18.429901, 19.180792, 20.041559, 20.983950, 21.969263, 22.968515, 23.944344, 24.859034, 25.677855, 26.357786}</coordy>
<xnbr_node0>{12.900206}</xnbr_node0>
<xnbr_node1>{13.547409}</xnbr_node1>
<xnbr_node2>{14.045929}</xnbr_node2>
<xnbr_node3>{14.379613}</xnbr_node3>
<xnbr_node4>{14.538455}</xnbr_node4>
<xnbr_node5>{14.514923}</xnbr_node5>
<xnbr_node6>{14.297289}</xnbr_node6>
<xnbr_node7>{13.894254}</xnbr_node7>
<xnbr_node8>{13.315528}</xnbr_node8>
<xnbr_node9>{12.585080}</xnbr_node9>
<xnbr_node10>{11.726108}</xnbr_node10>
<ynbr_node0>{20.587948}</ynbr_node0>
<ynbr_node1>{19.844452}</ynbr_node1>
<ynbr_node2>{18.988647}</ynbr_node2>
<ynbr_node3>{18.047846}</ynbr_node3>
<ynbr_node4>{17.060226}</ynbr_node4>
<ynbr_node5>{16.064291}</ynbr_node5>
<ynbr_node6>{15.086049}</ynbr_node6>
<ynbr_node7>{14.172557}</ynbr_node7>
<ynbr_node8>{13.361540}</ynbr_node8>
<ynbr_node9>{12.681834}</ynbr_node9>
<ynbr_node10>{12.170287}</ynbr_node10>
</xagent>
<xagent>
<name>Sporo</name>
<id>13</id>
<iter>1401</iter>
<FP>1.000000</FP>
<K0>0.200000</K0>
<TH0>2.941593</TH0>
<R0>0.998334</R0>
<coordx>{21.944901, 22.714712, 23.343283, 23.813532, 24.117029, 24.241276, 24.177401, 23.932697, 23.506231, 22.904663, 22.158047}</coordx>
<coordy>{32.066330, 31.425259, 30.651178, 29.768810, 28.815044, 27.825237, 26.825924, 25.859606, 24.957699, 24.159857, 23.499973}</coordy>
<xnbr_node0>{21.450544}</xnbr_node0>
<xnbr_node1>{22.279306}</xnbr_node1>
<xnbr_node2>{22.971729}</xnbr_node2>
<xnbr_node3>{23.528221}</xnbr_node3>
<xnbr_node4>{23.919472}</xnbr_node4>
<xnbr_node5>{24.124998}</xnbr_node5>
<xnbr_node6>{24.144941}</xnbr_node6>
<xnbr_node7>{23.965818}</xnbr_node7>
<xnbr_node8>{23.593412}</xnbr_node8>
<xnbr_node9>{23.038767}</xnbr_node9>
<xnbr_node10>{22.327925}</xnbr_node10>
<ynbr_node0>{42.043976}</ynbr_node0>
<ynbr_node1>{41.471695}</ynbr_node1>
<ynbr_node2>{40.753098}</ynbr_node2>
<ynbr_node3>{39.920372}</ynbr_node3>
<ynbr_node4>{39.001621}</ynbr_node4>
<ynbr_node5>{38.027008}</ynbr_node5>
<ynbr_node6>{37.029514}</ynbr_node6>
<ynbr_node7>{36.045547}</ynbr_node7>
<ynbr_node8>{35.121128}</ynbr_node8>
<ynbr_node9>{34.290920}</ynbr_node9>
<ynbr_node10>{33.596622}</ynbr_node10>
</xagent>
<xagent>
<name>Sporo</name>
<id>12</id>
<iter>1401</iter>
<FP>1.000000</FP>
<K0>0.200000</K0>
<TH0>2.941593</TH0>
<R0>0.998334</R0>
<coordx>{13.493925, 13.757092, 13.831778, 13.734797, 13.447042, 12.989231, 12.360986, 11.622618, 10.760912, 9.814989, 8.820760}</coordx>
<coordy>{26.504908, 25.542662, 24.546541, 23.546661, 22.593914, 21.707497, 20.927862, 20.265093, 19.767534, 19.463081, 19.362484}</coordy>
<xnbr_node0>{7.326120, 12.900206}</xnbr_node0>
<xnbr_node1>{6.713487, 13.547409}</xnbr_node1>
<xnbr_node2>{6.254611, 14.045929}</xnbr_node2>
<xnbr_node3>{5.967738, 14.379613}</xnbr_node3>
<xnbr_node4>{5.855617, 14.538455}</xnbr_node4>
<xnbr_node5>{5.930418, 14.514923}</xnbr_node5>
<xnbr_node6>{6.186804, 14.297289}</xnbr_node6>
<xnbr_node7>{6.622353, 13.894254}</xnbr_node7>
<xnbr_node8>{7.227095, 13.315528}</xnbr_node8>
<xnbr_node9>{7.981573, 12.585080}</xnbr_node9>
<xnbr_node10>{8.853801, 11.726108}</xnbr_node10>
<ynbr_node0>{9.713909, 20.587948}</ynbr_node0>
<ynbr_node1>{10.502874, 19.844452}</ynbr_node1>
<ynbr_node2>{11.390106, 18.988647}</ynbr_node2>
<ynbr_node3>{12.350329, 18.047846}</ynbr_node3>
<ynbr_node4>{13.344110, 17.060226}</ynbr_node4>
<ynbr_node5>{14.345340, 16.064291}</ynbr_node5>
<ynbr_node6>{15.308034, 15.086049}</ynbr_node6>
<ynbr_node7>{16.204544, 14.172557}</ynbr_node7>
<ynbr_node8>{16.994862, 13.361540}</ynbr_node8>
<ynbr_node9>{17.645145, 12.681834}</ynbr_node9>
<ynbr_node10>{18.131334, 12.170287}</ynbr_node10>
</xagent>
<xagent>
<name>Sporo</name>
<id>11</id>
<iter>1401</iter>
<FP>1.000000</FP>
<K0>0.200000</K0>
<TH0>2.941593</TH0>
<R0>0.998334</R0>
<coordx>{56.798897, 55.832058, 54.834026, 53.839729, 52.884689, 51.997410, 51.206963, 50.546211, 50.044193, 49.725464, 49.603443}</coordx>
<coordy>{5.428329, 5.167741, 5.103097, 5.224076, 5.517853, 5.973893, 6.583767, 7.335305, 8.199698, 9.145720, 10.136271}</coordy>
<xnbr_node0>{52.294945, 50.587460}</xnbr_node0>
<xnbr_node1>{53.095097, 51.435230}</xnbr_node1>
<xnbr_node2>{53.986511, 52.367374}</xnbr_node2>
<xnbr_node3>{54.943867, 53.353798}</xnbr_node3>
<xnbr_node4>{55.933525, 54.351925}</xnbr_node4>
<xnbr_node5>{56.934452, 55.336853}</xnbr_node5>
<xnbr_node6>{57.930229, 56.264130}</xnbr_node6>
<xnbr_node7>{58.906048, 57.109447}</xnbr_node7>
<xnbr_node8>{59.844296, 57.831257}</xnbr_node8>
<xnbr_node9>{60.707619, 58.396801}</xnbr_node9>
<xnbr_node10>{61.451061, 58.780235}</xnbr_node10>
<ynbr_node0>{1.994704, 13.669413}</ynbr_node0>
<ynbr_node1>{2.598310, 14.196463}</ynbr_node1>
<ynbr_node2>{3.048101, 14.553571}</ynbr_node2>
<ynbr_node3>{3.344735, 14.730243}</ynbr_node3>
<ynbr_node4>{3.493170, 14.722024}</ynbr_node4>
<ynbr_node5>{3.514022, 14.532999}</ynbr_node5>
<ynbr_node6>{3.418063, 14.172677}</ynbr_node6>
<ynbr_node7>{3.195075, 13.636134}</ynbr_node7>
<ynbr_node8>{2.842875, 12.946198}</ynbr_node8>
<ynbr_node9>{2.337856, 12.126144}</ynbr_node9>
<ynbr_node10>{1.679803, 11.199757}</ynbr_node10>
</xagent>
<xagent>
<name>Sporo</name>
<id>10</id>
<iter>1401</iter>
<FP>1.000000</FP>
<K0>0.200000</K0>
<TH0>2.941593</TH0>
<R0>0.998334</R0>
<coordx>{44.202888, 43.207382, 42.222477, 41.290512, 40.446526, 39.712147, 39.120663, 38.692677, 38.445724, 38.401554, 38.558716}</coordx>
<coordy>{5.226378, 5.223188, 5.406442, 5.769131, 6.303034, 6.983900, 7.783326, 8.682606, 9.652537, 10.651560, 11.635010}</coordy>
<xnbr_node0>{}</xnbr_node0>
<xnbr_node1>{}</xnbr_node1>
<xnbr_node2>{}</xnbr_node2>
<xnbr_node3>{}</xnbr_node3>
<xnbr_node4>{}</xnbr_node4>
<xnbr_node5>{}</xnbr_node5>
<xnbr_node6>{}</xnbr_node6>
<xnbr_node7>{}</xnbr_node7>
<xnbr_node8>{}</xnbr_node8>
<xnbr_node9>{}</xnbr_node9>
<xnbr_node10>{}</xnbr_node10>
<ynbr_node0>{}</ynbr_node0>
<ynbr_node1>{}</ynbr_node1>
<ynbr_node2>{}</ynbr_node2>
<ynbr_node3>{}</ynbr_node3>
<ynbr_node4>{}</ynbr_node4>
<ynbr_node5>{}</ynbr_node5>
<ynbr_node6>{}</ynbr_node6>
<ynbr_node7>{}</ynbr_node7>
<ynbr_node8>{}</ynbr_node8>
<ynbr_node9>{}</ynbr_node9>
<ynbr_node10>{}</ynbr_node10>
</xagent>
<xagent>
<name>Sporo</name>
<id>9</id>
<iter>1401</iter>
<FP>1.000000</FP>
<K0>0.200000</K0>
<TH0>2.941593</TH0>
<R0>0.998334</R0>
<coordx>{28.893452, 28.036633, 27.302456, 26.700415, 26.258121, 25.985817, 25.910564, 26.023096, 26.335054, 26.840887, 27.505228}</coordx>
<coordy>{7.452663, 7.969525, 8.644509, 9.440933, 10.334518, 11.294518, 12.292762, 13.283579, 14.233390, 15.096192, 15.836359}</coordy>
<xnbr_node0>{26.885437, 21.251894}</xnbr_node0>
<xnbr_node1>{25.990421, 22.073519}</xnbr_node1>
<xnbr_node2>{25.032885, 22.991007}</xnbr_node2>
<xnbr_node3>{24.034557, 23.967218}</xnbr_node3>
<xnbr_node4>{23.044233, 24.966496}</xnbr_node4>
<xnbr_node5>{22.092285, 25.952641}</xnbr_node5>
<xnbr_node6>{21.235743, 26.882757}</xnbr_node6>
<xnbr_node7>{20.514435, 27.713764}</xnbr_node7>
<xnbr_node8>{19.959146, 28.409523}</xnbr_node8>
<xnbr_node9>{19.600260, 28.944929}</xnbr_node9>
<xnbr_node10>{19.443636, 29.281727}</xnbr_node10>
<ynbr_node0>{6.501122, 13.347274}</ynbr_node0>
<ynbr_node1>{6.046535, 13.914317}</ynbr_node1>
<ynbr_node2>{5.778278, 14.312252}</ynbr_node2>
<ynbr_node3>{5.696302, 14.527719}</ynbr_node3>
<ynbr_node4>{5.811687, 14.557400}</ynbr_node4>
<ynbr_node5>{6.125153, 14.388710}</ynbr_node5>
<ynbr_node6>{6.635627, 14.022336}</ynbr_node6>
<ynbr_node7>{7.321006, 13.474591}</ynbr_node7>
<ynbr_node8>{8.146834, 12.762786}</ynbr_node8>
<ynbr_node9>{9.075272, 11.919847}</ynbr_node9>
<ynbr_node10>{10.062201, 10.980856}</ynbr_node10>
</xagent>
<xagent>
<name>Sporo</name>
<id>8</id>
<iter>1401</iter>
<FP>1.000000</FP>
<K0>0.200000</K0>
<TH0>2.941593</TH0>
<R0>0.998334</R0>
<coordx>{26.893147, 26.002167, 25.043484, 24.045408, 23.053251, 22.102617, 21.244623, 20.522900, 19.965113, 19.602991, 19.442387}</coordx>
<coordy>{6.505462, 6.053086, 5.777704, 5.696825, 5.809379, 6.121393, 6.627172, 7.315673, 8.140320, 9.066666, 10.053261}</coordy>
<xnbr_node0>{28.884239, 27.033489, 20.325806}</xnbr_node0>
<xnbr_node1>{28.030294, 26.604321, 21.222826}</xnbr_node1>
<xnbr_node2>{27.295694, 26.324327, 22.025141}</xnbr_node2>
<xnbr_node3>{26.696627, 26.167616, 22.695240}</xnbr_node3>
<xnbr_node4>{26.254852, 26.115870, 23.218054}</xnbr_node4>
<xnbr_node5>{25.986872, 26.155245, 23.566456}</xnbr_node5>
<xnbr_node6>{25.907465, 26.295740, 23.722513}</xnbr_node6>
<xnbr_node7>{26.027740, 26.542471, 23.677450}</xnbr_node7>
<xnbr_node8>{26.341017, 26.910259, 23.441509}</xnbr_node8>
<xnbr_node9>{26.845303, 27.418474, 23.010807}</xnbr_node9>
<xnbr_node10>{27.513983, 28.077230, 22.398188}</xnbr_node10>
<ynbr_node0>{7.456080, -4.892306, 12.611848}</ynbr_node0>
<ynbr_node1>{7.976530, -3.985522, 12.176602}</ynbr_node1>
<ynbr_node2>{8.651783, -3.025789, 11.575126}</ynbr_node2>
<ynbr_node3>{9.452882, -2.032251, 10.833043}</ynbr_node3>
<ynbr_node4>{10.344771, -1.027929, 9.980638}</ynbr_node4>
<ynbr_node5>{11.306285, -0.023904, 9.045579}</ynbr_node5>
<ynbr_node6>{12.303345, 0.972486, 8.059890}</ynbr_node6>
<ynbr_node7>{13.294640, 1.947452, 7.067183}</ynbr_node7>
<ynbr_node8>{14.241579, 2.878082, 6.095361}</ynbr_node8>
<ynbr_node9>{15.102595, 3.742415, 5.194084}</ynbr_node9>
<ynbr_node10>{15.843520, 4.492115, 4.403201}</ynbr_node10>
</xagent>
<xagent>
<name>Sporo</name>
<id>7</id>
<iter>1401</iter>
<FP>1.000000</FP>
<K0>0.200000</K0>
<TH0>2.941593</TH0>
<R0>0.998334</R0>
<coordx>{7.333000, 6.716799, 6.257896, 5.968540, 5.856880, 5.926590, 6.184248, 6.617368, 7.219663, 7.976421, 8.844265}</coordx>
<coordy>{9.707470, 10.494066, 11.381788, 12.337469, 13.335279, 14.336633, 15.295414, 16.195955, 16.987431, 17.639671, 18.126522}</coordy>
<xnbr_node0>{13.496638}</xnbr_node0>
<xnbr_node1>{13.758810}</xnbr_node1>
<xnbr_node2>{13.833492}</xnbr_node2>
<xnbr_node3>{13.730636}</xnbr_node3>
<xnbr_node4>{13.443677}</xnbr_node4>
<xnbr_node5>{12.983418}</xnbr_node5>
<xnbr_node6>{12.358299}</xnbr_node6>
<xnbr_node7>{11.616931}</xnbr_node7>
<xnbr_node8>{10.751575}</xnbr_node8>
<xnbr_node9>{9.803609}</xnbr_node9>
<xnbr_node10>{8.811272}</xnbr_node10>
<ynbr_node0>{26.495724}</ynbr_node0>
<ynbr_node1>{25.533714}</ynbr_node1>
<ynbr_node2>{24.535517}</ynbr_node2>
<ynbr_node3>{23.539061}</ynbr_node3>
<ynbr_node4>{22.582476}</ynbr_node4>
<ynbr_node5>{21.696304}</ynbr_node5>
<ynbr_node6>{20.918577}</ynbr_node6>
<ynbr_node7>{20.257355}</ynbr_node7>
<ynbr_node8>{19.764153}</ynbr_node8>
<ynbr_node9>{19.462280}</ynbr_node9>
<ynbr_node10>{19.361397}</ynbr_node10>
</xagent>
<xagent>
<name>Sporo</name>
<id>6</id>
<iter>1401</iter>
<FP>1.000000</FP>
<K0>0.200000</K0>
<TH0>2.941593</TH0>
<R0>0.998334</R0>
<coordx>{12.900146, 13.544119, 14.043628, 14.375249, 14.537800, 14.516355, 14.301086, 13.898199, 13.322877, 12.591902, 11.735639}</coordx>
<coordy>{20.588907, 19.852571, 18.993973, 18.055630, 17.069878, 16.073940, 15.096910, 14.182678, 13.368546, 12.688710, 12.169888}</coordy>
<xnbr_node0>{18.336222, 13.496638}</xnbr_node0>
<xnbr_node1>{17.548454, 13.758810}</xnbr_node1>
<xnbr_node2>{16.898336, 13.833492}</xnbr_node2>
<xnbr_node3>{16.395561, 13.730636}</xnbr_node3>
<xnbr_node4>{16.047453, 13.443677}</xnbr_node4>
<xnbr_node5>{15.887804, 12.983418}</xnbr_node5>
<xnbr_node6>{15.914326, 12.358299}</xnbr_node6>
<xnbr_node7>{16.130108, 11.616931}</xnbr_node7>
<xnbr_node8>{16.527945, 10.751575}</xnbr_node8>
<xnbr_node9>{17.105810, 9.803609}</xnbr_node9>
<xnbr_node10>{17.838556, 8.811272}</xnbr_node10>
<ynbr_node0>{17.828388, 26.495724}</ynbr_node0>
<ynbr_node1>{18.437729, 25.533714}</ynbr_node1>
<ynbr_node2>{19.188177, 24.535517}</ynbr_node2>
<ynbr_node3>{20.049280, 23.539061}</ynbr_node3>
<ynbr_node4>{20.992506, 22.582476}</ynbr_node4>
<ynbr_node5>{21.977617, 21.696304}</ynbr_node5>
<ynbr_node6>{22.978268, 20.918577}</ynbr_node6>
<ynbr_node7>{23.953856, 20.257355}</ynbr_node7>
<ynbr_node8>{24.867477, 19.764153}</ynbr_node8>
<ynbr_node9>{25.683657, 19.462280}</ynbr_node9>
<ynbr_node10>{26.365509, 19.361397}</ynbr_node10>
</xagent>
<xagent>
<name>Sporo</name>
<id>5</id>
<iter>1401</iter>
<FP>1.000000</FP>
<K0>0.200000</K0>
<TH0>2.941593</TH0>
<R0>0.998334</R0>
<coordx>{50.579842, 51.423004, 52.356106, 53.342991, 54.344040, 55.324581, 56.259804, 57.101322, 57.824043, 58.391968, 58.775593}</coordx>
<coordy>{13.664468, 14.191560, 14.553022, 14.729177, 14.723005, 14.537928, 14.176086, 13.644763, 12.953240, 12.135591, 11.208787}</coordy>
<xnbr_node0>{56.791504}</xnbr_node0>
<xnbr_node1>{55.822235}</xnbr_node1>
<xnbr_node2>{54.824600}</xnbr_node2>
<xnbr_node3>{53.828655}</xnbr_node3>
<xnbr_node4>{52.875603}</xnbr_node4>
<xnbr_node5>{51.988842}</xnbr_node5>
<xnbr_node6>{51.202179}</xnbr_node6>
<xnbr_node7>{50.541592}</xnbr_node7>
<xnbr_node8>{50.037899}</xnbr_node8>
<xnbr_node9>{49.722168}</xnbr_node9>
<xnbr_node10>{49.602955}</xnbr_node10>
<ynbr_node0>{5.426301}</ynbr_node0>
<ynbr_node1>{5.166344}</ynbr_node1>
<ynbr_node2>{5.103306}</ynbr_node2>
<ynbr_node3>{5.227263}</ynbr_node3>
<ynbr_node4>{5.520899}</ynbr_node4>
<ynbr_node5>{5.979674}</ynbr_node5>
<ynbr_node6>{6.591820}</ynbr_node6>
<ynbr_node7>{7.344630}</ynbr_node7>
<ynbr_node8>{8.206853}</ynbr_node8>
<ynbr_node9>{9.155196}</ynbr_node9>
<ynbr_node10>{10.144252}</ynbr_node10>
</xagent>
<xagent>
<name>Sporo</name>
<id>4</id>
<iter>1401</iter>
<FP>1.000000</FP>
<K0>0.200000</K0>
<TH0>2.941593</TH0>
<R0>0.998334</R0>
<coordx>{52.048962, 51.418156, 50.657360, 49.786396, 48.843151, 47.856064, 46.857227, 45.881588, 44.976376, 44.160336, 43.487404}</coordx>
<coordy>{58.268940, 57.484753, 56.834049, 56.337093, 56.008892, 55.861801, 55.894714, 56.121269, 56.525364, 57.107357, 57.835648}</coordy>
<xnbr_node0>{}</xnbr_node0>
<xnbr_node1>{}</xnbr_node1>
<xnbr_node2>{}</xnbr_node2>
<xnbr_node3>{}</xnbr_node3>
<xnbr_node4>{}</xnbr_node4>
<xnbr_node5>{}</xnbr_node5>
<xnbr_node6>{}</xnbr_node6>
<xnbr_node7>{}</xnbr_node7>
<xnbr_node8>{}</xnbr_node8>
<xnbr_node9>{}</xnbr_node9>
<xnbr_node10>{}</xnbr_node10>
<ynbr_node0>{}</ynbr_node0>
<ynbr_node1>{}</ynbr_node1>
<ynbr_node2>{}</ynbr_node2>
<ynbr_node3>{}</ynbr_node3>
<ynbr_node4>{}</ynbr_node4>
<ynbr_node5>{}</ynbr_node5>
<ynbr_node6>{}</ynbr_node6>
<ynbr_node7>{}</ynbr_node7>
<ynbr_node8>{}</ynbr_node8>
<ynbr_node9>{}</ynbr_node9>
<ynbr_node10>{}</ynbr_node10>
</xagent>
<xagent>
<name>Sporo</name>
<id>3</id>
<iter>1401</iter>
<FP>1.000000</FP>
<K0>0.200000</K0>
<TH0>2.941593</TH0>
<R0>0.998334</R0>
<coordx>{27.038485, 26.607794, 26.327063, 26.168783, 26.114416, 26.151529, 26.295668, 26.538357, 26.901302, 27.413244, 28.074215}</coordx>
<coordy>{-4.900181, -3.995811, -3.034893, -2.041964, -1.037012, -0.030696, 0.962031, 1.936804, 2.868870, 3.733187, 4.485098}</coordy>
<xnbr_node0>{28.139189, 26.885437}</xnbr_node0>
<xnbr_node1>{27.633358, 25.990421}</xnbr_node1>
<xnbr_node2>{27.289030, 25.032885}</xnbr_node2>
<xnbr_node3>{27.135775, 24.034557}</xnbr_node3>
<xnbr_node4>{27.203074, 23.044233}</xnbr_node4>
<xnbr_node5>{27.511784, 22.092285}</xnbr_node5>
<xnbr_node6>{28.043753, 21.235743}</xnbr_node6>
<xnbr_node7>{28.774460, 20.514435}</xnbr_node7>
<xnbr_node8>{29.643576, 19.959146}</xnbr_node8>
<xnbr_node9>{30.605455, 19.600260}</xnbr_node9>
<xnbr_node10>{31.602968, 19.443636}</xnbr_node10>
<ynbr_node0>{-5.385757, 6.501122}</ynbr_node0>
<ynbr_node1>{-4.525040, 6.046535}</ynbr_node1>
<ynbr_node2>{-3.589142, 5.778278}</ynbr_node2>
<ynbr_node3>{-2.607014, 5.696302}</ynbr_node3>
<ynbr_node4>{-1.616566, 5.811687}</ynbr_node4>
<ynbr_node5>{-0.672226, 6.125153}</ynbr_node5>
<ynbr_node6>{0.164288, 6.635627}</ynbr_node6>
<ynbr_node7>{0.836666, 7.321006}</ynbr_node7>
<ynbr_node8>{1.300831, 8.146834}</ynbr_node8>
<ynbr_node9>{1.544781, 9.075272}</ynbr_node9>
<ynbr_node10>{1.573158, 10.062201}</ynbr_node10>
</xagent>
<xagent>
<name>Sporo</name>
<id>2</id>
<iter>1401</iter>
<FP>1.000000</FP>
<K0>0.200000</K0>
<TH0>2.941593</TH0>
<R0>0.998334</R0>
<coordx>{21.243872, 22.064623, 22.984896, 23.960920, 24.957558, 25.942242, 26.870615, 27.705975, 28.404350, 28.938009, 29.281912}</coordx>
<coordy>{13.342005, 13.909825, 14.308203, 14.526593, 14.556178, 14.389704, 14.026293, 13.480600, 12.771137, 11.928629, 10.990941}</coordy>
<xnbr_node0>{28.884239, 26.885437, 20.325806}</xnbr_node0>
<xnbr_node1>{28.030294, 25.990421, 21.222826}</xnbr_node1>
<xnbr_node2>{27.295694, 25.032885, 22.025141}</xnbr_node2>
<xnbr_node3>{26.696627, 24.034557, 22.695240}</xnbr_node3>
<xnbr_node4>{26.254852, 23.044233, 23.218054}</xnbr_node4>
<xnbr_node5>{25.986872, 22.092285, 23.566456}</xnbr_node5>
<xnbr_node6>{25.907465, 21.235743, 23.722513}</xnbr_node6>
<xnbr_node7>{26.027740, 20.514435, 23.677450}</xnbr_node7>
<xnbr_node8>{26.341017, 19.959146, 23.441509}</xnbr_node8>
<xnbr_node9>{26.845303, 19.600260, 23.010807}</xnbr_node9>
<xnbr_node10>{27.513983, 19.443636, 22.398188}</xnbr_node10>
<ynbr_node0>{7.456080, 6.501122, 12.611848}</ynbr_node0>
<ynbr_node1>{7.976530, 6.046535, 12.176602}</ynbr_node1>
<ynbr_node2>{8.651783, 5.778278, 11.575126}</ynbr_node2>
<ynbr_node3>{9.452882, 5.696302, 10.833043}</ynbr_node3>
<ynbr_node4>{10.344771, 5.811687, 9.980638}</ynbr_node4>
<ynbr_node5>{11.306285, 6.125153, 9.045579}</ynbr_node5>
<ynbr_node6>{12.303345, 6.635627, 8.059890}</ynbr_node6>
<ynbr_node7>{13.294640, 7.321006, 7.067183}</ynbr_node7>
<ynbr_node8>{14.241579, 8.146834, 6.095361}</ynbr_node8>
<ynbr_node9>{15.102595, 9.075272, 5.194084}</ynbr_node9>
<ynbr_node10>{15.843520, 10.062201, 4.403201}</ynbr_node10>
</xagent>
<xagent>
<name>Sporo</name>
<id>1</id>
<iter>1401</iter>
<FP>1.000000</FP>
<K0>0.200000</K0>
<TH0>2.941593</TH0>
<R0>0.998334</R0>
<coordx>{20.315548, 21.215555, 22.016405, 22.691816, 23.212061, 23.561176, 23.721085, 23.680244, 23.440985, 23.014046, 22.405237}</coordx>
<coordy>{12.616063, 12.181511, 11.581517, 10.842799, 9.989169, 9.052375, 8.071025, 7.075527, 6.105810, 5.202431, 4.411084}</coordy>
<xnbr_node0>{26.885437, 21.251894}</xnbr_node0>
<xnbr_node1>{25.990421, 22.073519}</xnbr_node1>
<xnbr_node2>{25.032885, 22.991007}</xnbr_node2>
<xnbr_node3>{24.034557, 23.967218}</xnbr_node3>
<xnbr_node4>{23.044233, 24.966496}</xnbr_node4>
<xnbr_node5>{22.092285, 25.952641}</xnbr_node5>
<xnbr_node6>{21.235743, 26.882757}</xnbr_node6>
<xnbr_node7>{20.514435, 27.713764}</xnbr_node7>
<xnbr_node8>{19.959146, 28.409523}</xnbr_node8>
<xnbr_node9>{19.600260, 28.944929}</xnbr_node9>
<xnbr_node10>{19.443636, 29.281727}</xnbr_node10>
<ynbr_node0>{6.501122, 13.347274}</ynbr_node0>
<ynbr_node1>{6.046535, 13.914317}</ynbr_node1>
<ynbr_node2>{5.778278, 14.312252}</ynbr_node2>
<ynbr_node3>{5.696302, 14.527719}</ynbr_node3>
<ynbr_node4>{5.811687, 14.557400}</ynbr_node4>
<ynbr_node5>{6.125153, 14.388710}</ynbr_node5>
<ynbr_node6>{6.635627, 14.022336}</ynbr_node6>
<ynbr_node7>{7.321006, 13.474591}</ynbr_node7>
<ynbr_node8>{8.146834, 12.762786}</ynbr_node8>
<ynbr_node9>{9.075272, 11.919847}</ynbr_node9>
<ynbr_node10>{10.062201, 10.980856}</ynbr_node10>
</xagent>
</states>
