<states>
<itno>1501</itno>
<environment>
<NNODES>11</NNODES>
<WIDTH>0.450000</WIDTH>
<DT>0.010000</DT>
<NOISE>0.000100</NOISE>
<DELTA>1.800000</DELTA>
<KEL>30.000000</KEL>
<KI>0.020000</KI>
<KTH>4.000000</KTH>
<SIDEBOX>0.000000</SIDEBOX>
<SIDEX>60</SIDEX>
<SIDEY>60</SIDEY>
</environment>
<xagent>
<name>Sporo</name>
<id>36</id>
<iter>1501</iter>
<FP>1.000000</FP>
<K0>0.200000</K0>
<TH0>2.941593</TH0>
<R0>0.998334</R0>
<coordx>{14.322913, 14.431271, 14.347812, 14.084743, 13.650243, 13.053788, 12.319849, 11.469806, 10.535999, 9.550266, 8.551049}</coordx>
<coordy>{4.808057, 3.815945, 2.815845, 1.852053, 0.953448, 0.149310, -0.524072, -1.053210, -1.402357, -1.563600, -1.527684}</coordy>
<xnbr_node0>{}</xnbr_node0>
<xnbr_node1>{}</xnbr_node1>
<xnbr_node2>{}</xnbr_node2>
<xnbr_node3>{}</xnbr_node3>
<xnbr_node4>{}</xnbr_node4>
<xnbr_node5>{}</xnbr_node5>
<xnbr_node6>{}</xnbr_node6>
<xnbr_node7>{}</xnbr_node7>
<xnbr_node8>{}</xnbr_node8>
<xnbr_node9>{}</xnbr_node9>
<xnbr_node10>{}</xnbr_node10>
<ynbr_node0>{}</ynbr_node0>
<ynbr_node1>{}</ynbr_node1>
<ynbr_node2>{}</ynbr_node2>
<ynbr_node3>{}</ynbr_node3>
<ynbr_node4>{}</ynbr_node4>
<ynbr_node5>{}</ynbr_node5>
<ynbr_node6>{}</ynbr_node6>
<ynbr_node7>{}</ynbr_node7>
<ynbr_node8>{}</ynbr_node8>
<ynbr_node9>{}</ynbr_node9>
<ynbr_node10>{}</ynbr_node10>
</xagent>
<xagent>
<name>Sporo</name>
<id>35</id>
<iter>1501</iter>
<FP>1.000000</FP>
<K0>0.200000</K0>
<TH0>2.941593</TH0>
<R0>0.998334</R0>
<coordx>{51.058556, 51.584267, 52.259178, 53.049740, 53.935669, 54.893219, 55.884361, 56.868183, 57.792255, 58.613934, 59.293892}</coordx>
<coordy>{-0.446050, 0.399269, 1.138327, 1.743821, 2.196173, 2.468545, 2.534201, 2.382283, 2.014476, 1.448877, 0.722093}</coordy>
<xnbr_node0>{51.560486, 52.525841}</xnbr_node0>
<xnbr_node1>{52.259506, 52.052765}</xnbr_node1>
<xnbr_node2>{53.079578, 51.416592}</xnbr_node2>
<xnbr_node3>{53.980659, 50.654346}</xnbr_node3>
<xnbr_node4>{54.934391, 49.787880}</xnbr_node4>
<xnbr_node5>{55.923866, 48.847553}</xnbr_node5>
<xnbr_node6>{56.923683, 47.858471}</xnbr_node6>
<xnbr_node7>{57.921631, 46.861439}</xnbr_node7>
<xnbr_node8>{58.889847, 45.890835}</xnbr_node8>
<xnbr_node9>{59.800945, 44.988308}</xnbr_node9>
<xnbr_node10>{60.616699, 44.191982}</xnbr_node10>
<ynbr_node0>{1.334565, -0.888420}</ynbr_node0>
<ynbr_node1>{2.047642, -1.767159}</ynbr_node1>
<ynbr_node2>{2.626530, -2.542957}</ynbr_node2>
<ynbr_node3>{3.068795, -3.186081}</ynbr_node3>
<ynbr_node4>{3.371715, -3.684479}</ynbr_node4>
<ynbr_node5>{3.543040, -4.013542}</ynbr_node5>
<ynbr_node6>{3.579779, -4.159248}</ynbr_node6>
<ynbr_node7>{3.477747, -4.113522}</ynbr_node7>
<ynbr_node8>{3.219093, -3.879829}</ynbr_node8>
<ynbr_node9>{2.802663, -3.454224}</ynbr_node9>
<ynbr_node10>{2.224282, -2.857765}</ynbr_node10>
</xagent>
<xagent>
<name>Sporo</name>
<id>34</id>
<iter>1501</iter>
<FP>1.000000</FP>
<K0>0.200000</K0>
<TH0>2.941593</TH0>
<R0>0.998334</R0>
<coordx>{54.732990, 54.924145, 54.931225, 54.752792, 54.389606, 53.869728, 53.197800, 52.396065, 51.495049, 50.530811, 49.530830}</coordx>
<coordy>{55.350231, 54.369411, 53.371307, 52.387718, 51.458797, 50.602089, 49.866863, 49.267860, 48.844944, 48.610462, 48.569859}</coordy>
<xnbr_node0>{52.525841}</xnbr_node0>
<xnbr_node1>{52.052765}</xnbr_node1>
<xnbr_node2>{51.416592}</xnbr_node2>
<xnbr_node3>{50.654346}</xnbr_node3>
<xnbr_node4>{49.787880}</xnbr_node4>
<xnbr_node5>{48.847553}</xnbr_node5>
<xnbr_node6>{47.858471}</xnbr_node6>
<xnbr_node7>{46.861439}</xnbr_node7>
<xnbr_node8>{45.890835}</xnbr_node8>
<xnbr_node9>{44.988308}</xnbr_node9>
<xnbr_node10>{44.191982}</xnbr_node10>
<ynbr_node0>{59.111580}</ynbr_node0>
<ynbr_node1>{58.232841}</ynbr_node1>
<ynbr_node2>{57.457043}</ynbr_node2>
<ynbr_node3>{56.813919}</ynbr_node3>
<ynbr_node4>{56.315521}</ynbr_node4>
<ynbr_node5>{55.986458}</ynbr_node5>
<ynbr_node6>{55.840752}</ynbr_node6>
<ynbr_node7>{55.886478}</ynbr_node7>
<ynbr_node8>{56.120171}</ynbr_node8>
<ynbr_node9>{56.545776}</ynbr_node9>
<ynbr_node10>{57.142235}</ynbr_node10>
</xagent>
<xagent>
<name>Sporo</name>
<id>33</id>
<iter>1501</iter>
<FP>1.000000</FP>
<K0>0.200000</K0>
<TH0>2.941593</TH0>
<R0>0.998334</R0>
<coordx>{28.849937, 28.169817, 27.640997, 27.285595, 27.132700, 27.208939, 27.519566, 28.053411, 28.780220, 29.650536, 30.608402}</coordx>
<coordy>{53.868427, 54.600674, 55.447430, 56.380165, 57.364777, 58.360325, 59.298618, 60.134258, 60.810432, 61.294224, 61.570793}</coordy>
<xnbr_node0>{27.495251}</xnbr_node0>
<xnbr_node1>{26.936697}</xnbr_node1>
<xnbr_node2>{26.529415}</xnbr_node2>
<xnbr_node3>{26.253225}</xnbr_node3>
<xnbr_node4>{26.093264}</xnbr_node4>
<xnbr_node5>{26.037191}</xnbr_node5>
<xnbr_node6>{26.076759}</xnbr_node6>
<xnbr_node7>{26.233044}</xnbr_node7>
<xnbr_node8>{26.519247}</xnbr_node8>
<xnbr_node9>{26.950428}</xnbr_node9>
<xnbr_node10>{27.538319}</xnbr_node10>
<ynbr_node0>{54.275921}</ynbr_node0>
<ynbr_node1>{55.104259}</ynbr_node1>
<ynbr_node2>{56.016361}</ynbr_node2>
<ynbr_node3>{56.981155}</ynbr_node3>
<ynbr_node4>{57.974522}</ynbr_node4>
<ynbr_node5>{58.981056}</ynbr_node5>
<ynbr_node6>{59.991726}</ynbr_node6>
<ynbr_node7>{60.978771}</ynbr_node7>
<ynbr_node8>{61.940414}</ynbr_node8>
<ynbr_node9>{62.842228}</ynbr_node9>
<ynbr_node10>{63.645813}</ynbr_node10>
</xagent>
<xagent>
<name>Sporo</name>
<id>32</id>
<iter>1501</iter>
<FP>1.000000</FP>
<K0>0.200000</K0>
<TH0>2.941593</TH0>
<R0>0.998334</R0>
<coordx>{17.762794, 17.001825, 16.374544, 15.904804, 15.601745, 15.481617, 15.550246, 15.806506, 16.254824, 16.871786, 17.631329}</coordx>
<coordy>{48.973251, 49.621960, 50.404522, 51.285702, 52.237743, 53.226318, 54.226768, 55.188492, 56.080009, 56.866314, 57.509235}</coordy>
<xnbr_node0>{}</xnbr_node0>
<xnbr_node1>{}</xnbr_node1>
<xnbr_node2>{}</xnbr_node2>
<xnbr_node3>{}</xnbr_node3>
<xnbr_node4>{}</xnbr_node4>
<xnbr_node5>{}</xnbr_node5>
<xnbr_node6>{}</xnbr_node6>
<xnbr_node7>{}</xnbr_node7>
<xnbr_node8>{}</xnbr_node8>
<xnbr_node9>{}</xnbr_node9>
<xnbr_node10>{}</xnbr_node10>
<ynbr_node0>{}</ynbr_node0>
<ynbr_node1>{}</ynbr_node1>
<ynbr_node2>{}</ynbr_node2>
<ynbr_node3>{}</ynbr_node3>
<ynbr_node4>{}</ynbr_node4>
<ynbr_node5>{}</ynbr_node5>
<ynbr_node6>{}</ynbr_node6>
<ynbr_node7>{}</ynbr_node7>
<ynbr_node8>{}</ynbr_node8>
<ynbr_node9>{}</ynbr_node9>
<ynbr_node10>{}</ynbr_node10>
</xagent>
<xagent>
<name>Sporo</name>
<id>31</id>
<iter>1501</iter>
<FP>1.000000</FP>
<K0>0.200000</K0>
<TH0>2.941593</TH0>
<R0>0.998334</R0>
<coordx>{12.165051, 11.173717, 10.222504, 9.345488, 8.570516, 7.928401, 7.441073, 7.134839, 7.017102, 7.097441, 7.380491}</coordx>
<coordy>{45.848236, 45.975418, 46.286495, 46.766678, 47.396137, 48.164333, 49.037052, 49.983532, 50.973820, 51.968819, 52.928680}</coordy>
<xnbr_node0>{}</xnbr_node0>
<xnbr_node1>{}</xnbr_node1>
<xnbr_node2>{}</xnbr_node2>
<xnbr_node3>{}</xnbr_node3>
<xnbr_node4>{}</xnbr_node4>
<xnbr_node5>{}</xnbr_node5>
<xnbr_node6>{}</xnbr_node6>
<xnbr_node7>{}</xnbr_node7>
<xnbr_node8>{}</xnbr_node8>
<xnbr_node9>{}</xnbr_node9>
<xnbr_node10>{}</xnbr_node10>
<ynbr_node0>{}</ynbr_node0>
<ynbr_node1>{}</ynbr_node1>
<ynbr_node2>{}</ynbr_node2>
<ynbr_node3>{}</ynbr_node3>
<ynbr_node4>{}</ynbr_node4>
<ynbr_node5>{}</ynbr_node5>
<ynbr_node6>{}</ynbr_node6>
<ynbr_node7>{}</ynbr_node7>
<ynbr_node8>{}</ynbr_node8>
<ynbr_node9>{}</ynbr_node9>
<ynbr_node10>{}</ynbr_node10>
</xagent>
<xagent>
<name>Sporo</name>
<id>30</id>
<iter>1501</iter>
<FP>1.000000</FP>
<K0>0.200000</K0>
<TH0>2.941593</TH0>
<R0>0.998334</R0>
<coordx>{-8.451296, -7.748035, -6.929907, -6.028278, -5.076161, -4.086240, -3.085197, -2.085124, -1.117105, -0.207792, 0.607427}</coordx>
<coordy>{1.326622, 2.042041, 2.621754, 3.066364, 3.372098, 3.541887, 3.578900, 3.480513, 3.223407, 2.806955, 2.229880}</coordy>
<xnbr_node0>{-8.936184, -2.307793}</xnbr_node0>
<xnbr_node1>{-8.410526, -3.208080}</xnbr_node1>
<xnbr_node2>{-7.732895, -4.174866}</xnbr_node2>
<xnbr_node3>{-6.942173, -5.167507}</xnbr_node3>
<xnbr_node4>{-6.054737, -6.164680}</xnbr_node4>
<xnbr_node5>{-5.096462, -7.120510}</xnbr_node5>
<xnbr_node6>{-4.106346, -8.009003}</xnbr_node6>
<xnbr_node7>{-3.122448, -8.792122}</xnbr_node7>
<xnbr_node8>{-2.198795, -9.439903}</xnbr_node8>
<xnbr_node9>{-1.380547, -9.928001}</xnbr_node9>
<xnbr_node10>{-0.700150, -10.225613}</xnbr_node10>
<ynbr_node0>{-0.440850, 5.838348}</ynbr_node0>
<ynbr_node1>{0.407712, 5.403539}</ynbr_node1>
<ynbr_node2>{1.145110, 5.152895}</ynbr_node2>
<ynbr_node3>{1.749637, 5.088109}</ynbr_node3>
<ynbr_node4>{2.200574, 5.207691}</ynbr_node4>
<ynbr_node5>{2.468799, 5.506650}</ynbr_node5>
<ynbr_node6>{2.534745, 5.968702}</ynbr_node6>
<ynbr_node7>{2.376932, 6.587849}</ynbr_node7>
<ynbr_node8>{2.010866, 7.347950}</ynbr_node8>
<ynbr_node9>{1.444124, 8.220389}</ynbr_node9>
<ynbr_node10>{0.709552, 9.172243}</ynbr_node10>
</xagent>
<xagent>
<name>Sporo</name>
<id>29</id>
<iter>1501</iter>
<FP>1.000000</FP>
<K0>0.200000</K0>
<TH0>2.941593</TH0>
<R0>0.998334</R0>
<coordx>{53.321644, 52.323612, 51.342098, 50.409035, 49.560524, 48.820332, 48.226124, 47.801167, 47.552822, 47.506138, 47.665474}</coordx>
<coordy>{35.734550, 35.731731, 35.917076, 36.281326, 36.805294, 37.482155, 38.283024, 39.184723, 40.154408, 41.152481, 42.141270}</coordy>
<xnbr_node0>{50.447762}</xnbr_node0>
<xnbr_node1>{51.225639}</xnbr_node1>
<xnbr_node2>{52.111362}</xnbr_node2>
<xnbr_node3>{53.070034}</xnbr_node3>
<xnbr_node4>{54.063065}</xnbr_node4>
<xnbr_node5>{55.058338}</xnbr_node5>
<xnbr_node6>{56.024490}</xnbr_node6>
<xnbr_node7>{56.923588}</xnbr_node7>
<xnbr_node8>{57.715065}</xnbr_node8>
<xnbr_node9>{58.373505}</xnbr_node9>
<xnbr_node10>{58.865814}</xnbr_node10>
<ynbr_node0>{33.327724}</ynbr_node0>
<ynbr_node1>{33.956097}</ynbr_node1>
<ynbr_node2>{34.416847}</ynbr_node2>
<ynbr_node3>{34.706139}</ynbr_node3>
<ynbr_node4>{34.818108}</ynbr_node4>
<ynbr_node5>{34.743282}</ynbr_node5>
<ynbr_node6>{34.485420}</ynbr_node6>
<ynbr_node7>{34.048626}</ynbr_node7>
<ynbr_node8>{33.443653}</ynbr_node8>
<ynbr_node9>{32.690258}</ynbr_node9>
<ynbr_node10>{31.822891}</ynbr_node10>
</xagent>
<xagent>
<name>Sporo</name>
<id>28</id>
<iter>1501</iter>
<FP>1.000000</FP>
<K0>0.200000</K0>
<TH0>2.941593</TH0>
<R0>0.998334</R0>
<coordx>{35.349915, 35.182205, 35.210060, 35.419216, 35.804897, 36.356731, 37.050961, 37.873901, 38.788734, 39.764477, 40.759140}</coordx>
<coordy>{44.984112, 45.968651, 46.967033, 47.948616, 48.871712, 49.707355, 50.428673, 50.998234, 51.388893, 51.599194, 51.606091}</coordy>
<xnbr_node0>{}</xnbr_node0>
<xnbr_node1>{}</xnbr_node1>
<xnbr_node2>{}</xnbr_node2>
<xnbr_node3>{}</xnbr_node3>
<xnbr_node4>{}</xnbr_node4>
<xnbr_node5>{}</xnbr_node5>
<xnbr_node6>{}</xnbr_node6>
<xnbr_node7>{}</xnbr_node7>
<xnbr_node8>{}</xnbr_node8>
<xnbr_node9>{}</xnbr_node9>
<xnbr_node10>{}</xnbr_node10>
<ynbr_node0>{}</ynbr_node0>
<ynbr_node1>{}</ynbr_node1>
<ynbr_node2>{}</ynbr_node2>
<ynbr_node3>{}</ynbr_node3>
<ynbr_node4>{}</ynbr_node4>
<ynbr_node5>{}</ynbr_node5>
<ynbr_node6>{}</ynbr_node6>
<ynbr_node7>{}</ynbr_node7>
<ynbr_node8>{}</ynbr_node8>
<ynbr_node9>{}</ynbr_node9>
<ynbr_node10>{}</ynbr_node10>
</xagent>
<xagent>
<name>Sporo</name>
<id>27</id>
<iter>1501</iter>
<FP>1.000000</FP>
<K0>0.200000</K0>
<TH0>2.941593</TH0>
<R0>0.998334</R0>
<coordx>{44.328880, 44.636002, 44.749149, 44.677029, 44.418606, 43.984680, 43.394249, 42.662399, 41.810623, 40.873886, 39.887665}</coordx>
<coordy>{46.172466, 45.224442, 44.236542, 43.234768, 42.268021, 41.366524, 40.557369, 39.877712, 39.352451, 39.016869, 38.877789}</coordy>
<xnbr_node0>{}</xnbr_node0>
<xnbr_node1>{}</xnbr_node1>
<xnbr_node2>{}</xnbr_node2>
<xnbr_node3>{}</xnbr_node3>
<xnbr_node4>{}</xnbr_node4>
<xnbr_node5>{}</xnbr_node5>
<xnbr_node6>{}</xnbr_node6>
<xnbr_node7>{}</xnbr_node7>
<xnbr_node8>{}</xnbr_node8>
<xnbr_node9>{}</xnbr_node9>
<xnbr_node10>{}</xnbr_node10>
<ynbr_node0>{}</ynbr_node0>
<ynbr_node1>{}</ynbr_node1>
<ynbr_node2>{}</ynbr_node2>
<ynbr_node3>{}</ynbr_node3>
<ynbr_node4>{}</ynbr_node4>
<ynbr_node5>{}</ynbr_node5>
<ynbr_node6>{}</ynbr_node6>
<ynbr_node7>{}</ynbr_node7>
<ynbr_node8>{}</ynbr_node8>
<ynbr_node9>{}</ynbr_node9>
<ynbr_node10>{}</ynbr_node10>
</xagent>
<xagent>
<name>Sporo</name>
<id>26</id>
<iter>1501</iter>
<FP>1.000000</FP>
<K0>0.200000</K0>
<TH0>2.941593</TH0>
<R0>0.998334</R0>
<coordx>{26.599430, 25.727770, 24.779297, 23.790236, 22.795643, 21.839514, 20.962278, 20.210091, 19.621140, 19.217648, 19.017729}</coordx>
<coordy>{36.395313, 35.904491, 35.593834, 35.468739, 35.544769, 35.825775, 36.297039, 36.952728, 37.753819, 38.668297, 39.647564}</coordy>
<xnbr_node0>{20.555237}</xnbr_node0>
<xnbr_node1>{21.467466}</xnbr_node1>
<xnbr_node2>{22.283482}</xnbr_node2>
<xnbr_node3>{22.978521}</xnbr_node3>
<xnbr_node4>{23.527584}</xnbr_node4>
<xnbr_node5>{23.919230}</xnbr_node5>
<xnbr_node6>{24.130804}</xnbr_node6>
<xnbr_node7>{24.138327}</xnbr_node7>
<xnbr_node8>{23.949121}</xnbr_node8>
<xnbr_node9>{23.556946}</xnbr_node9>
<xnbr_node10>{22.985596}</xnbr_node10>
<ynbr_node0>{42.460915}</ynbr_node0>
<ynbr_node1>{42.053295}</ynbr_node1>
<ynbr_node2>{41.475922}</ynbr_node2>
<ynbr_node3>{40.758942}</ynbr_node3>
<ynbr_node4>{39.926517}</ynbr_node4>
<ynbr_node5>{39.006325}</ynbr_node5>
<ynbr_node6>{38.029591}</ynbr_node6>
<ynbr_node7>{37.033455}</ynbr_node7>
<ynbr_node8>{36.059135}</ynbr_node8>
<ynbr_node9>{35.143406}</ynbr_node9>
<ynbr_node10>{34.324089}</ynbr_node10>
</xagent>
<xagent>
<name>Sporo</name>
<id>25</id>
<iter>1501</iter>
<FP>1.000000</FP>
<K0>0.200000</K0>
<TH0>2.941593</TH0>
<R0>0.998334</R0>
<coordx>{13.101391, 12.098095, 11.126720, 10.199880, 9.366489, 8.641864, 8.070195, 7.653214, 7.432908, 7.415189, 7.597548}</coordx>
<coordy>{35.688499, 35.714855, 35.918633, 36.306824, 36.851803, 37.551899, 38.366001, 39.275322, 40.249031, 41.243713, 42.224342}</coordy>
<xnbr_node0>{14.128340}</xnbr_node0>
<xnbr_node1>{14.552481}</xnbr_node1>
<xnbr_node2>{14.804696}</xnbr_node2>
<xnbr_node3>{14.879741}</xnbr_node3>
<xnbr_node4>{14.769874}</xnbr_node4>
<xnbr_node5>{14.491177}</xnbr_node5>
<xnbr_node6>{14.040925}</xnbr_node6>
<xnbr_node7>{13.423873}</xnbr_node7>
<xnbr_node8>{12.669162}</xnbr_node8>
<xnbr_node9>{11.792483}</xnbr_node9>
<xnbr_node10>{10.841070}</xnbr_node10>
<ynbr_node0>{37.663719}</ynbr_node0>
<ynbr_node1>{36.759151}</ynbr_node1>
<ynbr_node2>{35.796246}</ynbr_node2>
<ynbr_node3>{34.798321}</ynbr_node3>
<ynbr_node4>{33.799046}</ynbr_node4>
<ynbr_node5>{32.845325}</ynbr_node5>
<ynbr_node6>{31.948011}</ynbr_node6>
<ynbr_node7>{31.161604}</ynbr_node7>
<ynbr_node8>{30.512236}</ynbr_node8>
<ynbr_node9>{30.028610}</ynbr_node9>
<ynbr_node10>{29.738430}</ynbr_node10>
</xagent>
<xagent>
<name>Sporo</name>
<id>24</id>
<iter>1501</iter>
<FP>1.000000</FP>
<K0>0.200000</K0>
<TH0>2.941593</TH0>
<R0>0.998334</R0>
<coordx>{5.055634, 4.081063, 3.079383, 2.098037, 1.163774, 0.307520, -0.448041, -1.068248, -1.532097, -1.816251, -1.899102}</coordx>
<coordy>{35.612949, 35.410667, 35.399422, 35.570591, 35.920094, 36.437134, 37.090851, 37.874046, 38.754002, 39.708317, 40.705105}</coordy>
<xnbr_node0>{-7.230621, -9.552238}</xnbr_node0>
<xnbr_node1>{-6.309826, -8.774361}</xnbr_node1>
<xnbr_node2>{-5.327278, -7.888638}</xnbr_node2>
<xnbr_node3>{-4.330936, -6.929966}</xnbr_node3>
<xnbr_node4>{-3.347027, -5.936935}</xnbr_node4>
<xnbr_node5>{-2.416878, -4.941662}</xnbr_node5>
<xnbr_node6>{-1.570168, -3.975510}</xnbr_node6>
<xnbr_node7>{-0.839565, -3.076412}</xnbr_node7>
<xnbr_node8>{-0.267838, -2.284935}</xnbr_node8>
<xnbr_node9>{0.129009, -1.626495}</xnbr_node9>
<xnbr_node10>{0.333233, -1.134186}</xnbr_node10>
<ynbr_node0>{45.316845, 33.327724}</ynbr_node0>
<ynbr_node1>{45.692444, 33.956097}</ynbr_node1>
<ynbr_node2>{45.888451, 34.416847}</ynbr_node2>
<ynbr_node3>{45.890800, 34.706139}</ynbr_node3>
<ynbr_node4>{45.711491, 34.818108}</ynbr_node4>
<ynbr_node5>{45.354202, 34.743282}</ynbr_node5>
<ynbr_node6>{44.823528, 34.485420}</ynbr_node6>
<ynbr_node7>{44.141281, 34.048626}</ynbr_node7>
<ynbr_node8>{43.327583, 33.443653}</ynbr_node8>
<ynbr_node9>{42.412529, 32.690258}</ynbr_node9>
<ynbr_node10>{41.436756, 31.822891}</ynbr_node10>
</xagent>
<xagent>
<name>Sporo</name>
<id>23</id>
<iter>1501</iter>
<FP>1.000000</FP>
<K0>0.200000</K0>
<TH0>2.941593</TH0>
<R0>0.998334</R0>
<coordx>{52.757038, 53.679214, 54.661266, 55.662224, 56.643215, 57.573952, 58.421295, 59.148209, 59.726284, 60.126022, 60.332848}</coordx>
<coordy>{45.310192, 45.690292, 45.886578, 45.891609, 45.712952, 45.359032, 44.830833, 44.146450, 43.335907, 42.422459, 41.441784}</coordy>
<xnbr_node0>{65.044525}</xnbr_node0>
<xnbr_node1>{64.070068}</xnbr_node1>
<xnbr_node2>{63.070766}</xnbr_node2>
<xnbr_node3>{62.090771}</xnbr_node3>
<xnbr_node4>{61.153996}</xnbr_node4>
<xnbr_node5>{60.298714}</xnbr_node5>
<xnbr_node6>{59.545689}</xnbr_node6>
<xnbr_node7>{58.923954}</xnbr_node7>
<xnbr_node8>{58.462700}</xnbr_node8>
<xnbr_node9>{58.180321}</xnbr_node9>
<xnbr_node10>{58.098251}</xnbr_node10>
<ynbr_node0>{35.610126}</ynbr_node0>
<ynbr_node1>{35.412586}</ynbr_node1>
<ynbr_node2>{35.399334}</ynbr_node2>
<ynbr_node3>{35.577606}</ynbr_node3>
<ynbr_node4>{35.925793}</ynbr_node4>
<ynbr_node5>{36.440865}</ynbr_node5>
<ynbr_node6>{37.096046}</ynbr_node6>
<ynbr_node7>{37.879204}</ynbr_node7>
<ynbr_node8>{38.763508}</ynbr_node8>
<ynbr_node9>{39.716198}</ynbr_node9>
<ynbr_node10>{40.713810}</ynbr_node10>
</xagent>
<xagent>
<name>Sporo</name>
<id>22</id>
<iter>1501</iter>
<FP>1.000000</FP>
<K0>0.200000</K0>
<TH0>2.941593</TH0>
<R0>0.998334</R0>
<coordx>{36.517288, 36.413605, 36.444012, 36.555126, 36.703472, 36.882366, 37.071991, 37.299561, 37.580978, 37.962658, 38.476151}</coordx>
<coordy>{22.111626, 23.103840, 24.107841, 25.101223, 26.093534, 27.084269, 28.069349, 29.047243, 30.009668, 30.937059, 31.793179}</coordy>
<xnbr_node0>{36.231468, 37.506023, 38.647022, 34.640160}</xnbr_node0>
<xnbr_node1>{36.643917, 37.630249, 37.977577, 35.548584}</xnbr_node1>
<xnbr_node2>{36.838516, 37.540333, 37.466793, 36.523312}</xnbr_node2>
<xnbr_node3>{36.757656, 37.236542, 37.129131, 37.525959}</xnbr_node3>
<xnbr_node4>{36.375824, 36.745552, 36.958710, 38.479839}</xnbr_node4>
<xnbr_node5>{35.720779, 36.082432, 36.931702, 39.327736}</xnbr_node5>
<xnbr_node6>{34.876987, 35.270832, 37.018215, 40.055546}</xnbr_node6>
<xnbr_node7>{33.917576, 34.352921, 37.199085, 40.642403}</xnbr_node7>
<xnbr_node8>{32.926113, 33.379402, 37.510502, 41.074467}</xnbr_node8>
<xnbr_node9>{31.973883, 32.377335, 37.969910, 41.335529}</xnbr_node9>
<xnbr_node10>{31.101858, 31.414900, 38.589333, 41.404175}</xnbr_node10>
<ynbr_node0>{34.529320, 33.795563, 17.009684, 33.693764}</ynbr_node0>
<ynbr_node1>{33.623386, 32.847328, 17.750326, 34.130726}</ynbr_node1>
<ynbr_node2>{32.655266, 31.880272, 18.608244, 34.376541}</ynbr_node2>
<ynbr_node3>{31.682135, 30.950205, 19.550400, 34.378601}</ynbr_node3>
<ynbr_node4>{30.782789, 30.095541, 20.532366, 34.051994}</ynbr_node4>
<ynbr_node5>{30.051287, 29.361698, 21.529785, 33.501511}</ynbr_node5>
<ynbr_node6>{29.549423, 28.788542, 22.540255, 32.800423}</ynbr_node6>
<ynbr_node7>{29.319269, 28.400908, 23.513649, 31.987215}</ynbr_node7>
<ynbr_node8>{29.355459, 28.224453, 24.456961, 31.083424}</ynbr_node8>
<ynbr_node9>{29.637203, 28.250605, 25.338837, 30.116556}</ynbr_node9>
<ynbr_node10>{30.121870, 28.490568, 26.123186, 29.123087}</ynbr_node10>
</xagent>
<xagent>
<name>Sporo</name>
<id>21</id>
<iter>1501</iter>
<FP>1.000000</FP>
<K0>0.200000</K0>
<TH0>2.941593</TH0>
<R0>0.998334</R0>
<coordx>{36.233643, 36.644207, 36.837582, 36.758492, 36.378765, 35.730721, 34.884850, 33.928486, 32.936615, 31.984680, 31.108490}</coordx>
<coordy>{34.540359, 33.634071, 32.667068, 31.691038, 30.798769, 30.056810, 29.551229, 29.319212, 29.354881, 29.630629, 30.114861}</coordy>
<xnbr_node0>{36.514629, 37.506023, 34.640160}</xnbr_node0>
<xnbr_node1>{36.414486, 37.630249, 35.548584}</xnbr_node1>
<xnbr_node2>{36.447407, 37.540333, 36.523312}</xnbr_node2>
<xnbr_node3>{36.557419, 37.236542, 37.525959}</xnbr_node3>
<xnbr_node4>{36.711327, 36.745552, 38.479839}</xnbr_node4>
<xnbr_node5>{36.885765, 36.082432, 39.327736}</xnbr_node5>
<xnbr_node6>{37.074821, 35.270832, 40.055546}</xnbr_node6>
<xnbr_node7>{37.299889, 34.352921, 40.642403}</xnbr_node7>
<xnbr_node8>{37.582085, 33.379402, 41.074467}</xnbr_node8>
<xnbr_node9>{37.959705, 32.377335, 41.335529}</xnbr_node9>
<xnbr_node10>{38.474762, 31.414900, 41.404175}</xnbr_node10>
<ynbr_node0>{22.122427, 33.795563, 33.693764}</ynbr_node0>
<ynbr_node1>{23.114012, 32.847328, 34.130726}</ynbr_node1>
<ynbr_node2>{24.120756, 31.880272, 34.376541}</ynbr_node2>
<ynbr_node3>{25.113447, 30.950205, 34.378601}</ynbr_node3>
<ynbr_node4>{26.101704, 30.095541, 34.051994}</ynbr_node4>
<ynbr_node5>{27.091843, 29.361698, 33.501511}</ynbr_node5>
<ynbr_node6>{28.079184, 28.788542, 32.800423}</ynbr_node6>
<ynbr_node7>{29.058969, 28.400908, 31.987215}</ynbr_node7>
<ynbr_node8>{30.019577, 28.224453, 31.083424}</ynbr_node8>
<ynbr_node9>{30.946505, 28.250605, 30.116556}</ynbr_node9>
<ynbr_node10>{31.803288, 28.490568, 29.123087}</ynbr_node10>
</xagent>
<xagent>
<name>Sporo</name>
<id>20</id>
<iter>1501</iter>
<FP>1.000000</FP>
<K0>0.200000</K0>
<TH0>2.941593</TH0>
<R0>0.998334</R0>
<coordx>{37.504429, 37.627594, 37.540825, 37.240082, 36.750332, 36.091198, 35.279560, 34.365242, 33.387188, 32.390434, 31.421637}</coordx>
<coordy>{33.799515, 32.854111, 31.886505, 30.957373, 30.100700, 29.366060, 28.792166, 28.405481, 28.223452, 28.249249, 28.488169}</coordy>
<xnbr_node0>{36.514629, 36.231468, 34.640160}</xnbr_node0>
<xnbr_node1>{36.414486, 36.643917, 35.548584}</xnbr_node1>
<xnbr_node2>{36.447407, 36.838516, 36.523312}</xnbr_node2>
<xnbr_node3>{36.557419, 36.757656, 37.525959}</xnbr_node3>
<xnbr_node4>{36.711327, 36.375824, 38.479839}</xnbr_node4>
<xnbr_node5>{36.885765, 35.720779, 39.327736}</xnbr_node5>
<xnbr_node6>{37.074821, 34.876987, 40.055546}</xnbr_node6>
<xnbr_node7>{37.299889, 33.917576, 40.642403}</xnbr_node7>
<xnbr_node8>{37.582085, 32.926113, 41.074467}</xnbr_node8>
<xnbr_node9>{37.959705, 31.973883, 41.335529}</xnbr_node9>
<xnbr_node10>{38.474762, 31.101858, 41.404175}</xnbr_node10>
<ynbr_node0>{22.122427, 34.529320, 33.693764}</ynbr_node0>
<ynbr_node1>{23.114012, 33.623386, 34.130726}</ynbr_node1>
<ynbr_node2>{24.120756, 32.655266, 34.376541}</ynbr_node2>
<ynbr_node3>{25.113447, 31.682135, 34.378601}</ynbr_node3>
<ynbr_node4>{26.101704, 30.782789, 34.051994}</ynbr_node4>
<ynbr_node5>{27.091843, 30.051287, 33.501511}</ynbr_node5>
<ynbr_node6>{28.079184, 29.549423, 32.800423}</ynbr_node6>
<ynbr_node7>{29.058969, 29.319269, 31.987215}</ynbr_node7>
<ynbr_node8>{30.019577, 29.355459, 31.083424}</ynbr_node8>
<ynbr_node9>{30.946505, 29.637203, 30.116556}</ynbr_node9>
<ynbr_node10>{31.803288, 30.121870, 29.123087}</ynbr_node10>
</xagent>
<xagent>
<name>Sporo</name>
<id>19</id>
<iter>1501</iter>
<FP>1.000000</FP>
<K0>0.200000</K0>
<TH0>2.941593</TH0>
<R0>0.998334</R0>
<coordx>{20.546534, 21.457708, 22.277216, 22.971525, 23.523243, 23.916710, 24.128529, 24.141897, 23.951647, 23.564871, 22.990767}</coordx>
<coordy>{42.463902, 42.055424, 41.483181, 40.764313, 39.935455, 39.016884, 38.040340, 37.043934, 36.067879, 35.150898, 34.332947}</coordy>
<xnbr_node0>{26.590202, 21.102827}</xnbr_node0>
<xnbr_node1>{25.719290, 21.973316}</xnbr_node1>
<xnbr_node2>{24.769133, 22.736052}</xnbr_node2>
<xnbr_node3>{23.780577, 23.361012}</xnbr_node3>
<xnbr_node4>{22.785160, 23.828512}</xnbr_node4>
<xnbr_node5>{21.830809, 24.129446}</xnbr_node5>
<xnbr_node6>{20.953537, 24.252810}</xnbr_node6>
<xnbr_node7>{20.204914, 24.186104}</xnbr_node7>
<xnbr_node8>{19.614782, 23.929216}</xnbr_node8>
<xnbr_node9>{19.215502, 23.484154}</xnbr_node9>
<xnbr_node10>{19.017014, 22.864569}</xnbr_node10>
<ynbr_node0>{36.390297, 32.555416}</ynbr_node0>
<ynbr_node1>{35.900063, 32.074207}</ynbr_node1>
<ynbr_node2>{35.592892, 31.426788}</ynbr_node2>
<ynbr_node3>{35.468369, 30.647203}</ynbr_node3>
<ynbr_node4>{35.545864, 29.763317}</ynbr_node4>
<ynbr_node5>{35.830063, 28.811018}</ynbr_node5>
<ynbr_node6>{36.300663, 27.820345}</ynbr_node6>
<ynbr_node7>{36.960239, 26.821266}</ynbr_node7>
<ynbr_node8>{37.762371, 25.857275}</ynbr_node8>
<ynbr_node9>{38.679760, 24.965441}</ynbr_node9>
<ynbr_node10>{39.658222, 24.182968}</ynbr_node10>
</xagent>
<xagent>
<name>Sporo</name>
<id>18</id>
<iter>1501</iter>
<FP>1.000000</FP>
<K0>0.200000</K0>
<TH0>2.941593</TH0>
<R0>0.998334</R0>
<coordx>{14.120827, 14.550664, 14.805688, 14.879730, 14.771378, 14.495170, 14.045466, 13.431653, 12.676255, 11.803755, 10.849771}</coordx>
<coordy>{37.671288, 36.772400, 35.807014, 34.806351, 33.811184, 32.853405, 31.958288, 31.166985, 30.517790, 30.033249, 29.740116}</coordy>
<xnbr_node0>{13.091663}</xnbr_node0>
<xnbr_node1>{12.091918}</xnbr_node1>
<xnbr_node2>{11.114676}</xnbr_node2>
<xnbr_node3>{10.190014}</xnbr_node3>
<xnbr_node4>{9.359031}</xnbr_node4>
<xnbr_node5>{8.636614}</xnbr_node5>
<xnbr_node6>{8.061100}</xnbr_node6>
<xnbr_node7>{7.650750}</xnbr_node7>
<xnbr_node8>{7.431026}</xnbr_node8>
<xnbr_node9>{7.414638}</xnbr_node9>
<xnbr_node10>{7.605556}</xnbr_node10>
<ynbr_node0>{35.688168}</ynbr_node0>
<ynbr_node1>{35.712769}</ynbr_node1>
<ynbr_node2>{35.923653}</ynbr_node2>
<ynbr_node3>{36.312237}</ynbr_node3>
<ynbr_node4>{36.860519}</ynbr_node4>
<ynbr_node5>{37.560436}</ynbr_node5>
<ynbr_node6>{38.375668}</ynbr_node6>
<ynbr_node7>{39.284451}</ynbr_node7>
<ynbr_node8>{40.256413}</ynbr_node8>
<ynbr_node9>{41.254177}</ynbr_node9>
<ynbr_node10>{42.233505}</ynbr_node10>
</xagent>
<xagent>
<name>Sporo</name>
<id>17</id>
<iter>1501</iter>
<FP>1.000000</FP>
<K0>0.200000</K0>
<TH0>2.941593</TH0>
<R0>0.998334</R0>
<coordx>{50.441143, 51.215908, 52.104046, 53.060257, 54.051907, 55.048431, 56.015079, 56.916561, 57.708630, 58.367737, 58.860104}</coordx>
<coordy>{33.321667, 33.948196, 34.414768, 34.705341, 34.817719, 34.746998, 34.488930, 34.053242, 33.449707, 32.697762, 31.831627}</coordy>
<xnbr_node0>{53.311817, 65.044525}</xnbr_node0>
<xnbr_node1>{52.313564, 64.070068}</xnbr_node1>
<xnbr_node2>{51.333366, 63.070766}</xnbr_node2>
<xnbr_node3>{50.399467, 62.090771}</xnbr_node3>
<xnbr_node4>{49.548473, 61.153996}</xnbr_node4>
<xnbr_node5>{48.812649, 60.298714}</xnbr_node5>
<xnbr_node6>{48.221786, 59.545689}</xnbr_node6>
<xnbr_node7>{47.794678, 58.923954}</xnbr_node7>
<xnbr_node8>{47.552391, 58.462700}</xnbr_node8>
<xnbr_node9>{47.504612, 58.180321}</xnbr_node9>
<xnbr_node10>{47.666069, 58.098251}</xnbr_node10>
<ynbr_node0>{35.733234, 35.610126}</ynbr_node0>
<ynbr_node1>{35.731655, 35.412586}</ynbr_node1>
<ynbr_node2>{35.919621, 35.399334}</ynbr_node2>
<ynbr_node3>{36.285606, 35.577606}</ynbr_node3>
<ynbr_node4>{36.810703, 35.925793}</ynbr_node4>
<ynbr_node5>{37.487507, 36.440865}</ynbr_node5>
<ynbr_node6>{38.292942, 37.096046}</ynbr_node6>
<ynbr_node7>{39.196003, 37.879204}</ynbr_node7>
<ynbr_node8>{40.164162, 38.763508}</ynbr_node8>
<ynbr_node9>{41.162800, 39.716198}</ynbr_node9>
<ynbr_node10>{42.150059, 40.713810}</ynbr_node10>
</xagent>
<xagent>
<name>Sporo</name>
<id>16</id>
<iter>1501</iter>
<FP>1.000000</FP>
<K0>0.200000</K0>
<TH0>2.941593</TH0>
<R0>0.998334</R0>
<coordx>{38.654331, 37.983963, 37.471745, 37.133007, 36.958679, 36.933064, 37.018280, 37.196892, 37.508915, 37.965946, 38.583984}</coordx>
<coordy>{17.004799, 17.742517, 18.599846, 19.541138, 20.522083, 21.521387, 22.530067, 23.506638, 24.448233, 25.331133, 26.115334}</coordy>
<xnbr_node0>{36.514629}</xnbr_node0>
<xnbr_node1>{36.414486}</xnbr_node1>
<xnbr_node2>{36.447407}</xnbr_node2>
<xnbr_node3>{36.557419}</xnbr_node3>
<xnbr_node4>{36.711327}</xnbr_node4>
<xnbr_node5>{36.885765}</xnbr_node5>
<xnbr_node6>{37.074821}</xnbr_node6>
<xnbr_node7>{37.299889}</xnbr_node7>
<xnbr_node8>{37.582085}</xnbr_node8>
<xnbr_node9>{37.959705}</xnbr_node9>
<xnbr_node10>{38.474762}</xnbr_node10>
<ynbr_node0>{22.122427}</ynbr_node0>
<ynbr_node1>{23.114012}</ynbr_node1>
<ynbr_node2>{24.120756}</ynbr_node2>
<ynbr_node3>{25.113447}</ynbr_node3>
<ynbr_node4>{26.101704}</ynbr_node4>
<ynbr_node5>{27.091843}</ynbr_node5>
<ynbr_node6>{28.079184}</ynbr_node6>
<ynbr_node7>{29.058969}</ynbr_node7>
<ynbr_node8>{30.019577}</ynbr_node8>
<ynbr_node9>{30.946505}</ynbr_node9>
<ynbr_node10>{31.803288}</ynbr_node10>
</xagent>
<xagent>
<name>Sporo</name>
<id>15</id>
<iter>1501</iter>
<FP>1.000000</FP>
<K0>0.200000</K0>
<TH0>2.941593</TH0>
<R0>0.998334</R0>
<coordx>{34.634136, 35.538239, 36.514729, 37.517170, 38.471100, 39.321232, 40.049191, 40.637047, 41.073608, 41.331001, 41.402069}</coordx>
<coordy>{33.692207, 34.130032, 34.380051, 34.385490, 34.058395, 33.507767, 32.809055, 31.995222, 31.096569, 30.127506, 29.133743}</coordy>
<xnbr_node0>{36.514629, 36.231468, 37.506023}</xnbr_node0>
<xnbr_node1>{36.414486, 36.643917, 37.630249}</xnbr_node1>
<xnbr_node2>{36.447407, 36.838516, 37.540333}</xnbr_node2>
<xnbr_node3>{36.557419, 36.757656, 37.236542}</xnbr_node3>
<xnbr_node4>{36.711327, 36.375824, 36.745552}</xnbr_node4>
<xnbr_node5>{36.885765, 35.720779, 36.082432}</xnbr_node5>
<xnbr_node6>{37.074821, 34.876987, 35.270832}</xnbr_node6>
<xnbr_node7>{37.299889, 33.917576, 34.352921}</xnbr_node7>
<xnbr_node8>{37.582085, 32.926113, 33.379402}</xnbr_node8>
<xnbr_node9>{37.959705, 31.973883, 32.377335}</xnbr_node9>
<xnbr_node10>{38.474762, 31.101858, 31.414900}</xnbr_node10>
<ynbr_node0>{22.122427, 34.529320, 33.795563}</ynbr_node0>
<ynbr_node1>{23.114012, 33.623386, 32.847328}</ynbr_node1>
<ynbr_node2>{24.120756, 32.655266, 31.880272}</ynbr_node2>
<ynbr_node3>{25.113447, 31.682135, 30.950205}</ynbr_node3>
<ynbr_node4>{26.101704, 30.782789, 30.095541}</ynbr_node4>
<ynbr_node5>{27.091843, 30.051287, 29.361698}</ynbr_node5>
<ynbr_node6>{28.079184, 29.549423, 28.788542}</ynbr_node6>
<ynbr_node7>{29.058969, 29.319269, 28.400908}</ynbr_node7>
<ynbr_node8>{30.019577, 29.355459, 28.224453}</ynbr_node8>
<ynbr_node9>{30.946505, 29.637203, 28.250605}</ynbr_node9>
<ynbr_node10>{31.803288, 30.121870, 28.490568}</ynbr_node10>
</xagent>
<xagent>
<name>Sporo</name>
<id>14</id>
<iter>1501</iter>
<FP>1.000000</FP>
<K0>0.200000</K0>
<TH0>2.941593</TH0>
<R0>0.998334</R0>
<coordx>{19.218512, 18.326475, 17.543242, 16.885180, 16.380787, 16.036350, 15.877045, 15.907341, 16.133690, 16.549665, 17.143343}</coordx>
<coordy>{17.347330, 17.804445, 18.424070, 19.179111, 20.038303, 20.977064, 21.962154, 22.961704, 23.932093, 24.842926, 25.637600}</coordy>
<xnbr_node0>{12.593580}</xnbr_node0>
<xnbr_node1>{13.241703}</xnbr_node1>
<xnbr_node2>{13.784246}</xnbr_node2>
<xnbr_node3>{14.211288}</xnbr_node3>
<xnbr_node4>{14.501454}</xnbr_node4>
<xnbr_node5>{14.626882}</xnbr_node5>
<xnbr_node6>{14.563001}</xnbr_node6>
<xnbr_node7>{14.312186}</xnbr_node7>
<xnbr_node8>{13.879760}</xnbr_node8>
<xnbr_node9>{13.277367}</xnbr_node9>
<xnbr_node10>{12.528522}</xnbr_node10>
<ynbr_node0>{21.242901}</ynbr_node0>
<ynbr_node1>{20.549286}</ynbr_node1>
<ynbr_node2>{19.754196}</ynbr_node2>
<ynbr_node3>{18.882196}</ynbr_node3>
<ynbr_node4>{17.949581}</ynbr_node4>
<ynbr_node5>{16.975039}</ynbr_node5>
<ynbr_node6>{15.994688}</ynbr_node6>
<ynbr_node7>{15.035671}</ynbr_node7>
<ynbr_node8>{14.143700}</ynbr_node8>
<ynbr_node9>{13.352074}</ynbr_node9>
<ynbr_node10>{12.692965}</ynbr_node10>
</xagent>
<xagent>
<name>Sporo</name>
<id>13</id>
<iter>1501</iter>
<FP>1.000000</FP>
<K0>0.200000</K0>
<TH0>2.941593</TH0>
<R0>0.998334</R0>
<coordx>{21.092642, 21.965687, 22.729395, 23.355148, 23.822958, 24.127157, 24.251020, 24.188387, 23.932352, 23.489988, 22.873838}</coordx>
<coordy>{32.562778, 32.079380, 31.434845, 30.654596, 29.772133, 28.820745, 27.828781, 26.831612, 25.867292, 24.973360, 24.191557}</coordy>
<xnbr_node0>{20.555237}</xnbr_node0>
<xnbr_node1>{21.467466}</xnbr_node1>
<xnbr_node2>{22.283482}</xnbr_node2>
<xnbr_node3>{22.978521}</xnbr_node3>
<xnbr_node4>{23.527584}</xnbr_node4>
<xnbr_node5>{23.919230}</xnbr_node5>
<xnbr_node6>{24.130804}</xnbr_node6>
<xnbr_node7>{24.138327}</xnbr_node7>
<xnbr_node8>{23.949121}</xnbr_node8>
<xnbr_node9>{23.556946}</xnbr_node9>
<xnbr_node10>{22.985596}</xnbr_node10>
<ynbr_node0>{42.460915}</ynbr_node0>
<ynbr_node1>{42.053295}</ynbr_node1>
<ynbr_node2>{41.475922}</ynbr_node2>
<ynbr_node3>{40.758942}</ynbr_node3>
<ynbr_node4>{39.926517}</ynbr_node4>
<ynbr_node5>{39.006325}</ynbr_node5>
<ynbr_node6>{38.029591}</ynbr_node6>
<ynbr_node7>{37.033455}</ynbr_node7>
<ynbr_node8>{36.059135}</ynbr_node8>
<ynbr_node9>{35.143406}</ynbr_node9>
<ynbr_node10>{34.324089}</ynbr_node10>
</xagent>
<xagent>
<name>Sporo</name>
<id>12</id>
<iter>1501</iter>
<FP>1.000000</FP>
<K0>0.200000</K0>
<TH0>2.941593</TH0>
<R0>0.998334</R0>
<coordx>{13.097258, 13.544492, 13.799249, 13.853395, 13.686275, 13.319128, 12.770802, 12.079117, 11.375727, 10.558748, 9.643888}</coordx>
<coordy>{27.439274, 26.548183, 25.582966, 24.586403, 23.606281, 22.679438, 21.838642, 21.048433, 20.391026, 19.844332, 19.474506}</coordy>
<xnbr_node0>{8.049307, 12.593580}</xnbr_node0>
<xnbr_node1>{7.297022, 13.241703}</xnbr_node1>
<xnbr_node2>{6.686098, 13.784246}</xnbr_node2>
<xnbr_node3>{6.237383, 14.211288}</xnbr_node3>
<xnbr_node4>{5.953641, 14.501454}</xnbr_node4>
<xnbr_node5>{5.845564, 14.626882}</xnbr_node5>
<xnbr_node6>{5.923613, 14.563001}</xnbr_node6>
<xnbr_node7>{6.187586, 14.312186}</xnbr_node7>
<xnbr_node8>{6.638689, 13.879760}</xnbr_node8>
<xnbr_node9>{7.259246, 13.277367}</xnbr_node9>
<xnbr_node10>{8.024379, 12.528522}</xnbr_node10>
<ynbr_node0>{9.051664, 21.242901}</ynbr_node0>
<ynbr_node1>{9.705371, 20.549286}</ynbr_node1>
<ynbr_node2>{10.502489, 19.754196}</ynbr_node2>
<ynbr_node3>{11.392424, 18.882196}</ynbr_node3>
<ynbr_node4>{12.353671, 17.949581}</ynbr_node4>
<ynbr_node5>{13.342645, 16.975039}</ynbr_node5>
<ynbr_node6>{14.339446, 15.994688}</ynbr_node6>
<ynbr_node7>{15.301014, 15.035671}</ynbr_node7>
<ynbr_node8>{16.191330, 14.143700}</ynbr_node8>
<ynbr_node9>{16.973333, 13.352074}</ynbr_node9>
<ynbr_node10>{17.609617, 12.692965}</ynbr_node10>
</xagent>
<xagent>
<name>Sporo</name>
<id>11</id>
<iter>1501</iter>
<FP>1.000000</FP>
<K0>0.200000</K0>
<TH0>2.941593</TH0>
<R0>0.998334</R0>
<coordx>{57.697342, 56.800335, 55.836086, 54.843296, 53.843590, 52.888325, 52.000080, 51.214890, 50.564705, 50.077900, 49.775906}</coordx>
<coordy>{5.841828, 5.407917, 5.154444, 5.085984, 5.206926, 5.502753, 5.962317, 6.581167, 7.338936, 8.208993, 9.160475}</coordy>
<xnbr_node0>{51.560486}</xnbr_node0>
<xnbr_node1>{52.259506}</xnbr_node1>
<xnbr_node2>{53.079578}</xnbr_node2>
<xnbr_node3>{53.980659}</xnbr_node3>
<xnbr_node4>{54.934391}</xnbr_node4>
<xnbr_node5>{55.923866}</xnbr_node5>
<xnbr_node6>{56.923683}</xnbr_node6>
<xnbr_node7>{57.921631}</xnbr_node7>
<xnbr_node8>{58.889847}</xnbr_node8>
<xnbr_node9>{59.800945}</xnbr_node9>
<xnbr_node10>{60.616699}</xnbr_node10>
<ynbr_node0>{1.334565}</ynbr_node0>
<ynbr_node1>{2.047642}</ynbr_node1>
<ynbr_node2>{2.626530}</ynbr_node2>
<ynbr_node3>{3.068795}</ynbr_node3>
<ynbr_node4>{3.371715}</ynbr_node4>
<ynbr_node5>{3.543040}</ynbr_node5>
<ynbr_node6>{3.579779}</ynbr_node6>
<ynbr_node7>{3.477747}</ynbr_node7>
<ynbr_node8>{3.219093}</ynbr_node8>
<ynbr_node9>{2.802663}</ynbr_node9>
<ynbr_node10>{2.224282}</ynbr_node10>
</xagent>
<xagent>
<name>Sporo</name>
<id>10</id>
<iter>1501</iter>
<FP>1.000000</FP>
<K0>0.200000</K0>
<TH0>2.941593</TH0>
<R0>0.998334</R0>
<coordx>{45.184425, 44.207355, 43.208687, 42.230347, 41.301430, 40.454632, 39.722652, 39.131725, 38.710182, 38.477291, 38.447815}</coordx>
<coordy>{5.382634, 5.194108, 5.196071, 5.390135, 5.757476, 6.290172, 6.974852, 7.780094, 8.688808, 9.656020, 10.653401}</coordy>
<xnbr_node0>{}</xnbr_node0>
<xnbr_node1>{}</xnbr_node1>
<xnbr_node2>{}</xnbr_node2>
<xnbr_node3>{}</xnbr_node3>
<xnbr_node4>{}</xnbr_node4>
<xnbr_node5>{}</xnbr_node5>
<xnbr_node6>{}</xnbr_node6>
<xnbr_node7>{}</xnbr_node7>
<xnbr_node8>{}</xnbr_node8>
<xnbr_node9>{}</xnbr_node9>
<xnbr_node10>{}</xnbr_node10>
<ynbr_node0>{}</ynbr_node0>
<ynbr_node1>{}</ynbr_node1>
<ynbr_node2>{}</ynbr_node2>
<ynbr_node3>{}</ynbr_node3>
<ynbr_node4>{}</ynbr_node4>
<ynbr_node5>{}</ynbr_node5>
<ynbr_node6>{}</ynbr_node6>
<ynbr_node7>{}</ynbr_node7>
<ynbr_node8>{}</ynbr_node8>
<ynbr_node9>{}</ynbr_node9>
<ynbr_node10>{}</ynbr_node10>
</xagent>
<xagent>
<name>Sporo</name>
<id>9</id>
<iter>1501</iter>
<FP>1.000000</FP>
<K0>0.200000</K0>
<TH0>2.941593</TH0>
<R0>0.998334</R0>
<coordx>{29.795361, 28.862688, 28.012028, 27.275423, 26.673651, 26.233673, 25.975567, 25.907591, 26.035332, 26.362312, 26.877228}</coordx>
<coordy>{7.074300, 7.426117, 7.952004, 8.623940, 9.418024, 10.319384, 11.284066, 12.277517, 13.268195, 14.212034, 15.071968}</coordy>
<xnbr_node0>{27.707399, 20.422487}</xnbr_node0>
<xnbr_node1>{26.909498, 21.214684}</xnbr_node1>
<xnbr_node2>{26.010405, 22.088009}</xnbr_node2>
<xnbr_node3>{25.042231, 23.024775}</xnbr_node3>
<xnbr_node4>{24.047834, 23.997612}</xnbr_node4>
<xnbr_node5>{23.053963, 24.983509}</xnbr_node5>
<xnbr_node6>{22.115625, 25.961002}</xnbr_node6>
<xnbr_node7>{21.261789, 26.885910}</xnbr_node7>
<xnbr_node8>{20.542683, 27.707645}</xnbr_node8>
<xnbr_node9>{19.987528, 28.399448}</xnbr_node9>
<xnbr_node10>{19.617308, 28.928146}</xnbr_node10>
<ynbr_node0>{7.049341, 13.035604}</ynbr_node0>
<ynbr_node1>{6.446314, 13.603650}</ynbr_node1>
<ynbr_node2>{6.011584, 14.046246}</ynbr_node2>
<ynbr_node3>{5.752879, 14.366614}</ynbr_node3>
<ynbr_node4>{5.685121, 14.542734}</ynbr_node4>
<ynbr_node5>{5.812602, 14.554233}</ynbr_node5>
<ynbr_node6>{6.136541, 14.378134}</ynbr_node6>
<ynbr_node7>{6.653584, 14.010481}</ynbr_node7>
<ynbr_node8>{7.339670, 13.450479}</ynbr_node8>
<ynbr_node9>{8.173113, 12.733758}</ynbr_node9>
<ynbr_node10>{9.093799, 11.896689}</ynbr_node10>
</xagent>
<xagent>
<name>Sporo</name>
<id>8</id>
<iter>1501</iter>
<FP>1.000000</FP>
<K0>0.200000</K0>
<TH0>2.941593</TH0>
<R0>0.998334</R0>
<coordx>{27.714802, 26.917999, 26.019491, 25.052851, 24.058268, 23.066254, 22.123543, 21.273094, 20.547485, 19.990797, 19.620888}</coordx>
<coordy>{7.055479, 6.451558, 6.013957, 5.754857, 5.686687, 5.809446, 6.130995, 6.646179, 7.337187, 8.162169, 9.086507}</coordy>
<xnbr_node0>{29.784304, 19.322432}</xnbr_node0>
<xnbr_node1>{28.855076, 20.287146}</xnbr_node1>
<xnbr_node2>{28.004446, 21.201557}</xnbr_node2>
<xnbr_node3>{27.269758, 22.027164}</xnbr_node3>
<xnbr_node4>{26.667704, 22.723692}</xnbr_node4>
<xnbr_node5>{26.231287, 23.249134}</xnbr_node5>
<xnbr_node6>{25.973698, 23.592285}</xnbr_node6>
<xnbr_node7>{25.907888, 23.737072}</xnbr_node7>
<xnbr_node8>{26.037346, 23.677179}</xnbr_node8>
<xnbr_node9>{26.365177, 23.410297}</xnbr_node9>
<xnbr_node10>{26.883408, 22.956852}</xnbr_node10>
<ynbr_node0>{7.076487, 12.708302}</ynbr_node0>
<ynbr_node1>{7.430584, 12.454518}</ynbr_node1>
<ynbr_node2>{7.958213, 12.072436}</ynbr_node2>
<ynbr_node3>{8.631248, 11.524912}</ynbr_node3>
<ynbr_node4>{9.427704, 10.820494}</ynbr_node4>
<ynbr_node5>{10.328561, 9.977735}</ynbr_node5>
<ynbr_node6>{11.293614, 9.044932}</ynbr_node6>
<ynbr_node7>{12.287838, 8.060067}</ynbr_node7>
<ynbr_node8>{13.276784, 7.065745}</ynbr_node8>
<ynbr_node9>{14.220904, 6.107514}</ynbr_node9>
<ynbr_node10>{15.078622, 5.220358}</ynbr_node10>
</xagent>
<xagent>
<name>Sporo</name>
<id>7</id>
<iter>1501</iter>
<FP>1.000000</FP>
<K0>0.200000</K0>
<TH0>2.941593</TH0>
<R0>0.998334</R0>
<coordx>{8.055959, 7.306435, 6.692480, 6.239486, 5.956586, 5.847789, 5.921223, 6.184975, 6.634227, 7.254046, 8.014519}</coordx>
<coordy>{9.045109, 9.699769, 10.494506, 11.385062, 12.340261, 13.336169, 14.330215, 15.292837, 16.183044, 16.966459, 17.606602}</coordy>
<xnbr_node0>{13.102127}</xnbr_node0>
<xnbr_node1>{13.546744}</xnbr_node1>
<xnbr_node2>{13.801499}</xnbr_node2>
<xnbr_node3>{13.850711}</xnbr_node3>
<xnbr_node4>{13.685339}</xnbr_node4>
<xnbr_node5>{13.315281}</xnbr_node5>
<xnbr_node6>{12.767248}</xnbr_node6>
<xnbr_node7>{12.077020}</xnbr_node7>
<xnbr_node8>{11.370333}</xnbr_node8>
<xnbr_node9>{10.551390}</xnbr_node9>
<xnbr_node10>{9.638232}</xnbr_node10>
<ynbr_node0>{27.430893}</ynbr_node0>
<ynbr_node1>{26.537809}</ynbr_node1>
<ynbr_node2>{25.571949}</ynbr_node2>
<ynbr_node3>{24.574385}</ynbr_node3>
<ynbr_node4>{23.597469}</ynbr_node4>
<ynbr_node5>{22.670938}</ynbr_node5>
<ynbr_node6>{21.829185}</ynbr_node6>
<ynbr_node7>{21.042147}</ynbr_node7>
<ynbr_node8>{20.382780}</ynbr_node8>
<ynbr_node9>{19.840698}</ynbr_node9>
<ynbr_node10>{19.473017}</ynbr_node10>
</xagent>
<xagent>
<name>Sporo</name>
<id>6</id>
<iter>1501</iter>
<FP>1.000000</FP>
<K0>0.200000</K0>
<TH0>2.941593</TH0>
<R0>0.998334</R0>
<coordx>{12.595383, 13.242986, 13.783575, 14.206663, 14.502091, 14.625948, 14.563847, 14.315352, 13.887715, 13.283838, 12.536969}</coordx>
<coordy>{21.255373, 20.559492, 19.760071, 18.892464, 17.956413, 16.984594, 16.003633, 15.044095, 14.151025, 13.355171, 12.695375}</coordy>
<xnbr_node0>{19.208982, 13.102127}</xnbr_node0>
<xnbr_node1>{18.320656, 13.546744}</xnbr_node1>
<xnbr_node2>{17.535414, 13.801499}</xnbr_node2>
<xnbr_node3>{16.879654, 13.850711}</xnbr_node3>
<xnbr_node4>{16.376213, 13.685339}</xnbr_node4>
<xnbr_node5>{16.033119, 13.315281}</xnbr_node5>
<xnbr_node6>{15.875670, 12.767248}</xnbr_node6>
<xnbr_node7>{15.907284, 12.077020}</xnbr_node7>
<xnbr_node8>{16.136662, 11.370333}</xnbr_node8>
<xnbr_node9>{16.555708, 10.551390}</xnbr_node9>
<xnbr_node10>{17.150654, 9.638232}</xnbr_node10>
<ynbr_node0>{17.352026, 27.430893}</ynbr_node0>
<ynbr_node1>{17.811422, 26.537809}</ynbr_node1>
<ynbr_node2>{18.432161, 25.571949}</ynbr_node2>
<ynbr_node3>{19.186342, 24.574385}</ynbr_node3>
<ynbr_node4>{20.049229, 23.597469}</ynbr_node4>
<ynbr_node5>{20.986593, 22.670938}</ynbr_node5>
<ynbr_node6>{21.975620, 21.829185}</ynbr_node6>
<ynbr_node7>{22.968740, 21.042147}</ynbr_node7>
<ynbr_node8>{23.941469, 20.382780}</ynbr_node8>
<ynbr_node9>{24.847898, 19.840698}</ynbr_node9>
<ynbr_node10>{25.645741, 19.473017}</ynbr_node10>
</xagent>
<xagent>
<name>Sporo</name>
<id>5</id>
<iter>1501</iter>
<FP>1.000000</FP>
<K0>0.200000</K0>
<TH0>2.941593</TH0>
<R0>0.998334</R0>
<coordx>{49.839432, 50.573547, 51.426540, 52.359108, 53.341892, 54.343513, 55.324635, 56.249512, 57.086697, 57.792419, 58.334351}</coordx>
<coordy>{13.017559, 13.693624, 14.214846, 14.571552, 14.751178, 14.749293, 14.562952, 14.190176, 13.644649, 12.938881, 12.101491}</coordy>
<xnbr_node0>{}</xnbr_node0>
<xnbr_node1>{}</xnbr_node1>
<xnbr_node2>{}</xnbr_node2>
<xnbr_node3>{}</xnbr_node3>
<xnbr_node4>{}</xnbr_node4>
<xnbr_node5>{}</xnbr_node5>
<xnbr_node6>{}</xnbr_node6>
<xnbr_node7>{}</xnbr_node7>
<xnbr_node8>{}</xnbr_node8>
<xnbr_node9>{}</xnbr_node9>
<xnbr_node10>{}</xnbr_node10>
<ynbr_node0>{}</ynbr_node0>
<ynbr_node1>{}</ynbr_node1>
<ynbr_node2>{}</ynbr_node2>
<ynbr_node3>{}</ynbr_node3>
<ynbr_node4>{}</ynbr_node4>
<ynbr_node5>{}</ynbr_node5>
<ynbr_node6>{}</ynbr_node6>
<ynbr_node7>{}</ynbr_node7>
<ynbr_node8>{}</ynbr_node8>
<ynbr_node9>{}</ynbr_node9>
<ynbr_node10>{}</ynbr_node10>
</xagent>
<xagent>
<name>Sporo</name>
<id>4</id>
<iter>1501</iter>
<FP>1.000000</FP>
<K0>0.200000</K0>
<TH0>2.941593</TH0>
<R0>0.998334</R0>
<coordx>{52.529594, 52.054886, 51.424595, 50.662605, 49.798138, 48.856316, 47.868763, 46.871128, 45.901245, 44.997623, 44.195667}</coordx>
<coordy>{59.119270, 58.240520, 57.464321, 56.819321, 56.319965, 55.988537, 55.840057, 55.884274, 56.117092, 56.541809, 57.136799}</coordy>
<xnbr_node0>{51.063816}</xnbr_node0>
<xnbr_node1>{51.589474}</xnbr_node1>
<xnbr_node2>{52.267105}</xnbr_node2>
<xnbr_node3>{53.057827}</xnbr_node3>
<xnbr_node4>{53.945263}</xnbr_node4>
<xnbr_node5>{54.903538}</xnbr_node5>
<xnbr_node6>{55.893654}</xnbr_node6>
<xnbr_node7>{56.877552}</xnbr_node7>
<xnbr_node8>{57.801205}</xnbr_node8>
<xnbr_node9>{58.619453}</xnbr_node9>
<xnbr_node10>{59.299850}</xnbr_node10>
<ynbr_node0>{59.559151}</ynbr_node0>
<ynbr_node1>{60.407711}</ynbr_node1>
<ynbr_node2>{61.145111}</ynbr_node2>
<ynbr_node3>{61.749638}</ynbr_node3>
<ynbr_node4>{62.200573}</ynbr_node4>
<ynbr_node5>{62.468800}</ynbr_node5>
<ynbr_node6>{62.534744}</ynbr_node6>
<ynbr_node7>{62.376930}</ynbr_node7>
<ynbr_node8>{62.010864}</ynbr_node8>
<ynbr_node9>{61.444122}</ynbr_node9>
<ynbr_node10>{60.709553}</ynbr_node10>
</xagent>
<xagent>
<name>Sporo</name>
<id>3</id>
<iter>1501</iter>
<FP>1.000000</FP>
<K0>0.200000</K0>
<TH0>2.941593</TH0>
<R0>0.998334</R0>
<coordx>{27.499420, 26.938648, 26.530657, 26.254911, 26.093142, 26.033958, 26.077291, 26.229567, 26.515762, 26.945919, 27.533152}</coordx>
<coordy>{-5.731038, -4.902936, -3.992474, -3.028015, -2.035454, -1.026726, -0.022510, 0.968246, 1.931188, 2.831147, 3.637585}</coordy>
<xnbr_node0>{28.842453}</xnbr_node0>
<xnbr_node1>{28.163591}</xnbr_node1>
<xnbr_node2>{27.637127}</xnbr_node2>
<xnbr_node3>{27.282690}</xnbr_node3>
<xnbr_node4>{27.134768}</xnbr_node4>
<xnbr_node5>{27.211142}</xnbr_node5>
<xnbr_node6>{27.524235}</xnbr_node6>
<xnbr_node7>{28.061192}</xnbr_node7>
<xnbr_node8>{28.787340}</xnbr_node8>
<xnbr_node9>{29.661205}</xnbr_node9>
<xnbr_node10>{30.615070}</xnbr_node10>
<ynbr_node0>{-6.127644}</ynbr_node0>
<ynbr_node1>{-5.389633}</ynbr_node1>
<ynbr_node2>{-4.542007}</ynbr_node2>
<ynbr_node3>{-3.610397}</ynbr_node3>
<ynbr_node4>{-2.625015}</ynbr_node4>
<ynbr_node5>{-1.633427}</ynbr_node5>
<ynbr_node6>{-0.692665}</ynbr_node6>
<ynbr_node7>{0.143585}</ynbr_node7>
<ynbr_node8>{0.817268}</ynbr_node8>
<ynbr_node9>{1.297493}</ynbr_node9>
<ynbr_node10>{1.573082}</ynbr_node10>
</xagent>
<xagent>
<name>Sporo</name>
<id>2</id>
<iter>1501</iter>
<FP>1.000000</FP>
<K0>0.200000</K0>
<TH0>2.941593</TH0>
<R0>0.998334</R0>
<coordx>{20.414827, 21.207109, 22.079899, 23.014397, 23.986700, 24.974365, 25.952347, 26.875650, 27.699993, 28.392117, 28.924549}</coordx>
<coordy>{13.036990, 13.600742, 14.045444, 14.361862, 14.540664, 14.555215, 14.380116, 14.014714, 13.458494, 12.742059, 11.904357}</coordy>
<xnbr_node0>{29.784304, 19.322432}</xnbr_node0>
<xnbr_node1>{28.855076, 20.287146}</xnbr_node1>
<xnbr_node2>{28.004446, 21.201557}</xnbr_node2>
<xnbr_node3>{27.269758, 22.027164}</xnbr_node3>
<xnbr_node4>{26.667704, 22.723692}</xnbr_node4>
<xnbr_node5>{26.231287, 23.249134}</xnbr_node5>
<xnbr_node6>{25.973698, 23.592285}</xnbr_node6>
<xnbr_node7>{25.907888, 23.737072}</xnbr_node7>
<xnbr_node8>{26.037346, 23.677179}</xnbr_node8>
<xnbr_node9>{26.365177, 23.410297}</xnbr_node9>
<xnbr_node10>{26.883408, 22.956852}</xnbr_node10>
<ynbr_node0>{7.076487, 12.708302}</ynbr_node0>
<ynbr_node1>{7.430584, 12.454518}</ynbr_node1>
<ynbr_node2>{7.958213, 12.072436}</ynbr_node2>
<ynbr_node3>{8.631248, 11.524912}</ynbr_node3>
<ynbr_node4>{9.427704, 10.820494}</ynbr_node4>
<ynbr_node5>{10.328561, 9.977735}</ynbr_node5>
<ynbr_node6>{11.293614, 9.044932}</ynbr_node6>
<ynbr_node7>{12.287838, 8.060067}</ynbr_node7>
<ynbr_node8>{13.276784, 7.065745}</ynbr_node8>
<ynbr_node9>{14.220904, 6.107514}</ynbr_node9>
<ynbr_node10>{15.078622, 5.220358}</ynbr_node10>
</xagent>
<xagent>
<name>Sporo</name>
<id>1</id>
<iter>1501</iter>
<FP>1.000000</FP>
<K0>0.200000</K0>
<TH0>2.941593</TH0>
<R0>0.998334</R0>
<coordx>{19.311090, 20.276566, 21.192272, 22.017635, 22.717928, 23.244116, 23.589731, 23.736544, 23.679581, 23.414183, 22.961781}</coordx>
<coordy>{12.706010, 12.452434, 12.074766, 11.529050, 10.824823, 9.987673, 9.054742, 8.069923, 7.076571, 6.117206, 5.230082}</coordy>
<xnbr_node0>{27.707399, 20.422487}</xnbr_node0>
<xnbr_node1>{26.909498, 21.214684}</xnbr_node1>
<xnbr_node2>{26.010405, 22.088009}</xnbr_node2>
<xnbr_node3>{25.042231, 23.024775}</xnbr_node3>
<xnbr_node4>{24.047834, 23.997612}</xnbr_node4>
<xnbr_node5>{23.053963, 24.983509}</xnbr_node5>
<xnbr_node6>{22.115625, 25.961002}</xnbr_node6>
<xnbr_node7>{21.261789, 26.885910}</xnbr_node7>
<xnbr_node8>{20.542683, 27.707645}</xnbr_node8>
<xnbr_node9>{19.987528, 28.399448}</xnbr_node9>
<xnbr_node10>{19.617308, 28.928146}</xnbr_node10>
<ynbr_node0>{7.049341, 13.035604}</ynbr_node0>
<ynbr_node1>{6.446314, 13.603650}</ynbr_node1>
<ynbr_node2>{6.011584, 14.046246}</ynbr_node2>
<ynbr_node3>{5.752879, 14.366614}</ynbr_node3>
<ynbr_node4>{5.685121, 14.542734}</ynbr_node4>
<ynbr_node5>{5.812602, 14.554233}</ynbr_node5>
<ynbr_node6>{6.136541, 14.378134}</ynbr_node6>
<ynbr_node7>{6.653584, 14.010481}</ynbr_node7>
<ynbr_node8>{7.339670, 13.450479}</ynbr_node8>
<ynbr_node9>{8.173113, 12.733758}</ynbr_node9>
<ynbr_node10>{9.093799, 11.896689}</ynbr_node10>
</xagent>
</states>
