<states>
<itno>1601</itno>
<environment>
<NNODES>11</NNODES>
<WIDTH>0.450000</WIDTH>
<DT>0.010000</DT>
<NOISE>0.000100</NOISE>
<DELTA>1.800000</DELTA>
<KEL>30.000000</KEL>
<KI>0.020000</KI>
<KTH>4.000000</KTH>
<SIDEBOX>0.000000</SIDEBOX>
<SIDEX>60</SIDEX>
<SIDEY>60</SIDEY>
</environment>
<xagent>
<name>Sporo</name>
<id>36</id>
<iter>1601</iter>
<FP>1.000000</FP>
<K0>0.200000</K0>
<TH0>2.941593</TH0>
<R0>0.998334</R0>
<coordx>{14.057279, 14.345217, 14.442678, 14.359526, 14.090026, 13.649661, 13.056391, 12.320654, 11.474085, 10.528270, 9.545270}</coordx>
<coordy>{5.767666, 4.808036, 3.814574, 2.822773, 1.856544, 0.956845, 0.154516, -0.522690, -1.041741, -1.376865, -1.514385}</coordy>
<xnbr_node0>{}</xnbr_node0>
<xnbr_node1>{}</xnbr_node1>
<xnbr_node2>{}</xnbr_node2>
<xnbr_node3>{}</xnbr_node3>
<xnbr_node4>{}</xnbr_node4>
<xnbr_node5>{}</xnbr_node5>
<xnbr_node6>{}</xnbr_node6>
<xnbr_node7>{}</xnbr_node7>
<xnbr_node8>{}</xnbr_node8>
<xnbr_node9>{}</xnbr_node9>
<xnbr_node10>{}</xnbr_node10>
<ynbr_node0>{}</ynbr_node0>
<ynbr_node1>{}</ynbr_node1>
<ynbr_node2>{}</ynbr_node2>
<ynbr_node3>{}</ynbr_node3>
<ynbr_node4>{}</ynbr_node4>
<ynbr_node5>{}</ynbr_node5>
<ynbr_node6>{}</ynbr_node6>
<ynbr_node7>{}</ynbr_node7>
<ynbr_node8>{}</ynbr_node8>
<ynbr_node9>{}</ynbr_node9>
<ynbr_node10>{}</ynbr_node10>
</xagent>
<xagent>
<name>Sporo</name>
<id>35</id>
<iter>1601</iter>
<FP>1.000000</FP>
<K0>0.200000</K0>
<TH0>2.941593</TH0>
<R0>0.998334</R0>
<coordx>{50.718113, 51.082256, 51.616043, 52.283302, 53.061859, 53.948185, 54.902260, 55.895832, 56.876884, 57.801327, 58.626213}</coordx>
<coordy>{-1.390012, -0.460410, 0.384804, 1.126943, 1.745879, 2.202049, 2.469399, 2.524668, 2.355129, 1.981576, 1.423057}</coordy>
<xnbr_node0>{50.911739, 52.822258}</xnbr_node0>
<xnbr_node1>{51.506809, 52.531250}</xnbr_node1>
<xnbr_node2>{52.237679, 52.057110}</xnbr_node2>
<xnbr_node3>{53.065132, 51.432037}</xnbr_node3>
<xnbr_node4>{53.970222, 50.670067}</xnbr_node4>
<xnbr_node5>{54.928543, 49.802834}</xnbr_node5>
<xnbr_node6>{55.917149, 48.855518}</xnbr_node6>
<xnbr_node7>{56.919758, 47.867359}</xnbr_node7>
<xnbr_node8>{57.909374, 46.872471}</xnbr_node8>
<xnbr_node9>{58.864265, 45.910885}</xnbr_node9>
<xnbr_node10>{59.738327, 45.021240}</xnbr_node10>
<ynbr_node0>{0.586415, 0.064041}</ynbr_node0>
<ynbr_node1>{1.391750, -0.886955}</ynbr_node1>
<ynbr_node2>{2.084013, -1.773903}</ynbr_node2>
<ynbr_node3>{2.652192, -2.554379}</ynbr_node3>
<ynbr_node4>{3.092978, -3.202332}</ynbr_node4>
<ynbr_node5>{3.410792, -3.694214}</ynbr_node5>
<ynbr_node6>{3.590419, -4.019985}</ynbr_node6>
<ynbr_node7>{3.619972, -4.160492}</ynbr_node7>
<ynbr_node8>{3.491239, -4.103981}</ynbr_node8>
<ynbr_node9>{3.186461, -3.846413}</ynbr_node9>
<ynbr_node10>{2.699816, -3.395302}</ynbr_node10>
</xagent>
<xagent>
<name>Sporo</name>
<id>34</id>
<iter>1601</iter>
<FP>1.000000</FP>
<K0>0.200000</K0>
<TH0>2.941593</TH0>
<R0>0.998334</R0>
<coordx>{54.398605, 54.769875, 54.955318, 54.953159, 54.765816, 54.401497, 53.869072, 53.191509, 52.386074, 51.481312, 50.509117}</coordx>
<coordy>{56.275444, 55.346973, 54.361855, 53.362865, 52.378437, 51.449394, 50.603889, 49.867172, 49.278008, 48.858711, 48.629944}</coordy>
<xnbr_node0>{52.822258}</xnbr_node0>
<xnbr_node1>{52.531250}</xnbr_node1>
<xnbr_node2>{52.057110}</xnbr_node2>
<xnbr_node3>{51.432037}</xnbr_node3>
<xnbr_node4>{50.670067}</xnbr_node4>
<xnbr_node5>{49.802834}</xnbr_node5>
<xnbr_node6>{48.855518}</xnbr_node6>
<xnbr_node7>{47.867359}</xnbr_node7>
<xnbr_node8>{46.872471}</xnbr_node8>
<xnbr_node9>{45.910885}</xnbr_node9>
<xnbr_node10>{45.021240}</xnbr_node10>
<ynbr_node0>{60.064041}</ynbr_node0>
<ynbr_node1>{59.113045}</ynbr_node1>
<ynbr_node2>{58.226097}</ynbr_node2>
<ynbr_node3>{57.445621}</ynbr_node3>
<ynbr_node4>{56.797668}</ynbr_node4>
<ynbr_node5>{56.305786}</ynbr_node5>
<ynbr_node6>{55.980015}</ynbr_node6>
<ynbr_node7>{55.839508}</ynbr_node7>
<ynbr_node8>{55.896019}</ynbr_node8>
<ynbr_node9>{56.153587}</ynbr_node9>
<ynbr_node10>{56.604698}</ynbr_node10>
</xagent>
<xagent>
<name>Sporo</name>
<id>33</id>
<iter>1601</iter>
<FP>1.000000</FP>
<K0>0.200000</K0>
<TH0>2.941593</TH0>
<R0>0.998334</R0>
<coordx>{29.669661, 28.858335, 28.176846, 27.642584, 27.284132, 27.137243, 27.226318, 27.544106, 28.082703, 28.805801, 29.661467}</coordx>
<coordy>{53.276402, 53.864452, 54.590195, 55.435333, 56.364254, 57.351925, 58.339771, 59.276192, 60.114357, 60.802444, 61.317097}</coordy>
<xnbr_node0>{28.115095}</xnbr_node0>
<xnbr_node1>{27.424236}</xnbr_node1>
<xnbr_node2>{26.872843}</xnbr_node2>
<xnbr_node3>{26.461519}</xnbr_node3>
<xnbr_node4>{26.175772}</xnbr_node4>
<xnbr_node5>{26.003708}</xnbr_node5>
<xnbr_node6>{25.943386}</xnbr_node6>
<xnbr_node7>{26.001951}</xnbr_node7>
<xnbr_node8>{26.196699}</xnbr_node8>
<xnbr_node9>{26.554920}</xnbr_node9>
<xnbr_node10>{27.072933}</xnbr_node10>
<ynbr_node0>{53.556000}</ynbr_node0>
<ynbr_node1>{54.275745}</ynbr_node1>
<ynbr_node2>{55.111206}</ynbr_node2>
<ynbr_node3>{56.023838}</ynbr_node3>
<ynbr_node4>{56.982147}</ynbr_node4>
<ynbr_node5>{57.971401}</ynbr_node5>
<ynbr_node6>{58.978111}</ynbr_node6>
<ynbr_node7>{59.979874}</ynbr_node7>
<ynbr_node8>{60.959133}</ynbr_node8>
<ynbr_node9>{61.896759}</ynbr_node9>
<ynbr_node10>{62.748245}</ynbr_node10>
</xagent>
<xagent>
<name>Sporo</name>
<id>32</id>
<iter>1601</iter>
<FP>1.000000</FP>
<K0>0.200000</K0>
<TH0>2.941593</TH0>
<R0>0.998334</R0>
<coordx>{18.609072, 17.743258, 16.978884, 16.355158, 15.882380, 15.584020, 15.470917, 15.548518, 15.823610, 16.281385, 16.907221}</coordx>
<coordy>{48.466862, 48.959484, 49.609264, 50.387516, 51.266655, 52.218197, 53.209686, 54.203938, 55.167961, 56.054188, 56.825699}</coordy>
<xnbr_node0>{}</xnbr_node0>
<xnbr_node1>{}</xnbr_node1>
<xnbr_node2>{}</xnbr_node2>
<xnbr_node3>{}</xnbr_node3>
<xnbr_node4>{}</xnbr_node4>
<xnbr_node5>{}</xnbr_node5>
<xnbr_node6>{}</xnbr_node6>
<xnbr_node7>{}</xnbr_node7>
<xnbr_node8>{}</xnbr_node8>
<xnbr_node9>{}</xnbr_node9>
<xnbr_node10>{}</xnbr_node10>
<ynbr_node0>{}</ynbr_node0>
<ynbr_node1>{}</ynbr_node1>
<ynbr_node2>{}</ynbr_node2>
<ynbr_node3>{}</ynbr_node3>
<ynbr_node4>{}</ynbr_node4>
<ynbr_node5>{}</ynbr_node5>
<ynbr_node6>{}</ynbr_node6>
<ynbr_node7>{}</ynbr_node7>
<ynbr_node8>{}</ynbr_node8>
<ynbr_node9>{}</ynbr_node9>
<ynbr_node10>{}</ynbr_node10>
</xagent>
<xagent>
<name>Sporo</name>
<id>31</id>
<iter>1601</iter>
<FP>1.000000</FP>
<K0>0.200000</K0>
<TH0>2.941593</TH0>
<R0>0.998334</R0>
<coordx>{13.151024, 12.151940, 11.161348, 10.214517, 9.343082, 8.568230, 7.922229, 7.435066, 7.134258, 7.035387, 7.141884}</coordx>
<coordy>{45.887939, 45.827602, 45.958981, 46.277157, 46.763058, 47.396748, 48.156864, 49.028522, 49.978516, 50.971088, 51.965622}</coordy>
<xnbr_node0>{}</xnbr_node0>
<xnbr_node1>{}</xnbr_node1>
<xnbr_node2>{}</xnbr_node2>
<xnbr_node3>{}</xnbr_node3>
<xnbr_node4>{}</xnbr_node4>
<xnbr_node5>{}</xnbr_node5>
<xnbr_node6>{}</xnbr_node6>
<xnbr_node7>{}</xnbr_node7>
<xnbr_node8>{}</xnbr_node8>
<xnbr_node9>{}</xnbr_node9>
<xnbr_node10>{}</xnbr_node10>
<ynbr_node0>{}</ynbr_node0>
<ynbr_node1>{}</ynbr_node1>
<ynbr_node2>{}</ynbr_node2>
<ynbr_node3>{}</ynbr_node3>
<ynbr_node4>{}</ynbr_node4>
<ynbr_node5>{}</ynbr_node5>
<ynbr_node6>{}</ynbr_node6>
<ynbr_node7>{}</ynbr_node7>
<ynbr_node8>{}</ynbr_node8>
<ynbr_node9>{}</ynbr_node9>
<ynbr_node10>{}</ynbr_node10>
</xagent>
<xagent>
<name>Sporo</name>
<id>30</id>
<iter>1601</iter>
<FP>1.000000</FP>
<K0>0.200000</K0>
<TH0>2.941593</TH0>
<R0>0.998334</R0>
<coordx>{50.906788, 51.500858, 52.231041, 53.057545, 53.960655, 54.918941, 55.904968, 56.908699, 57.901104, 58.853996, 59.726738}</coordx>
<coordy>{0.580886, 1.384108, 2.079570, 2.646729, 3.092547, 3.409544, 3.588742, 3.621455, 3.494672, 3.188468, 2.706735}</coordy>
<xnbr_node0>{50.718185, 58.506500, 52.822258}</xnbr_node0>
<xnbr_node1>{51.085804, 57.697292, 52.531250}</xnbr_node1>
<xnbr_node2>{51.622116, 56.791828, 52.057110}</xnbr_node2>
<xnbr_node3>{52.288418, 55.826687, 51.432037}</xnbr_node3>
<xnbr_node4>{53.070042, 54.831989, 50.670067}</xnbr_node4>
<xnbr_node5>{53.955654, 53.836418, 49.802834}</xnbr_node5>
<xnbr_node6>{54.911636, 52.879528, 48.855518}</xnbr_node6>
<xnbr_node7>{55.903606, 52.001583, 47.867359}</xnbr_node7>
<xnbr_node8>{56.887203, 51.228062, 46.872471}</xnbr_node8>
<xnbr_node9>{57.807640, 50.596668, 45.910885}</xnbr_node9>
<xnbr_node10>{58.633869, 50.134869, 45.021240}</xnbr_node10>
<ynbr_node0>{-1.380390, 6.406146, 0.064041}</ynbr_node0>
<ynbr_node1>{-0.450889, 5.818569, -0.886955}</ynbr_node1>
<ynbr_node2>{0.392974, 5.391665, -1.773903}</ynbr_node2>
<ynbr_node3>{1.135464, 5.144452, -2.554379}</ynbr_node3>
<ynbr_node4>{1.750303, 5.073617, -3.202332}</ynbr_node4>
<ynbr_node5>{2.208758, 5.188460, -3.694214}</ynbr_node5>
<ynbr_node6>{2.471320, 5.483945, -4.019985}</ynbr_node6>
<ynbr_node7>{2.521114, 5.954011, -4.160492}</ynbr_node7>
<ynbr_node8>{2.352390, 6.585026, -4.103981}</ynbr_node8>
<ynbr_node9>{1.977637, 7.356504, -3.846413}</ynbr_node9>
<ynbr_node10>{1.417255, 8.242924, -3.395302}</ynbr_node10>
</xagent>
<xagent>
<name>Sporo</name>
<id>29</id>
<iter>1601</iter>
<FP>1.000000</FP>
<K0>0.200000</K0>
<TH0>2.941593</TH0>
<R0>0.998334</R0>
<coordx>{54.289455, 53.306526, 52.307907, 51.325073, 50.396023, 49.548649, 48.816902, 48.224174, 47.805492, 47.580360, 47.561073}</coordx>
<coordy>{35.908005, 35.722160, 35.721439, 35.907658, 36.266457, 36.797081, 37.477390, 38.281960, 39.187496, 40.159786, 41.150944}</coordy>
<xnbr_node0>{49.794495}</xnbr_node0>
<xnbr_node1>{50.444893}</xnbr_node1>
<xnbr_node2>{51.226032}</xnbr_node2>
<xnbr_node3>{52.116776}</xnbr_node3>
<xnbr_node4>{53.074123}</xnbr_node4>
<xnbr_node5>{54.067940}</xnbr_node5>
<xnbr_node6>{55.064331}</xnbr_node6>
<xnbr_node7>{56.027573}</xnbr_node7>
<xnbr_node8>{56.917740}</xnbr_node8>
<xnbr_node9>{57.701622}</xnbr_node9>
<xnbr_node10>{58.350975}</xnbr_node10>
<ynbr_node0>{32.601387}</ynbr_node0>
<ynbr_node1>{33.359917}</ynbr_node1>
<ynbr_node2>{33.978535}</ynbr_node2>
<ynbr_node3>{34.437618}</ynbr_node3>
<ynbr_node4>{34.727207}</ynbr_node4>
<ynbr_node5>{34.829041}</ynbr_node5>
<ynbr_node6>{34.750004}</ynbr_node6>
<ynbr_node7>{34.480370}</ynbr_node7>
<ynbr_node8>{34.029770}</ynbr_node8>
<ynbr_node9>{33.410797}</ynbr_node9>
<ynbr_node10>{32.650841}</ynbr_node10>
</xagent>
<xagent>
<name>Sporo</name>
<id>28</id>
<iter>1601</iter>
<FP>1.000000</FP>
<K0>0.200000</K0>
<TH0>2.941593</TH0>
<R0>0.998334</R0>
<coordx>{35.679188, 35.336040, 35.177742, 35.203613, 35.408924, 35.791954, 36.341877, 37.045483, 37.873241, 38.796394, 39.779366}</coordx>
<coordy>{44.051708, 44.990414, 45.975212, 46.972893, 47.950710, 48.874359, 49.711575, 50.422977, 50.982193, 51.361340, 51.546242}</coordy>
<xnbr_node0>{}</xnbr_node0>
<xnbr_node1>{}</xnbr_node1>
<xnbr_node2>{}</xnbr_node2>
<xnbr_node3>{}</xnbr_node3>
<xnbr_node4>{}</xnbr_node4>
<xnbr_node5>{}</xnbr_node5>
<xnbr_node6>{}</xnbr_node6>
<xnbr_node7>{}</xnbr_node7>
<xnbr_node8>{}</xnbr_node8>
<xnbr_node9>{}</xnbr_node9>
<xnbr_node10>{}</xnbr_node10>
<ynbr_node0>{}</ynbr_node0>
<ynbr_node1>{}</ynbr_node1>
<ynbr_node2>{}</ynbr_node2>
<ynbr_node3>{}</ynbr_node3>
<ynbr_node4>{}</ynbr_node4>
<ynbr_node5>{}</ynbr_node5>
<ynbr_node6>{}</ynbr_node6>
<ynbr_node7>{}</ynbr_node7>
<ynbr_node8>{}</ynbr_node8>
<ynbr_node9>{}</ynbr_node9>
<ynbr_node10>{}</ynbr_node10>
</xagent>
<xagent>
<name>Sporo</name>
<id>27</id>
<iter>1601</iter>
<FP>1.000000</FP>
<K0>0.200000</K0>
<TH0>2.941593</TH0>
<R0>0.998334</R0>
<coordx>{43.893486, 44.361496, 44.655655, 44.770306, 44.695652, 44.435749, 43.998066, 43.399204, 42.658432, 41.792866, 40.848972}</coordx>
<coordy>{47.056591, 46.171448, 45.217323, 44.224400, 43.224182, 42.259605, 41.357964, 40.562088, 39.895710, 39.394642, 39.074921}</coordy>
<xnbr_node0>{}</xnbr_node0>
<xnbr_node1>{}</xnbr_node1>
<xnbr_node2>{}</xnbr_node2>
<xnbr_node3>{}</xnbr_node3>
<xnbr_node4>{}</xnbr_node4>
<xnbr_node5>{}</xnbr_node5>
<xnbr_node6>{}</xnbr_node6>
<xnbr_node7>{}</xnbr_node7>
<xnbr_node8>{}</xnbr_node8>
<xnbr_node9>{}</xnbr_node9>
<xnbr_node10>{}</xnbr_node10>
<ynbr_node0>{}</ynbr_node0>
<ynbr_node1>{}</ynbr_node1>
<ynbr_node2>{}</ynbr_node2>
<ynbr_node3>{}</ynbr_node3>
<ynbr_node4>{}</ynbr_node4>
<ynbr_node5>{}</ynbr_node5>
<ynbr_node6>{}</ynbr_node6>
<ynbr_node7>{}</ynbr_node7>
<ynbr_node8>{}</ynbr_node8>
<ynbr_node9>{}</ynbr_node9>
<ynbr_node10>{}</ynbr_node10>
</xagent>
<xagent>
<name>Sporo</name>
<id>26</id>
<iter>1601</iter>
<FP>1.000000</FP>
<K0>0.200000</K0>
<TH0>2.941593</TH0>
<R0>0.998334</R0>
<coordx>{27.384535, 26.619728, 25.745659, 24.795803, 23.802996, 22.808878, 21.854460, 20.981215, 20.230381, 19.637844, 19.222473}</coordx>
<coordy>{37.000900, 36.359997, 35.878658, 35.568123, 35.453312, 35.543316, 35.831009, 36.308628, 36.968567, 37.770298, 38.673321}</coordy>
<xnbr_node0>{19.588003}</xnbr_node0>
<xnbr_node1>{20.556211}</xnbr_node1>
<xnbr_node2>{21.463737}</xnbr_node2>
<xnbr_node3>{22.287373}</xnbr_node3>
<xnbr_node4>{22.982895}</xnbr_node4>
<xnbr_node5>{23.538513}</xnbr_node5>
<xnbr_node6>{23.929605}</xnbr_node6>
<xnbr_node7>{24.128115}</xnbr_node7>
<xnbr_node8>{24.127232}</xnbr_node8>
<xnbr_node9>{23.919296}</xnbr_node9>
<xnbr_node10>{23.518476}</xnbr_node10>
<ynbr_node0>{42.695549}</ynbr_node0>
<ynbr_node1>{42.466293}</ynbr_node1>
<ynbr_node2>{42.053913}</ynbr_node2>
<ynbr_node3>{41.480488}</ynbr_node3>
<ynbr_node4>{40.762096}</ynbr_node4>
<ynbr_node5>{39.936020}</ynbr_node5>
<ynbr_node6>{39.015144}</ynbr_node6>
<ynbr_node7>{38.039158}</ynbr_node7>
<ynbr_node8>{37.039276}</ynbr_node8>
<ynbr_node9>{36.064869}</ynbr_node9>
<ynbr_node10>{35.153896}</ynbr_node10>
</xagent>
<xagent>
<name>Sporo</name>
<id>25</id>
<iter>1601</iter>
<FP>1.000000</FP>
<K0>0.200000</K0>
<TH0>2.941593</TH0>
<R0>0.998334</R0>
<coordx>{14.071203, 13.090141, 12.095124, 11.116444, 10.191925, 9.359878, 8.642699, 8.070892, 7.670895, 7.463256, 7.464675}</coordx>
<coordy>{35.841026, 35.673717, 35.696484, 35.906944, 36.300095, 36.845863, 37.539688, 38.354839, 39.275593, 40.249882, 41.248291}</coordy>
<xnbr_node0>{5.974259, 13.534469}</xnbr_node0>
<xnbr_node1>{5.045889, 14.132329}</xnbr_node1>
<xnbr_node2>{4.066504, 14.565664}</xnbr_node2>
<xnbr_node3>{3.072657, 14.825949}</xnbr_node3>
<xnbr_node4>{2.080592, 14.898483}</xnbr_node4>
<xnbr_node5>{1.145087, 14.791293}</xnbr_node5>
<xnbr_node6>{0.288543, 14.500319}</xnbr_node6>
<xnbr_node7>{-0.464189, 14.035686}</xnbr_node7>
<xnbr_node8>{-1.070567, 13.411134}</xnbr_node8>
<xnbr_node9>{-1.506052, 12.642280}</xnbr_node9>
<xnbr_node10>{-1.754216, 11.761141}</xnbr_node10>
<ynbr_node0>{35.949242, 38.451157}</ynbr_node0>
<ynbr_node1>{35.578865, 37.654243}</ynbr_node1>
<ynbr_node2>{35.386536, 36.752979}</ynbr_node2>
<ynbr_node3>{35.382896, 35.788303}</ynbr_node3>
<ynbr_node4>{35.560112, 34.791214}</ynbr_node4>
<ynbr_node5>{35.913143, 33.798088}</ynbr_node5>
<ynbr_node6>{36.423664, 32.840603}</ynbr_node6>
<ynbr_node7>{37.086121, 31.961168}</ynbr_node7>
<ynbr_node8>{37.874561, 31.184633}</ynbr_node8>
<ynbr_node9>{38.777340, 30.547020}</ynbr_node9>
<ynbr_node10>{39.746082, 30.076536}</ynbr_node10>
</xagent>
<xagent>
<name>Sporo</name>
<id>24</id>
<iter>1601</iter>
<FP>1.000000</FP>
<K0>0.200000</K0>
<TH0>2.941593</TH0>
<R0>0.998334</R0>
<coordx>{5.985610, 5.054972, 4.075024, 3.078849, 2.090178, 1.154242, 0.293324, -0.456306, -1.064593, -1.501385, -1.751667}</coordx>
<coordy>{35.953194, 35.577305, 35.388161, 35.382557, 35.556953, 35.907909, 36.419060, 37.077972, 37.867157, 38.766018, 39.734905}</coordy>
<xnbr_node0>{14.061557, -10.205505}</xnbr_node0>
<xnbr_node1>{13.082476, -9.555107}</xnbr_node1>
<xnbr_node2>{12.083770, -8.773968}</xnbr_node2>
<xnbr_node3>{11.107680, -7.883224}</xnbr_node3>
<xnbr_node4>{10.183431, -6.925877}</xnbr_node4>
<xnbr_node5>{9.351089, -5.932060}</xnbr_node5>
<xnbr_node6>{8.636961, -4.935669}</xnbr_node6>
<xnbr_node7>{8.064328, -3.972427}</xnbr_node7>
<xnbr_node8>{7.668352, -3.082260}</xnbr_node8>
<xnbr_node9>{7.464605, -2.298378}</xnbr_node9>
<xnbr_node10>{7.464563, -1.649025}</xnbr_node10>
<ynbr_node0>{35.838383, 32.601387}</ynbr_node0>
<ynbr_node1>{35.672966, 33.359917}</ynbr_node1>
<ynbr_node2>{35.696957, 33.978535}</ynbr_node2>
<ynbr_node3>{35.909859, 34.437618}</ynbr_node3>
<ynbr_node4>{36.298740, 34.727207}</ynbr_node4>
<ynbr_node5>{36.852970, 34.829041}</ynbr_node5>
<ynbr_node6>{37.546947, 34.750004}</ynbr_node6>
<ynbr_node7>{38.367138, 34.480370}</ynbr_node7>
<ynbr_node8>{39.283222, 34.029770}</ynbr_node8>
<ynbr_node9>{40.258202, 33.410797}</ynbr_node9>
<ynbr_node10>{41.255371, 32.650841}</ynbr_node10>
</xagent>
<xagent>
<name>Sporo</name>
<id>23</id>
<iter>1601</iter>
<FP>1.000000</FP>
<K0>0.200000</K0>
<TH0>2.941593</TH0>
<R0>0.998334</R0>
<coordx>{51.918766, 52.755573, 53.685604, 54.667725, 55.665668, 56.648205, 57.576283, 58.411980, 59.134594, 59.698448, 60.079472}</coordx>
<coordy>{44.816216, 45.355900, 45.727730, 45.915916, 45.918667, 45.734783, 45.372009, 44.839977, 44.142231, 43.321400, 42.394440}</coordy>
<xnbr_node0>{}</xnbr_node0>
<xnbr_node1>{}</xnbr_node1>
<xnbr_node2>{}</xnbr_node2>
<xnbr_node3>{}</xnbr_node3>
<xnbr_node4>{}</xnbr_node4>
<xnbr_node5>{}</xnbr_node5>
<xnbr_node6>{}</xnbr_node6>
<xnbr_node7>{}</xnbr_node7>
<xnbr_node8>{}</xnbr_node8>
<xnbr_node9>{}</xnbr_node9>
<xnbr_node10>{}</xnbr_node10>
<ynbr_node0>{}</ynbr_node0>
<ynbr_node1>{}</ynbr_node1>
<ynbr_node2>{}</ynbr_node2>
<ynbr_node3>{}</ynbr_node3>
<ynbr_node4>{}</ynbr_node4>
<ynbr_node5>{}</ynbr_node5>
<ynbr_node6>{}</ynbr_node6>
<ynbr_node7>{}</ynbr_node7>
<ynbr_node8>{}</ynbr_node8>
<ynbr_node9>{}</ynbr_node9>
<ynbr_node10>{}</ynbr_node10>
</xagent>
<xagent>
<name>Sporo</name>
<id>22</id>
<iter>1601</iter>
<FP>1.000000</FP>
<K0>0.200000</K0>
<TH0>2.941593</TH0>
<R0>0.998334</R0>
<coordx>{36.535152, 36.347603, 36.301128, 36.342056, 36.436165, 36.567036, 36.741783, 36.962811, 37.260406, 37.674850, 38.236538}</coordx>
<coordy>{21.111408, 22.100845, 23.105259, 24.109634, 25.111774, 26.103718, 27.094296, 28.080431, 29.038572, 29.951412, 30.774387}</coordy>
<xnbr_node0>{35.848553, 37.138710, 39.426189}</xnbr_node0>
<xnbr_node1>{36.367363, 37.541378, 38.650898}</xnbr_node1>
<xnbr_node2>{36.710655, 37.716785, 38.015549}</xnbr_node2>
<xnbr_node3>{36.844196, 37.628525, 37.539112}</xnbr_node3>
<xnbr_node4>{36.720661, 37.299313, 37.219425}</xnbr_node4>
<xnbr_node5>{36.321804, 36.758209, 37.048729}</xnbr_node5>
<xnbr_node6>{35.684101, 36.054775, 37.004360}</xnbr_node6>
<xnbr_node7>{34.840931, 35.220737, 37.062313}</xnbr_node7>
<xnbr_node8>{33.882801, 34.295937, 37.252224}</xnbr_node8>
<xnbr_node9>{32.889492, 33.313370, 37.598457}</xnbr_node9>
<xnbr_node10>{31.917397, 32.321217, 38.119236}</xnbr_node10>
<ynbr_node0>{35.501270, 34.497086, 16.362856}</ynbr_node0>
<ynbr_node1>{34.650192, 33.611088, 16.994061}</ynbr_node1>
<ynbr_node2>{33.707253, 32.652340, 17.762300}</ynbr_node2>
<ynbr_node3>{32.717819, 31.679190, 18.639641}</ynbr_node3>
<ynbr_node4>{31.737186, 30.756641, 19.582266}</ynbr_node4>
<ynbr_node5>{30.827564, 29.933056, 20.574869}</ynbr_node5>
<ynbr_node6>{30.076969, 29.240221, 21.582748}</ynbr_node6>
<ynbr_node7>{29.559433, 28.704962, 22.572929}</ynbr_node7>
<ynbr_node8>{29.309301, 28.357468, 23.546656}</ynbr_node8>
<ynbr_node9>{29.321547, 28.218943, 24.476954}</ynbr_node9>
<ynbr_node10>{29.556042, 28.288794, 25.324657}</ynbr_node10>
</xagent>
<xagent>
<name>Sporo</name>
<id>21</id>
<iter>1601</iter>
<FP>1.000000</FP>
<K0>0.200000</K0>
<TH0>2.941593</TH0>
<R0>0.998334</R0>
<coordx>{35.842564, 36.364483, 36.709236, 36.845165, 36.720982, 36.329777, 35.688782, 34.850662, 33.895248, 32.898460, 31.926607}</coordx>
<coordy>{35.512207, 34.659290, 33.717224, 32.730545, 31.746195, 30.835001, 30.083227, 29.561991, 29.307945, 29.318508, 29.548391}</coordy>
<xnbr_node0>{36.534592, 37.138710, 33.894775}</xnbr_node0>
<xnbr_node1>{36.347252, 37.541378, 34.686367}</xnbr_node1>
<xnbr_node2>{36.302834, 37.716785, 35.597103}</xnbr_node2>
<xnbr_node3>{36.342247, 37.628525, 36.583611}</xnbr_node3>
<xnbr_node4>{36.438374, 37.299313, 37.678120}</xnbr_node4>
<xnbr_node5>{36.572361, 36.758209, 38.605583}</xnbr_node5>
<xnbr_node6>{36.742653, 36.054775, 39.427330}</xnbr_node6>
<xnbr_node7>{36.966679, 35.220737, 40.111580}</xnbr_node7>
<xnbr_node8>{37.265903, 34.295937, 40.657017}</xnbr_node8>
<xnbr_node9>{37.678543, 33.313370, 41.033665}</xnbr_node9>
<xnbr_node10>{38.238125, 32.321217, 41.221046}</xnbr_node10>
<ynbr_node0>{21.120373, 34.497086, 33.281223}</ynbr_node0>
<ynbr_node1>{22.112665, 33.611088, 33.901577}</ynbr_node1>
<ynbr_node2>{23.115047, 32.652340, 34.346825}</ynbr_node2>
<ynbr_node3>{24.119667, 31.679190, 34.579414}</ynbr_node3>
<ynbr_node4>{25.121653, 30.756641, 34.529716}</ynbr_node4>
<ynbr_node5>{26.118244, 29.933056, 34.194057}</ynbr_node5>
<ynbr_node6>{27.106380, 29.240221, 33.624931}</ynbr_node6>
<ynbr_node7>{28.088810, 28.704962, 32.899944}</ynbr_node7>
<ynbr_node8>{29.046764, 28.357468, 32.059078}</ynbr_node8>
<ynbr_node9>{29.957951, 28.218943, 31.131577}</ynbr_node9>
<ynbr_node10>{30.784252, 28.288794, 30.150784}</ynbr_node10>
</xagent>
<xagent>
<name>Sporo</name>
<id>20</id>
<iter>1601</iter>
<FP>1.000000</FP>
<K0>0.200000</K0>
<TH0>2.941593</TH0>
<R0>0.998334</R0>
<coordx>{37.131790, 37.538136, 37.715088, 37.631672, 37.304531, 36.764091, 36.065060, 35.225468, 34.304855, 33.318909, 32.329685}</coordx>
<coordy>{34.508362, 33.619736, 32.662117, 31.686785, 30.763201, 29.939995, 29.243174, 28.712891, 28.362051, 28.218777, 28.284639}</coordy>
<xnbr_node0>{36.534592, 35.848553, 33.894775}</xnbr_node0>
<xnbr_node1>{36.347252, 36.367363, 34.686367}</xnbr_node1>
<xnbr_node2>{36.302834, 36.710655, 35.597103}</xnbr_node2>
<xnbr_node3>{36.342247, 36.844196, 36.583611}</xnbr_node3>
<xnbr_node4>{36.438374, 36.720661, 37.678120}</xnbr_node4>
<xnbr_node5>{36.572361, 36.321804, 38.605583}</xnbr_node5>
<xnbr_node6>{36.742653, 35.684101, 39.427330}</xnbr_node6>
<xnbr_node7>{36.966679, 34.840931, 40.111580}</xnbr_node7>
<xnbr_node8>{37.265903, 33.882801, 40.657017}</xnbr_node8>
<xnbr_node9>{37.678543, 32.889492, 41.033665}</xnbr_node9>
<xnbr_node10>{38.238125, 31.917397, 41.221046}</xnbr_node10>
<ynbr_node0>{21.120373, 35.501270, 33.281223}</ynbr_node0>
<ynbr_node1>{22.112665, 34.650192, 33.901577}</ynbr_node1>
<ynbr_node2>{23.115047, 33.707253, 34.346825}</ynbr_node2>
<ynbr_node3>{24.119667, 32.717819, 34.579414}</ynbr_node3>
<ynbr_node4>{25.121653, 31.737186, 34.529716}</ynbr_node4>
<ynbr_node5>{26.118244, 30.827564, 34.194057}</ynbr_node5>
<ynbr_node6>{27.106380, 30.076969, 33.624931}</ynbr_node6>
<ynbr_node7>{28.088810, 29.559433, 32.899944}</ynbr_node7>
<ynbr_node8>{29.046764, 29.309301, 32.059078}</ynbr_node8>
<ynbr_node9>{29.957951, 29.321547, 31.131577}</ynbr_node9>
<ynbr_node10>{30.784252, 29.556042, 30.150784}</ynbr_node10>
</xagent>
<xagent>
<name>Sporo</name>
<id>19</id>
<iter>1601</iter>
<FP>1.000000</FP>
<K0>0.200000</K0>
<TH0>2.941593</TH0>
<R0>0.998334</R0>
<coordx>{19.575891, 20.548307, 21.456589, 22.279579, 22.977875, 23.535196, 23.924345, 24.125975, 24.128191, 23.922894, 23.521242}</coordx>
<coordy>{42.697205, 42.471695, 42.056499, 41.486214, 40.770729, 39.940113, 39.026337, 38.050049, 37.050175, 36.076443, 35.162739}</coordy>
<xnbr_node0>{27.377373}</xnbr_node0>
<xnbr_node1>{26.612186}</xnbr_node1>
<xnbr_node2>{25.735991}</xnbr_node2>
<xnbr_node3>{24.786518}</xnbr_node3>
<xnbr_node4>{23.793285}</xnbr_node4>
<xnbr_node5>{22.799994}</xnbr_node5>
<xnbr_node6>{21.843678}</xnbr_node6>
<xnbr_node7>{20.974089}</xnbr_node7>
<xnbr_node8>{20.223742}</xnbr_node8>
<xnbr_node9>{19.632414}</xnbr_node9>
<xnbr_node10>{19.217352}</xnbr_node10>
<ynbr_node0>{36.994423}</ynbr_node0>
<ynbr_node1>{36.352428}</ynbr_node1>
<ynbr_node2>{35.869473}</ynbr_node2>
<ynbr_node3>{35.567005}</ynbr_node3>
<ynbr_node4>{35.454590}</ynbr_node4>
<ynbr_node5>{35.545967}</ynbr_node5>
<ynbr_node6>{35.835175}</ynbr_node6>
<ynbr_node7>{36.317543}</ynbr_node7>
<ynbr_node8>{36.974873}</ynbr_node8>
<ynbr_node9>{37.779823}</ynbr_node9>
<ynbr_node10>{38.685089}</ynbr_node10>
</xagent>
<xagent>
<name>Sporo</name>
<id>18</id>
<iter>1601</iter>
<FP>1.000000</FP>
<K0>0.200000</K0>
<TH0>2.941593</TH0>
<R0>0.998334</R0>
<coordx>{13.527982, 14.126891, 14.562155, 14.825745, 14.900395, 14.791986, 14.503615, 14.041552, 13.420773, 12.650779, 11.766662}</coordx>
<coordy>{38.459217, 37.661850, 36.763149, 35.798100, 34.801861, 33.809277, 32.850456, 31.968838, 31.189165, 30.551619, 30.078690}</coordy>
<xnbr_node0>{14.061557, 12.621904}</xnbr_node0>
<xnbr_node1>{13.082476, 13.182157}</xnbr_node1>
<xnbr_node2>{12.083770, 13.562706}</xnbr_node2>
<xnbr_node3>{11.107680, 13.755510}</xnbr_node3>
<xnbr_node4>{10.183431, 13.747195}</xnbr_node4>
<xnbr_node5>{9.351089, 13.547492}</xnbr_node5>
<xnbr_node6>{8.636961, 13.172293}</xnbr_node6>
<xnbr_node7>{8.064328, 12.650030}</xnbr_node7>
<xnbr_node8>{7.668352, 12.002344}</xnbr_node8>
<xnbr_node9>{7.464605, 11.228395}</xnbr_node9>
<xnbr_node10>{7.464563, 10.346305}</xnbr_node10>
<ynbr_node0>{35.838383, 28.288628}</ynbr_node0>
<ynbr_node1>{35.672966, 27.461149}</ynbr_node1>
<ynbr_node2>{35.696957, 26.535400}</ynbr_node2>
<ynbr_node3>{35.909859, 25.557184}</ynbr_node3>
<ynbr_node4>{36.298740, 24.554953}</ynbr_node4>
<ynbr_node5>{36.852970, 23.572994}</ynbr_node5>
<ynbr_node6>{37.546947, 22.643879}</ynbr_node6>
<ynbr_node7>{38.367138, 21.788750}</ynbr_node7>
<ynbr_node8>{39.283222, 21.023863}</ynbr_node8>
<ynbr_node9>{40.258202, 20.388266}</ynbr_node9>
<ynbr_node10>{41.255371, 19.914515}</ynbr_node10>
</xagent>
<xagent>
<name>Sporo</name>
<id>17</id>
<iter>1601</iter>
<FP>1.000000</FP>
<K0>0.200000</K0>
<TH0>2.941593</TH0>
<R0>0.998334</R0>
<coordx>{49.788486, 50.438000, 51.219139, 52.107105, 53.064171, 54.057522, 55.053185, 56.017765, 56.909576, 57.695618, 58.345406}</coordx>
<coordy>{32.593555, 33.352577, 33.971859, 34.434628, 34.723816, 34.833279, 34.751110, 34.484333, 34.034882, 33.417206, 32.660320}</coordy>
<xnbr_node0>{54.279194, 65.974258}</xnbr_node0>
<xnbr_node1>{53.297756, 65.045891}</xnbr_node1>
<xnbr_node2>{52.298794, 64.066505}</xnbr_node2>
<xnbr_node3>{51.320591, 63.072655}</xnbr_node3>
<xnbr_node4>{50.386127, 62.080593}</xnbr_node4>
<xnbr_node5>{49.541798, 61.145088}</xnbr_node5>
<xnbr_node6>{48.808418, 60.288544}</xnbr_node6>
<xnbr_node7>{48.218414, 59.535812}</xnbr_node7>
<xnbr_node8>{47.803265, 58.929432}</xnbr_node8>
<xnbr_node9>{47.576672, 58.493946}</xnbr_node9>
<xnbr_node10>{47.559624, 58.245785}</xnbr_node10>
<ynbr_node0>{35.908321, 35.949242}</ynbr_node0>
<ynbr_node1>{35.721478, 35.578865}</ynbr_node1>
<ynbr_node2>{35.720856, 35.386536}</ynbr_node2>
<ynbr_node3>{35.906822, 35.382896}</ynbr_node3>
<ynbr_node4>{36.271137, 35.560112}</ynbr_node4>
<ynbr_node5>{36.804790, 35.913143}</ynbr_node5>
<ynbr_node6>{37.485378, 36.423664}</ynbr_node6>
<ynbr_node7>{38.291489, 37.086121}</ynbr_node7>
<ynbr_node8>{39.197598, 37.874561}</ynbr_node8>
<ynbr_node9>{40.166813, 38.777340}</ynbr_node9>
<ynbr_node10>{41.166092, 39.746082}</ynbr_node10>
</xagent>
<xagent>
<name>Sporo</name>
<id>16</id>
<iter>1601</iter>
<FP>1.000000</FP>
<K0>0.200000</K0>
<TH0>2.941593</TH0>
<R0>0.998334</R0>
<coordx>{39.434101, 38.658623, 38.019997, 37.538673, 37.222725, 37.050636, 37.008652, 37.063286, 37.249050, 37.595421, 38.113556}</coordx>
<coordy>{16.357334, 16.986488, 17.753471, 18.630661, 19.577541, 20.564552, 21.575817, 22.563211, 23.537794, 24.466179, 25.315973}</coordy>
<xnbr_node0>{36.534592}</xnbr_node0>
<xnbr_node1>{36.347252}</xnbr_node1>
<xnbr_node2>{36.302834}</xnbr_node2>
<xnbr_node3>{36.342247}</xnbr_node3>
<xnbr_node4>{36.438374}</xnbr_node4>
<xnbr_node5>{36.572361}</xnbr_node5>
<xnbr_node6>{36.742653}</xnbr_node6>
<xnbr_node7>{36.966679}</xnbr_node7>
<xnbr_node8>{37.265903}</xnbr_node8>
<xnbr_node9>{37.678543}</xnbr_node9>
<xnbr_node10>{38.238125}</xnbr_node10>
<ynbr_node0>{21.120373}</ynbr_node0>
<ynbr_node1>{22.112665}</ynbr_node1>
<ynbr_node2>{23.115047}</ynbr_node2>
<ynbr_node3>{24.119667}</ynbr_node3>
<ynbr_node4>{25.121653}</ynbr_node4>
<ynbr_node5>{26.118244}</ynbr_node5>
<ynbr_node6>{27.106380}</ynbr_node6>
<ynbr_node7>{28.088810}</ynbr_node7>
<ynbr_node8>{29.046764}</ynbr_node8>
<ynbr_node9>{29.957951}</ynbr_node9>
<ynbr_node10>{30.784252}</ynbr_node10>
</xagent>
<xagent>
<name>Sporo</name>
<id>15</id>
<iter>1601</iter>
<FP>1.000000</FP>
<K0>0.200000</K0>
<TH0>2.941593</TH0>
<R0>0.998334</R0>
<coordx>{33.890480, 34.681355, 35.587612, 36.575394, 37.670517, 38.598141, 39.420197, 40.109837, 40.653034, 41.030491, 41.218639}</coordx>
<coordy>{33.276218, 33.898605, 34.344872, 34.577801, 34.531166, 34.197697, 33.634670, 32.909401, 32.069756, 31.141180, 30.160950}</coordy>
<xnbr_node0>{36.534592, 35.848553, 37.138710}</xnbr_node0>
<xnbr_node1>{36.347252, 36.367363, 37.541378}</xnbr_node1>
<xnbr_node2>{36.302834, 36.710655, 37.716785}</xnbr_node2>
<xnbr_node3>{36.342247, 36.844196, 37.628525}</xnbr_node3>
<xnbr_node4>{36.438374, 36.720661, 37.299313}</xnbr_node4>
<xnbr_node5>{36.572361, 36.321804, 36.758209}</xnbr_node5>
<xnbr_node6>{36.742653, 35.684101, 36.054775}</xnbr_node6>
<xnbr_node7>{36.966679, 34.840931, 35.220737}</xnbr_node7>
<xnbr_node8>{37.265903, 33.882801, 34.295937}</xnbr_node8>
<xnbr_node9>{37.678543, 32.889492, 33.313370}</xnbr_node9>
<xnbr_node10>{38.238125, 31.917397, 32.321217}</xnbr_node10>
<ynbr_node0>{21.120373, 35.501270, 34.497086}</ynbr_node0>
<ynbr_node1>{22.112665, 34.650192, 33.611088}</ynbr_node1>
<ynbr_node2>{23.115047, 33.707253, 32.652340}</ynbr_node2>
<ynbr_node3>{24.119667, 32.717819, 31.679190}</ynbr_node3>
<ynbr_node4>{25.121653, 31.737186, 30.756641}</ynbr_node4>
<ynbr_node5>{26.118244, 30.827564, 29.933056}</ynbr_node5>
<ynbr_node6>{27.106380, 30.076969, 29.240221}</ynbr_node6>
<ynbr_node7>{28.088810, 29.559433, 28.704962}</ynbr_node7>
<ynbr_node8>{29.046764, 29.309301, 28.357468}</ynbr_node8>
<ynbr_node9>{29.957951, 29.321547, 28.218943}</ynbr_node9>
<ynbr_node10>{30.784252, 29.556042, 28.288794}</ynbr_node10>
</xagent>
<xagent>
<name>Sporo</name>
<id>14</id>
<iter>1601</iter>
<FP>1.000000</FP>
<K0>0.200000</K0>
<TH0>2.941593</TH0>
<R0>0.998334</R0>
<coordx>{20.152916, 19.196354, 18.308512, 17.522413, 16.861919, 16.360407, 16.024652, 15.879797, 15.926009, 16.171087, 16.607838}</coordx>
<coordy>{17.044239, 17.331739, 17.788658, 18.408596, 19.156538, 20.019156, 20.959877, 21.946257, 22.943495, 23.911690, 24.810900}</coordy>
<xnbr_node0>{12.112816}</xnbr_node0>
<xnbr_node1>{12.867741}</xnbr_node1>
<xnbr_node2>{13.494685}</xnbr_node2>
<xnbr_node3>{13.991751}</xnbr_node3>
<xnbr_node4>{14.357141}</xnbr_node4>
<xnbr_node5>{14.584158}</xnbr_node5>
<xnbr_node6>{14.657826}</xnbr_node6>
<xnbr_node7>{14.566347}</xnbr_node7>
<xnbr_node8>{14.295021}</xnbr_node8>
<xnbr_node9>{13.839054}</xnbr_node9>
<xnbr_node10>{13.209191}</xnbr_node10>
<ynbr_node0>{22.103436}</ynbr_node0>
<ynbr_node1>{21.451784}</ynbr_node1>
<ynbr_node2>{20.678827}</ynbr_node2>
<ynbr_node3>{19.809452}</ynbr_node3>
<ynbr_node4>{18.879946}</ynbr_node4>
<ynbr_node5>{17.908672}</ynbr_node5>
<ynbr_node6>{16.918196}</ynbr_node6>
<ynbr_node7>{15.928786}</ynbr_node7>
<ynbr_node8>{14.974032}</ynbr_node8>
<ynbr_node9>{14.087197}</ynbr_node9>
<ynbr_node10>{13.316023}</ynbr_node10>
</xagent>
<xagent>
<name>Sporo</name>
<id>13</id>
<iter>1601</iter>
<FP>1.000000</FP>
<K0>0.200000</K0>
<TH0>2.941593</TH0>
<R0>0.998334</R0>
<coordx>{20.171619, 21.111002, 21.979301, 22.738356, 23.362959, 23.833305, 24.129475, 24.239798, 24.158310, 23.882820, 23.426231}</coordx>
<coordy>{32.913780, 32.591553, 32.094372, 31.447433, 30.662670, 29.779322, 28.823339, 27.830345, 26.831932, 25.870766, 24.987125}</coordy>
<xnbr_node0>{}</xnbr_node0>
<xnbr_node1>{}</xnbr_node1>
<xnbr_node2>{}</xnbr_node2>
<xnbr_node3>{}</xnbr_node3>
<xnbr_node4>{}</xnbr_node4>
<xnbr_node5>{}</xnbr_node5>
<xnbr_node6>{}</xnbr_node6>
<xnbr_node7>{}</xnbr_node7>
<xnbr_node8>{}</xnbr_node8>
<xnbr_node9>{}</xnbr_node9>
<xnbr_node10>{}</xnbr_node10>
<ynbr_node0>{}</ynbr_node0>
<ynbr_node1>{}</ynbr_node1>
<ynbr_node2>{}</ynbr_node2>
<ynbr_node3>{}</ynbr_node3>
<ynbr_node4>{}</ynbr_node4>
<ynbr_node5>{}</ynbr_node5>
<ynbr_node6>{}</ynbr_node6>
<ynbr_node7>{}</ynbr_node7>
<ynbr_node8>{}</ynbr_node8>
<ynbr_node9>{}</ynbr_node9>
<ynbr_node10>{}</ynbr_node10>
</xagent>
<xagent>
<name>Sporo</name>
<id>12</id>
<iter>1601</iter>
<FP>1.000000</FP>
<K0>0.200000</K0>
<TH0>2.941593</TH0>
<R0>0.998334</R0>
<coordx>{12.617695, 13.177411, 13.559716, 13.752695, 13.747332, 13.550134, 13.178799, 12.657347, 12.009650, 11.235211, 10.355286}</coordx>
<coordy>{28.297527, 27.470171, 26.546780, 25.565594, 24.564400, 23.585430, 22.651819, 21.792189, 21.030567, 20.394503, 19.920153}</coordy>
<xnbr_node0>{13.534469, 12.112816}</xnbr_node0>
<xnbr_node1>{14.132329, 12.867741}</xnbr_node1>
<xnbr_node2>{14.565664, 13.494685}</xnbr_node2>
<xnbr_node3>{14.825949, 13.991751}</xnbr_node3>
<xnbr_node4>{14.898483, 14.357141}</xnbr_node4>
<xnbr_node5>{14.791293, 14.584158}</xnbr_node5>
<xnbr_node6>{14.500319, 14.657826}</xnbr_node6>
<xnbr_node7>{14.035686, 14.566347}</xnbr_node7>
<xnbr_node8>{13.411134, 14.295021}</xnbr_node8>
<xnbr_node9>{12.642280, 13.839054}</xnbr_node9>
<xnbr_node10>{11.761141, 13.209191}</xnbr_node10>
<ynbr_node0>{38.451157, 22.103436}</ynbr_node0>
<ynbr_node1>{37.654243, 21.451784}</ynbr_node1>
<ynbr_node2>{36.752979, 20.678827}</ynbr_node2>
<ynbr_node3>{35.788303, 19.809452}</ynbr_node3>
<ynbr_node4>{34.791214, 18.879946}</ynbr_node4>
<ynbr_node5>{33.798088, 17.908672}</ynbr_node5>
<ynbr_node6>{32.840603, 16.918196}</ynbr_node6>
<ynbr_node7>{31.961168, 15.928786}</ynbr_node7>
<ynbr_node8>{31.184633, 14.974032}</ynbr_node8>
<ynbr_node9>{30.547020, 14.087197}</ynbr_node9>
<ynbr_node10>{30.076536, 13.316023}</ynbr_node10>
</xagent>
<xagent>
<name>Sporo</name>
<id>11</id>
<iter>1601</iter>
<FP>1.000000</FP>
<K0>0.200000</K0>
<TH0>2.941593</TH0>
<R0>0.998334</R0>
<coordx>{58.512634, 57.704098, 56.803600, 55.835773, 54.840641, 53.846348, 52.888290, 52.010487, 51.234928, 50.602745, 50.139294}</coordx>
<coordy>{6.413491, 5.822292, 5.393432, 5.148314, 5.074005, 5.186382, 5.482950, 5.948118, 6.578170, 7.348031, 8.233120}</coordy>
<xnbr_node0>{50.911739}</xnbr_node0>
<xnbr_node1>{51.506809}</xnbr_node1>
<xnbr_node2>{52.237679}</xnbr_node2>
<xnbr_node3>{53.065132}</xnbr_node3>
<xnbr_node4>{53.970222}</xnbr_node4>
<xnbr_node5>{54.928543}</xnbr_node5>
<xnbr_node6>{55.917149}</xnbr_node6>
<xnbr_node7>{56.919758}</xnbr_node7>
<xnbr_node8>{57.909374}</xnbr_node8>
<xnbr_node9>{58.864265}</xnbr_node9>
<xnbr_node10>{59.738327}</xnbr_node10>
<ynbr_node0>{0.586415}</ynbr_node0>
<ynbr_node1>{1.391750}</ynbr_node1>
<ynbr_node2>{2.084013}</ynbr_node2>
<ynbr_node3>{2.652192}</ynbr_node3>
<ynbr_node4>{3.092978}</ynbr_node4>
<ynbr_node5>{3.410792}</ynbr_node5>
<ynbr_node6>{3.590419}</ynbr_node6>
<ynbr_node7>{3.619972}</ynbr_node7>
<ynbr_node8>{3.491239}</ynbr_node8>
<ynbr_node9>{3.186461}</ynbr_node9>
<ynbr_node10>{2.699816}</ynbr_node10>
</xagent>
<xagent>
<name>Sporo</name>
<id>10</id>
<iter>1601</iter>
<FP>1.000000</FP>
<K0>0.200000</K0>
<TH0>2.941593</TH0>
<R0>0.998334</R0>
<coordx>{46.116146, 45.185146, 44.202122, 43.204262, 42.222679, 41.296543, 40.453606, 39.725880, 39.150154, 38.757553, 38.556255}</coordx>
<coordy>{5.723032, 5.358458, 5.179320, 5.184698, 5.374273, 5.741795, 6.278715, 6.963829, 7.779034, 8.696648, 9.672588}</coordy>
<xnbr_node0>{}</xnbr_node0>
<xnbr_node1>{}</xnbr_node1>
<xnbr_node2>{}</xnbr_node2>
<xnbr_node3>{}</xnbr_node3>
<xnbr_node4>{}</xnbr_node4>
<xnbr_node5>{}</xnbr_node5>
<xnbr_node6>{}</xnbr_node6>
<xnbr_node7>{}</xnbr_node7>
<xnbr_node8>{}</xnbr_node8>
<xnbr_node9>{}</xnbr_node9>
<xnbr_node10>{}</xnbr_node10>
<ynbr_node0>{}</ynbr_node0>
<ynbr_node1>{}</ynbr_node1>
<ynbr_node2>{}</ynbr_node2>
<ynbr_node3>{}</ynbr_node3>
<ynbr_node4>{}</ynbr_node4>
<ynbr_node5>{}</ynbr_node5>
<ynbr_node6>{}</ynbr_node6>
<ynbr_node7>{}</ynbr_node7>
<ynbr_node8>{}</ynbr_node8>
<ynbr_node9>{}</ynbr_node9>
<ynbr_node10>{}</ynbr_node10>
</xagent>
<xagent>
<name>Sporo</name>
<id>9</id>
<iter>1601</iter>
<FP>1.000000</FP>
<K0>0.200000</K0>
<TH0>2.941593</TH0>
<R0>0.998334</R0>
<coordx>{30.863771, 29.893087, 28.977985, 28.110138, 27.349041, 26.712227, 26.243481, 25.971464, 25.911329, 26.061262, 26.415453}</coordx>
<coordy>{6.901846, 7.124765, 7.532741, 8.084095, 8.701076, 9.453938, 10.325189, 11.281144, 12.274152, 13.259631, 14.192598}</coordy>
<xnbr_node0>{28.318733, 19.668154}</xnbr_node0>
<xnbr_node1>{27.636255, 20.390278}</xnbr_node1>
<xnbr_node2>{26.832438, 21.217125}</xnbr_node2>
<xnbr_node3>{25.939413, 22.120770}</xnbr_node3>
<xnbr_node4>{24.965544, 23.074732}</xnbr_node4>
<xnbr_node5>{23.969318, 24.055294}</xnbr_node5>
<xnbr_node6>{22.973660, 25.040400}</xnbr_node6>
<xnbr_node7>{22.045609, 26.009398}</xnbr_node7>
<xnbr_node8>{21.226093, 26.917625}</xnbr_node8>
<xnbr_node9>{20.534039, 27.733887}</xnbr_node9>
<xnbr_node10>{19.999672, 28.417072}</xnbr_node10>
<ynbr_node0>{7.538261, 12.748732}</ynbr_node0>
<ynbr_node1>{6.853549, 13.398065}</ynbr_node1>
<ynbr_node2>{6.289639, 13.912223}</ynbr_node2>
<ynbr_node3>{5.876976, 14.290608}</ynbr_node3>
<ynbr_node4>{5.625515, 14.530234}</ynbr_node4>
<ynbr_node5>{5.569134, 14.631766}</ynbr_node5>
<ynbr_node6>{5.720622, 14.570719}</ynbr_node6>
<ynbr_node7>{6.092452, 14.353711}</ynbr_node7>
<ynbr_node8>{6.659835, 13.961374}</ynbr_node8>
<ynbr_node9>{7.377516, 13.393221}</ynbr_node9>
<ynbr_node10>{8.222322, 12.673693}</ynbr_node10>
</xagent>
<xagent>
<name>Sporo</name>
<id>8</id>
<iter>1601</iter>
<FP>1.000000</FP>
<K0>0.200000</K0>
<TH0>2.941593</TH0>
<R0>0.998334</R0>
<coordx>{28.330444, 27.642242, 26.839731, 25.946173, 24.977472, 23.977379, 22.982603, 22.053988, 21.231159, 20.540091, 20.004723}</coordx>
<coordy>{7.537811, 6.854581, 6.292982, 5.881211, 5.627587, 5.567642, 5.716523, 6.084515, 6.651645, 7.369354, 8.213908}</coordy>
<xnbr_node0>{30.851749, 18.141460}</xnbr_node0>
<xnbr_node1>{29.883673, 19.136343}</xnbr_node1>
<xnbr_node2>{28.966192, 20.141075}</xnbr_node2>
<xnbr_node3>{28.101316, 21.097273}</xnbr_node3>
<xnbr_node4>{27.342377, 21.960979}</xnbr_node4>
<xnbr_node5>{26.706741, 22.694866}</xnbr_node5>
<xnbr_node6>{26.240421, 23.258324}</xnbr_node6>
<xnbr_node7>{25.968176, 23.624424}</xnbr_node7>
<xnbr_node8>{25.911495, 23.773682}</xnbr_node8>
<xnbr_node9>{26.060635, 23.714262}</xnbr_node9>
<xnbr_node10>{26.420258, 23.457233}</xnbr_node10>
<ynbr_node0>{6.898965, 12.374505}</ynbr_node0>
<ynbr_node1>{7.125475, 12.407537}</ynbr_node1>
<ynbr_node2>{7.535375, 12.267413}</ynbr_node2>
<ynbr_node3>{8.085708, 11.965843}</ynbr_node3>
<ynbr_node4>{8.704264, 11.478399}</ynbr_node4>
<ynbr_node5>{9.460940, 10.813946}</ynbr_node5>
<ynbr_node6>{10.332478, 9.999440}</ynbr_node6>
<ynbr_node7>{11.290432, 9.078289}</ynbr_node7>
<ynbr_node8>{12.286425, 8.106093}</ynbr_node8>
<ynbr_node9>{13.268225, 7.129158}</ynbr_node9>
<ynbr_node10>{14.201904, 6.182835}</ynbr_node10>
</xagent>
<xagent>
<name>Sporo</name>
<id>7</id>
<iter>1601</iter>
<FP>1.000000</FP>
<K0>0.200000</K0>
<TH0>2.941593</TH0>
<R0>0.998334</R0>
<coordx>{8.912824, 8.049929, 7.298481, 6.687525, 6.225837, 5.935883, 5.830725, 5.915036, 6.195751, 6.661183, 7.292847}</coordx>
<coordy>{8.528591, 9.029437, 9.691677, 10.486982, 11.377991, 12.332832, 13.325349, 14.318572, 15.273736, 16.158411, 16.924995}</coordy>
<xnbr_node0>{}</xnbr_node0>
<xnbr_node1>{}</xnbr_node1>
<xnbr_node2>{}</xnbr_node2>
<xnbr_node3>{}</xnbr_node3>
<xnbr_node4>{}</xnbr_node4>
<xnbr_node5>{}</xnbr_node5>
<xnbr_node6>{}</xnbr_node6>
<xnbr_node7>{}</xnbr_node7>
<xnbr_node8>{}</xnbr_node8>
<xnbr_node9>{}</xnbr_node9>
<xnbr_node10>{}</xnbr_node10>
<ynbr_node0>{}</ynbr_node0>
<ynbr_node1>{}</ynbr_node1>
<ynbr_node2>{}</ynbr_node2>
<ynbr_node3>{}</ynbr_node3>
<ynbr_node4>{}</ynbr_node4>
<ynbr_node5>{}</ynbr_node5>
<ynbr_node6>{}</ynbr_node6>
<ynbr_node7>{}</ynbr_node7>
<ynbr_node8>{}</ynbr_node8>
<ynbr_node9>{}</ynbr_node9>
<ynbr_node10>{}</ynbr_node10>
</xagent>
<xagent>
<name>Sporo</name>
<id>6</id>
<iter>1601</iter>
<FP>1.000000</FP>
<K0>0.200000</K0>
<TH0>2.941593</TH0>
<R0>0.998334</R0>
<coordx>{12.103961, 12.860454, 13.492331, 13.988487, 14.354712, 14.582061, 14.655210, 14.567799, 14.294894, 13.843086, 13.216061}</coordx>
<coordy>{22.108593, 21.459000, 20.683455, 19.819637, 18.892172, 17.918219, 16.928171, 15.938690, 14.987468, 14.095489, 13.322510}</coordy>
<xnbr_node0>{20.145336, 12.621904}</xnbr_node0>
<xnbr_node1>{19.188795, 13.182157}</xnbr_node1>
<xnbr_node2>{18.298954, 13.562706}</xnbr_node2>
<xnbr_node3>{17.515894, 13.755510}</xnbr_node3>
<xnbr_node4>{16.856140, 13.747195}</xnbr_node4>
<xnbr_node5>{16.355963, 13.547492}</xnbr_node5>
<xnbr_node6>{16.023062, 13.172293}</xnbr_node6>
<xnbr_node7>{15.877565, 12.650030}</xnbr_node7>
<xnbr_node8>{15.928322, 12.002344}</xnbr_node8>
<xnbr_node9>{16.174078, 11.228395}</xnbr_node9>
<xnbr_node10>{16.611847, 10.346305}</xnbr_node10>
<ynbr_node0>{17.046352, 28.288628}</ynbr_node0>
<ynbr_node1>{17.333271, 27.461149}</ynbr_node1>
<ynbr_node2>{17.797306, 26.535400}</ynbr_node2>
<ynbr_node3>{18.416353, 25.557184}</ynbr_node3>
<ynbr_node4>{19.166180, 24.554953}</ynbr_node4>
<ynbr_node5>{20.028055, 23.572994}</ynbr_node5>
<ynbr_node6>{20.969151, 22.643879}</ynbr_node6>
<ynbr_node7>{21.955359, 21.788750}</ynbr_node7>
<ynbr_node8>{22.953367, 21.023863}</ynbr_node8>
<ynbr_node9>{23.922098, 20.388266}</ynbr_node9>
<ynbr_node10>{24.818186, 19.914515}</ynbr_node10>
</xagent>
<xagent>
<name>Sporo</name>
<id>5</id>
<iter>1601</iter>
<FP>1.000000</FP>
<K0>0.200000</K0>
<TH0>2.941593</TH0>
<R0>0.998334</R0>
<coordx>{49.221283, 49.821796, 50.566601, 51.419426, 52.357944, 53.336540, 54.335312, 55.316692, 56.238956, 57.064301, 57.754044}</coordx>
<coordy>{12.235412, 13.032412, 13.701775, 14.222575, 14.579876, 14.760189, 14.757337, 14.560954, 14.176818, 13.616425, 12.891953}</coordy>
<xnbr_node0>{}</xnbr_node0>
<xnbr_node1>{}</xnbr_node1>
<xnbr_node2>{}</xnbr_node2>
<xnbr_node3>{}</xnbr_node3>
<xnbr_node4>{}</xnbr_node4>
<xnbr_node5>{}</xnbr_node5>
<xnbr_node6>{}</xnbr_node6>
<xnbr_node7>{}</xnbr_node7>
<xnbr_node8>{}</xnbr_node8>
<xnbr_node9>{}</xnbr_node9>
<xnbr_node10>{}</xnbr_node10>
<ynbr_node0>{}</ynbr_node0>
<ynbr_node1>{}</ynbr_node1>
<ynbr_node2>{}</ynbr_node2>
<ynbr_node3>{}</ynbr_node3>
<ynbr_node4>{}</ynbr_node4>
<ynbr_node5>{}</ynbr_node5>
<ynbr_node6>{}</ynbr_node6>
<ynbr_node7>{}</ynbr_node7>
<ynbr_node8>{}</ynbr_node8>
<ynbr_node9>{}</ynbr_node9>
<ynbr_node10>{}</ynbr_node10>
</xagent>
<xagent>
<name>Sporo</name>
<id>4</id>
<iter>1601</iter>
<FP>1.000000</FP>
<K0>0.200000</K0>
<TH0>2.941593</TH0>
<R0>0.998334</R0>
<coordx>{52.826317, 52.536011, 52.063046, 51.439888, 50.677437, 49.813335, 48.864918, 47.876598, 46.881794, 45.917431, 45.029823}</coordx>
<coordy>{60.074623, 59.122604, 58.234024, 57.452213, 56.803234, 56.309715, 55.982101, 55.839413, 55.895802, 56.149422, 56.600014}</coordy>
<xnbr_node0>{50.718185, 54.403557, 50.911739}</xnbr_node0>
<xnbr_node1>{51.085804, 54.769417, 51.506809}</xnbr_node1>
<xnbr_node2>{51.622116, 54.955376, 52.237679}</xnbr_node2>
<xnbr_node3>{52.288418, 54.951210, 53.065132}</xnbr_node3>
<xnbr_node4>{53.070042, 54.763565, 53.970222}</xnbr_node4>
<xnbr_node5>{53.955654, 54.394138, 54.928543}</xnbr_node5>
<xnbr_node6>{54.911636, 53.863770, 55.917149}</xnbr_node6>
<xnbr_node7>{55.903606, 53.184654, 56.919758}</xnbr_node7>
<xnbr_node8>{56.887203, 52.378281, 57.909374}</xnbr_node8>
<xnbr_node9>{57.807640, 51.471638, 58.864265}</xnbr_node9>
<xnbr_node10>{58.633869, 50.499809, 59.738327}</xnbr_node10>
<ynbr_node0>{58.619610, 56.266117, 60.586414}</ynbr_node0>
<ynbr_node1>{59.549110, 55.338486, 61.391750}</ynbr_node1>
<ynbr_node2>{60.392975, 54.353313, 62.084011}</ynbr_node2>
<ynbr_node3>{61.135464, 53.352875, 62.652191}</ynbr_node3>
<ynbr_node4>{61.750305, 52.372246, 63.092979}</ynbr_node4>
<ynbr_node5>{62.208759, 51.441189, 63.410793}</ynbr_node5>
<ynbr_node6>{62.471321, 50.596882, 63.590420}</ynbr_node6>
<ynbr_node7>{62.521114, 49.862663, 63.619972}</ynbr_node7>
<ynbr_node8>{62.352390, 49.273247, 63.491238}</ynbr_node8>
<ynbr_node9>{61.977638, 48.850681, 63.186462}</ynbr_node9>
<ynbr_node10>{61.417255, 48.631187, 62.699818}</ynbr_node10>
</xagent>
<xagent>
<name>Sporo</name>
<id>3</id>
<iter>1601</iter>
<FP>1.000000</FP>
<K0>0.200000</K0>
<TH0>2.941593</TH0>
<R0>0.998334</R0>
<coordx>{28.125586, 27.431137, 26.877695, 26.462692, 26.176828, 26.004118, 25.942518, 25.997749, 26.196848, 26.550398, 27.068998}</coordx>
<coordy>{-6.451438, -5.732475, -4.897871, -3.983891, -3.030624, -2.037591, -1.031996, -0.031420, 0.949221, 1.886165, 2.739213}</coordy>
<xnbr_node0>{29.659943}</xnbr_node0>
<xnbr_node1>{28.850727}</xnbr_node1>
<xnbr_node2>{28.170677}</xnbr_node2>
<xnbr_node3>{27.637850}</xnbr_node3>
<xnbr_node4>{27.281982}</xnbr_node4>
<xnbr_node5>{27.137300}</xnbr_node5>
<xnbr_node6>{27.225857}</xnbr_node6>
<xnbr_node7>{27.548071}</xnbr_node7>
<xnbr_node8>{28.092142}</xnbr_node8>
<xnbr_node9>{28.812731}</xnbr_node9>
<xnbr_node10>{29.671091}</xnbr_node10>
<ynbr_node0>{-6.718586}</ynbr_node0>
<ynbr_node1>{-6.129784}</ynbr_node1>
<ynbr_node2>{-5.402298}</ynbr_node2>
<ynbr_node3>{-4.554111}</ynbr_node3>
<ynbr_node4>{-3.627243}</ynbr_node4>
<ynbr_node5>{-2.640926}</ynbr_node5>
<ynbr_node6>{-1.651592}</ynbr_node6>
<ynbr_node7>{-0.712139}</ynbr_node7>
<ynbr_node8>{0.121655}</ynbr_node8>
<ynbr_node9>{0.809669}</ynbr_node9>
<ynbr_node10>{1.320789}</ynbr_node10>
</xagent>
<xagent>
<name>Sporo</name>
<id>2</id>
<iter>1601</iter>
<FP>1.000000</FP>
<K0>0.200000</K0>
<TH0>2.941593</TH0>
<R0>0.998334</R0>
<coordx>{19.660559, 20.385145, 21.209604, 22.112696, 23.065666, 24.045542, 25.031956, 25.999517, 26.909218, 27.725599, 28.411644}</coordx>
<coordy>{12.743525, 13.393315, 13.909665, 14.289054, 14.531472, 14.629995, 14.573695, 14.358023, 13.965286, 13.399980, 12.680205}</coordy>
<xnbr_node0>{30.851749, 18.141460}</xnbr_node0>
<xnbr_node1>{29.883673, 19.136343}</xnbr_node1>
<xnbr_node2>{28.966192, 20.141075}</xnbr_node2>
<xnbr_node3>{28.101316, 21.097273}</xnbr_node3>
<xnbr_node4>{27.342377, 21.960979}</xnbr_node4>
<xnbr_node5>{26.706741, 22.694866}</xnbr_node5>
<xnbr_node6>{26.240421, 23.258324}</xnbr_node6>
<xnbr_node7>{25.968176, 23.624424}</xnbr_node7>
<xnbr_node8>{25.911495, 23.773682}</xnbr_node8>
<xnbr_node9>{26.060635, 23.714262}</xnbr_node9>
<xnbr_node10>{26.420258, 23.457233}</xnbr_node10>
<ynbr_node0>{6.898965, 12.374505}</ynbr_node0>
<ynbr_node1>{7.125475, 12.407537}</ynbr_node1>
<ynbr_node2>{7.535375, 12.267413}</ynbr_node2>
<ynbr_node3>{8.085708, 11.965843}</ynbr_node3>
<ynbr_node4>{8.704264, 11.478399}</ynbr_node4>
<ynbr_node5>{9.460940, 10.813946}</ynbr_node5>
<ynbr_node6>{10.332478, 9.999440}</ynbr_node6>
<ynbr_node7>{11.290432, 9.078289}</ynbr_node7>
<ynbr_node8>{12.286425, 8.106093}</ynbr_node8>
<ynbr_node9>{13.268225, 7.129158}</ynbr_node9>
<ynbr_node10>{14.201904, 6.182835}</ynbr_node10>
</xagent>
<xagent>
<name>Sporo</name>
<id>1</id>
<iter>1601</iter>
<FP>1.000000</FP>
<K0>0.200000</K0>
<TH0>2.941593</TH0>
<R0>0.998334</R0>
<coordx>{18.131651, 19.127367, 20.131580, 21.085300, 21.953135, 22.687893, 23.252344, 23.619667, 23.773455, 23.717211, 23.463459}</coordx>
<coordy>{12.372821, 12.403667, 12.269575, 11.969296, 11.486564, 10.822011, 10.008277, 9.086741, 8.117119, 7.138611, 6.188906}</coordy>
<xnbr_node0>{28.318733, 19.668154}</xnbr_node0>
<xnbr_node1>{27.636255, 20.390278}</xnbr_node1>
<xnbr_node2>{26.832438, 21.217125}</xnbr_node2>
<xnbr_node3>{25.939413, 22.120770}</xnbr_node3>
<xnbr_node4>{24.965544, 23.074732}</xnbr_node4>
<xnbr_node5>{23.969318, 24.055294}</xnbr_node5>
<xnbr_node6>{22.973660, 25.040400}</xnbr_node6>
<xnbr_node7>{22.045609, 26.009398}</xnbr_node7>
<xnbr_node8>{21.226093, 26.917625}</xnbr_node8>
<xnbr_node9>{20.534039, 27.733887}</xnbr_node9>
<xnbr_node10>{19.999672, 28.417072}</xnbr_node10>
<ynbr_node0>{7.538261, 12.748732}</ynbr_node0>
<ynbr_node1>{6.853549, 13.398065}</ynbr_node1>
<ynbr_node2>{6.289639, 13.912223}</ynbr_node2>
<ynbr_node3>{5.876976, 14.290608}</ynbr_node3>
<ynbr_node4>{5.625515, 14.530234}</ynbr_node4>
<ynbr_node5>{5.569134, 14.631766}</ynbr_node5>
<ynbr_node6>{5.720622, 14.570719}</ynbr_node6>
<ynbr_node7>{6.092452, 14.353711}</ynbr_node7>
<ynbr_node8>{6.659835, 13.961374}</ynbr_node8>
<ynbr_node9>{7.377516, 13.393221}</ynbr_node9>
<ynbr_node10>{8.222322, 12.673693}</ynbr_node10>
</xagent>
</states>
