<states>
<itno>301</itno>
<environment>
<NNODES>11</NNODES>
<WIDTH>0.450000</WIDTH>
<DT>0.010000</DT>
<NOISE>0.000100</NOISE>
<DELTA>1.800000</DELTA>
<KEL>30.000000</KEL>
<KI>0.020000</KI>
<KTH>4.000000</KTH>
<SIDEBOX>0.000000</SIDEBOX>
<SIDEX>60</SIDEX>
<SIDEY>60</SIDEY>
</environment>
<xagent>
<name>Sporo</name>
<id>36</id>
<iter>301</iter>
<FP>1.000000</FP>
<K0>0.200000</K0>
<TH0>2.941593</TH0>
<R0>0.998334</R0>
<coordx>{6.566473, 5.677231, 4.903562, 4.265955, 3.799653, 3.534963, 3.497203, 3.690699, 4.100552, 4.705176, 5.466485}</coordx>
<coordy>{-1.013444, -0.546442, 0.079509, 0.844302, 1.718685, 2.677429, 3.671350, 4.647228, 5.551536, 6.342009, 6.988917}</coordy>
<xnbr_node0>{2.247134}</xnbr_node0>
<xnbr_node1>{3.193596}</xnbr_node1>
<xnbr_node2>{4.062123}</xnbr_node2>
<xnbr_node3>{4.829098}</xnbr_node3>
<xnbr_node4>{5.456178}</xnbr_node4>
<xnbr_node5>{5.914275}</xnbr_node5>
<xnbr_node6>{6.160379}</xnbr_node6>
<xnbr_node7>{6.180627}</xnbr_node7>
<xnbr_node8>{5.974459}</xnbr_node8>
<xnbr_node9>{5.549531}</xnbr_node9>
<xnbr_node10>{4.939327}</xnbr_node10>
<ynbr_node0>{0.652039}</ynbr_node0>
<ynbr_node1>{0.338905}</ynbr_node1>
<ynbr_node2>{-0.147480}</ynbr_node2>
<ynbr_node3>{-0.788536}</ynbr_node3>
<ynbr_node4>{-1.560036}</ynbr_node4>
<ynbr_node5>{-2.446476}</ynbr_node5>
<ynbr_node6>{-3.409313}</ynbr_node6>
<ynbr_node7>{-4.406944}</ynbr_node7>
<ynbr_node8>{-5.380989}</ynbr_node8>
<ynbr_node9>{-6.277988}</ynbr_node9>
<ynbr_node10>{-7.065258}</ynbr_node10>
</xagent>
<xagent>
<name>Sporo</name>
<id>35</id>
<iter>301</iter>
<FP>1.000000</FP>
<K0>0.200000</K0>
<TH0>2.941593</TH0>
<R0>0.998334</R0>
<coordx>{59.982662, 59.910801, 59.644951, 59.199722, 58.597179, 57.856586, 57.002857, 56.067196, 55.079552, 54.085667, 53.124680}</coordx>
<coordy>{59.411884, 58.416145, 57.449741, 56.551369, 55.753090, 55.084778, 54.567204, 54.229099, 54.085217, 54.149086, 54.415333}</coordy>
<xnbr_node0>{}</xnbr_node0>
<xnbr_node1>{}</xnbr_node1>
<xnbr_node2>{}</xnbr_node2>
<xnbr_node3>{}</xnbr_node3>
<xnbr_node4>{}</xnbr_node4>
<xnbr_node5>{}</xnbr_node5>
<xnbr_node6>{}</xnbr_node6>
<xnbr_node7>{}</xnbr_node7>
<xnbr_node8>{}</xnbr_node8>
<xnbr_node9>{}</xnbr_node9>
<xnbr_node10>{}</xnbr_node10>
<ynbr_node0>{}</ynbr_node0>
<ynbr_node1>{}</ynbr_node1>
<ynbr_node2>{}</ynbr_node2>
<ynbr_node3>{}</ynbr_node3>
<ynbr_node4>{}</ynbr_node4>
<ynbr_node5>{}</ynbr_node5>
<ynbr_node6>{}</ynbr_node6>
<ynbr_node7>{}</ynbr_node7>
<ynbr_node8>{}</ynbr_node8>
<ynbr_node9>{}</ynbr_node9>
<ynbr_node10>{}</ynbr_node10>
</xagent>
<xagent>
<name>Sporo</name>
<id>34</id>
<iter>301</iter>
<FP>1.000000</FP>
<K0>0.200000</K0>
<TH0>2.941593</TH0>
<R0>0.998334</R0>
<coordx>{47.542900, 46.632343, 45.808987, 45.105545, 44.536282, 44.135311, 43.922749, 43.905296, 44.097504, 44.495064, 45.075436}</coordx>
<coordy>{48.883705, 49.286770, 49.860126, 50.571476, 51.395088, 52.304577, 53.280163, 54.274975, 55.251610, 56.161320, 56.972996}</coordy>
<xnbr_node0>{42.763653, 42.885559}</xnbr_node0>
<xnbr_node1>{43.660698, 42.458828}</xnbr_node1>
<xnbr_node2>{44.453026, 42.206806}</xnbr_node2>
<xnbr_node3>{45.128410, 42.139595}</xnbr_node3>
<xnbr_node4>{45.662327, 42.261890}</xnbr_node4>
<xnbr_node5>{46.021416, 42.569225}</xnbr_node5>
<xnbr_node6>{46.184074, 43.047852}</xnbr_node6>
<xnbr_node7>{46.137836, 43.692863}</xnbr_node7>
<xnbr_node8>{45.878124, 44.471413}</xnbr_node8>
<xnbr_node9>{45.426197, 45.367649}</xnbr_node9>
<xnbr_node10>{44.798725, 46.332150}</xnbr_node10>
<ynbr_node0>{51.196644, 58.693638}</ynbr_node0>
<ynbr_node1>{50.753094, 59.596867}</ynbr_node1>
<ynbr_node2>{50.151344, 60.562260}</ynbr_node2>
<ynbr_node3>{49.418953, 61.557659}</ynbr_node3>
<ynbr_node4>{48.574974, 62.550457}</ynbr_node4>
<ynbr_node5>{47.646126, 63.497887}</ynbr_node5>
<ynbr_node6>{46.660252, 64.378395}</ynbr_node6>
<ynbr_node7>{45.663063, 65.134941}</ynbr_node7>
<ynbr_node8>{44.700115, 65.756996}</ynbr_node8>
<ynbr_node9>{43.811909, 66.198746}</ynbr_node9>
<ynbr_node10>{43.035408, 66.453430}</ynbr_node10>
</xagent>
<xagent>
<name>Sporo</name>
<id>33</id>
<iter>301</iter>
<FP>1.000000</FP>
<K0>0.200000</K0>
<TH0>2.941593</TH0>
<R0>0.998334</R0>
<coordx>{32.350807, 33.273685, 34.107281, 34.823235, 35.396278, 35.803993, 36.029465, 36.057472, 35.887661, 35.516842, 34.964214}</coordx>
<coordy>{61.105873, 60.725361, 60.178833, 59.476021, 58.661312, 57.748672, 56.771866, 55.775837, 54.793957, 53.866867, 53.033859}</coordy>
<xnbr_node0>{}</xnbr_node0>
<xnbr_node1>{}</xnbr_node1>
<xnbr_node2>{}</xnbr_node2>
<xnbr_node3>{}</xnbr_node3>
<xnbr_node4>{}</xnbr_node4>
<xnbr_node5>{}</xnbr_node5>
<xnbr_node6>{}</xnbr_node6>
<xnbr_node7>{}</xnbr_node7>
<xnbr_node8>{}</xnbr_node8>
<xnbr_node9>{}</xnbr_node9>
<xnbr_node10>{}</xnbr_node10>
<ynbr_node0>{}</ynbr_node0>
<ynbr_node1>{}</ynbr_node1>
<ynbr_node2>{}</ynbr_node2>
<ynbr_node3>{}</ynbr_node3>
<ynbr_node4>{}</ynbr_node4>
<ynbr_node5>{}</ynbr_node5>
<ynbr_node6>{}</ynbr_node6>
<ynbr_node7>{}</ynbr_node7>
<ynbr_node8>{}</ynbr_node8>
<ynbr_node9>{}</ynbr_node9>
<ynbr_node10>{}</ynbr_node10>
</xagent>
<xagent>
<name>Sporo</name>
<id>32</id>
<iter>301</iter>
<FP>1.000000</FP>
<K0>0.200000</K0>
<TH0>2.941593</TH0>
<R0>0.998334</R0>
<coordx>{19.340483, 20.313782, 21.312517, 22.300919, 23.241766, 24.102591, 24.845406, 25.444174, 25.865316, 26.087790, 26.109005}</coordx>
<coordy>{58.457783, 58.679329, 58.716831, 58.564106, 58.225246, 57.712799, 57.047916, 56.249374, 55.345871, 54.376526, 53.377693}</coordy>
<xnbr_node0>{}</xnbr_node0>
<xnbr_node1>{}</xnbr_node1>
<xnbr_node2>{}</xnbr_node2>
<xnbr_node3>{}</xnbr_node3>
<xnbr_node4>{}</xnbr_node4>
<xnbr_node5>{}</xnbr_node5>
<xnbr_node6>{}</xnbr_node6>
<xnbr_node7>{}</xnbr_node7>
<xnbr_node8>{}</xnbr_node8>
<xnbr_node9>{}</xnbr_node9>
<xnbr_node10>{}</xnbr_node10>
<ynbr_node0>{}</ynbr_node0>
<ynbr_node1>{}</ynbr_node1>
<ynbr_node2>{}</ynbr_node2>
<ynbr_node3>{}</ynbr_node3>
<ynbr_node4>{}</ynbr_node4>
<ynbr_node5>{}</ynbr_node5>
<ynbr_node6>{}</ynbr_node6>
<ynbr_node7>{}</ynbr_node7>
<ynbr_node8>{}</ynbr_node8>
<ynbr_node9>{}</ynbr_node9>
<ynbr_node10>{}</ynbr_node10>
</xagent>
<xagent>
<name>Sporo</name>
<id>31</id>
<iter>301</iter>
<FP>1.000000</FP>
<K0>0.200000</K0>
<TH0>2.941593</TH0>
<R0>0.998334</R0>
<coordx>{8.317806, 9.011032, 9.827002, 10.733688, 11.702225, 12.701252, 13.693670, 14.640374, 15.505814, 16.248255, 16.833242}</coordx>
<coordy>{54.675133, 55.394455, 55.974964, 56.393017, 56.636688, 56.697716, 56.568493, 56.249733, 55.748981, 55.080585, 54.269260}</coordy>
<xnbr_node0>{}</xnbr_node0>
<xnbr_node1>{}</xnbr_node1>
<xnbr_node2>{}</xnbr_node2>
<xnbr_node3>{}</xnbr_node3>
<xnbr_node4>{}</xnbr_node4>
<xnbr_node5>{}</xnbr_node5>
<xnbr_node6>{}</xnbr_node6>
<xnbr_node7>{}</xnbr_node7>
<xnbr_node8>{}</xnbr_node8>
<xnbr_node9>{}</xnbr_node9>
<xnbr_node10>{}</xnbr_node10>
<ynbr_node0>{}</ynbr_node0>
<ynbr_node1>{}</ynbr_node1>
<ynbr_node2>{}</ynbr_node2>
<ynbr_node3>{}</ynbr_node3>
<ynbr_node4>{}</ynbr_node4>
<ynbr_node5>{}</ynbr_node5>
<ynbr_node6>{}</ynbr_node6>
<ynbr_node7>{}</ynbr_node7>
<ynbr_node8>{}</ynbr_node8>
<ynbr_node9>{}</ynbr_node9>
<ynbr_node10>{}</ynbr_node10>
</xagent>
<xagent>
<name>Sporo</name>
<id>30</id>
<iter>301</iter>
<FP>1.000000</FP>
<K0>0.200000</K0>
<TH0>2.941593</TH0>
<R0>0.998334</R0>
<coordx>{2.237240, 3.182977, 4.054399, 4.822673, 5.450669, 5.910966, 6.160666, 6.184092, 5.977845, 5.555463, 4.946167}</coordx>
<coordy>{60.654766, 60.345467, 59.857338, 59.217964, 58.449993, 57.561886, 56.602028, 55.605549, 54.630371, 53.729481, 52.938782}</coordy>
<xnbr_node0>{6.556126}</xnbr_node0>
<xnbr_node1>{5.670969}</xnbr_node1>
<xnbr_node2>{4.897610}</xnbr_node2>
<xnbr_node3>{4.262605}</xnbr_node3>
<xnbr_node4>{3.797249}</xnbr_node4>
<xnbr_node5>{3.531749}</xnbr_node5>
<xnbr_node6>{3.498152}</xnbr_node6>
<xnbr_node7>{3.693965}</xnbr_node7>
<xnbr_node8>{4.107890}</xnbr_node8>
<xnbr_node9>{4.712582}</xnbr_node9>
<xnbr_node10>{5.474316}</xnbr_node10>
<ynbr_node0>{58.986786}</ynbr_node0>
<ynbr_node1>{59.459621}</ynbr_node1>
<ynbr_node2>{60.087719}</ynbr_node2>
<ynbr_node3>{60.851261}</ynbr_node3>
<ynbr_node4>{61.733196}</ynbr_node4>
<ynbr_node5>{62.688313}</ynbr_node5>
<ynbr_node6>{63.680946}</ynbr_node6>
<ynbr_node7>{64.655235}</ynbr_node7>
<ynbr_node8>{65.559120}</ynbr_node8>
<ynbr_node9>{66.352890}</ynbr_node9>
<ynbr_node10>{66.995781}</ynbr_node10>
</xagent>
<xagent>
<name>Sporo</name>
<id>29</id>
<iter>301</iter>
<FP>1.000000</FP>
<K0>0.200000</K0>
<TH0>2.941593</TH0>
<R0>0.998334</R0>
<coordx>{48.418098, 49.021072, 49.768398, 50.625389, 51.563824, 52.543030, 53.541580, 54.512226, 55.425667, 56.232437, 56.900803}</coordx>
<coordy>{43.977386, 44.770126, 45.430222, 45.948174, 46.290516, 46.460636, 46.437691, 46.220448, 45.811043, 45.216976, 44.484474}</coordy>
<xnbr_node0>{}</xnbr_node0>
<xnbr_node1>{}</xnbr_node1>
<xnbr_node2>{}</xnbr_node2>
<xnbr_node3>{}</xnbr_node3>
<xnbr_node4>{}</xnbr_node4>
<xnbr_node5>{}</xnbr_node5>
<xnbr_node6>{}</xnbr_node6>
<xnbr_node7>{}</xnbr_node7>
<xnbr_node8>{}</xnbr_node8>
<xnbr_node9>{}</xnbr_node9>
<xnbr_node10>{}</xnbr_node10>
<ynbr_node0>{}</ynbr_node0>
<ynbr_node1>{}</ynbr_node1>
<ynbr_node2>{}</ynbr_node2>
<ynbr_node3>{}</ynbr_node3>
<ynbr_node4>{}</ynbr_node4>
<ynbr_node5>{}</ynbr_node5>
<ynbr_node6>{}</ynbr_node6>
<ynbr_node7>{}</ynbr_node7>
<ynbr_node8>{}</ynbr_node8>
<ynbr_node9>{}</ynbr_node9>
<ynbr_node10>{}</ynbr_node10>
</xagent>
<xagent>
<name>Sporo</name>
<id>28</id>
<iter>301</iter>
<FP>1.000000</FP>
<K0>0.200000</K0>
<TH0>2.941593</TH0>
<R0>0.998334</R0>
<coordx>{42.754063, 43.651390, 44.445026, 45.124966, 45.657505, 46.018280, 46.181553, 46.138313, 45.878662, 45.429573, 44.803539}</coordx>
<coordy>{51.200871, 50.759064, 50.158764, 49.426060, 48.583881, 47.654903, 46.671505, 45.673302, 44.709152, 43.818962, 43.043316}</coordy>
<xnbr_node0>{47.533585}</xnbr_node0>
<xnbr_node1>{46.620880}</xnbr_node1>
<xnbr_node2>{45.800472}</xnbr_node2>
<xnbr_node3>{45.100586}</xnbr_node3>
<xnbr_node4>{44.531929}</xnbr_node4>
<xnbr_node5>{44.131207}</xnbr_node5>
<xnbr_node6>{43.921410}</xnbr_node6>
<xnbr_node7>{43.905663}</xnbr_node7>
<xnbr_node8>{44.100365}</xnbr_node8>
<xnbr_node9>{44.497990}</xnbr_node9>
<xnbr_node10>{45.081062}</xnbr_node10>
<ynbr_node0>{48.886887}</ynbr_node0>
<ynbr_node1>{49.290760}</ynbr_node1>
<ynbr_node2>{49.866776}</ynbr_node2>
<ynbr_node3>{50.579605}</ynbr_node3>
<ynbr_node4>{51.402126}</ynbr_node4>
<ynbr_node5>{52.314045}</ynbr_node5>
<ynbr_node6>{53.288841}</ynbr_node6>
<ynbr_node7>{54.284958}</ynbr_node7>
<ynbr_node8>{55.262154}</ynbr_node8>
<ynbr_node9>{56.171745}</ynbr_node9>
<ynbr_node10>{56.979866}</ynbr_node10>
</xagent>
<xagent>
<name>Sporo</name>
<id>27</id>
<iter>301</iter>
<FP>1.000000</FP>
<K0>0.200000</K0>
<TH0>2.941593</TH0>
<R0>0.998334</R0>
<coordx>{37.927925, 36.990528, 36.126472, 35.378822, 34.767078, 34.316338, 34.044033, 33.970924, 34.098751, 34.424324, 34.941795}</coordx>
<coordy>{39.035954, 39.361275, 39.872929, 40.534595, 41.325840, 42.220985, 43.178875, 44.174408, 45.163681, 46.101715, 46.956764}</coordy>
<xnbr_node0>{}</xnbr_node0>
<xnbr_node1>{}</xnbr_node1>
<xnbr_node2>{}</xnbr_node2>
<xnbr_node3>{}</xnbr_node3>
<xnbr_node4>{}</xnbr_node4>
<xnbr_node5>{}</xnbr_node5>
<xnbr_node6>{}</xnbr_node6>
<xnbr_node7>{}</xnbr_node7>
<xnbr_node8>{}</xnbr_node8>
<xnbr_node9>{}</xnbr_node9>
<xnbr_node10>{}</xnbr_node10>
<ynbr_node0>{}</ynbr_node0>
<ynbr_node1>{}</ynbr_node1>
<ynbr_node2>{}</ynbr_node2>
<ynbr_node3>{}</ynbr_node3>
<ynbr_node4>{}</ynbr_node4>
<ynbr_node5>{}</ynbr_node5>
<ynbr_node6>{}</ynbr_node6>
<ynbr_node7>{}</ynbr_node7>
<ynbr_node8>{}</ynbr_node8>
<ynbr_node9>{}</ynbr_node9>
<ynbr_node10>{}</ynbr_node10>
</xagent>
<xagent>
<name>Sporo</name>
<id>26</id>
<iter>301</iter>
<FP>1.000000</FP>
<K0>0.200000</K0>
<TH0>2.941593</TH0>
<R0>0.998334</R0>
<coordx>{19.259186, 19.527580, 19.974552, 20.571289, 21.314381, 22.163116, 23.098068, 24.086050, 25.086245, 26.051113, 26.951023}</coordx>
<coordy>{41.583523, 42.547073, 43.442558, 44.236469, 44.915257, 45.438694, 45.788845, 45.944626, 45.902695, 45.661301, 45.230270}</coordy>
<xnbr_node0>{}</xnbr_node0>
<xnbr_node1>{}</xnbr_node1>
<xnbr_node2>{}</xnbr_node2>
<xnbr_node3>{}</xnbr_node3>
<xnbr_node4>{}</xnbr_node4>
<xnbr_node5>{}</xnbr_node5>
<xnbr_node6>{}</xnbr_node6>
<xnbr_node7>{}</xnbr_node7>
<xnbr_node8>{}</xnbr_node8>
<xnbr_node9>{}</xnbr_node9>
<xnbr_node10>{}</xnbr_node10>
<ynbr_node0>{}</ynbr_node0>
<ynbr_node1>{}</ynbr_node1>
<ynbr_node2>{}</ynbr_node2>
<ynbr_node3>{}</ynbr_node3>
<ynbr_node4>{}</ynbr_node4>
<ynbr_node5>{}</ynbr_node5>
<ynbr_node6>{}</ynbr_node6>
<ynbr_node7>{}</ynbr_node7>
<ynbr_node8>{}</ynbr_node8>
<ynbr_node9>{}</ynbr_node9>
<ynbr_node10>{}</ynbr_node10>
</xagent>
<xagent>
<name>Sporo</name>
<id>25</id>
<iter>301</iter>
<FP>1.000000</FP>
<K0>0.200000</K0>
<TH0>2.941593</TH0>
<R0>0.998334</R0>
<coordx>{8.386373, 8.999702, 9.759806, 10.622741, 11.564975, 12.547118, 13.547722, 14.517930, 15.425659, 16.229403, 16.892374}</coordx>
<coordy>{44.025955, 44.812370, 45.465576, 45.970810, 46.307232, 46.464520, 46.433784, 46.211212, 45.799366, 45.207115, 44.459511}</coordy>
<xnbr_node0>{-0.902038}</xnbr_node0>
<xnbr_node1>{-0.579406}</xnbr_node1>
<xnbr_node2>{-0.083592}</xnbr_node2>
<xnbr_node3>{0.565273}</xnbr_node3>
<xnbr_node4>{1.344125}</xnbr_node4>
<xnbr_node5>{2.230430}</xnbr_node5>
<xnbr_node6>{3.181803}</xnbr_node6>
<xnbr_node7>{4.176996}</xnbr_node7>
<xnbr_node8>{5.168078}</xnbr_node8>
<xnbr_node9>{6.112921}</xnbr_node9>
<xnbr_node10>{6.978166}</xnbr_node10>
<ynbr_node0>{41.984570}</ynbr_node0>
<ynbr_node1>{42.929623}</ynbr_node1>
<ynbr_node2>{43.797699}</ynbr_node2>
<ynbr_node3>{44.555359}</ynbr_node3>
<ynbr_node4>{45.176685}</ynbr_node4>
<ynbr_node5>{45.640518}</ynbr_node5>
<ynbr_node6>{45.927147}</ynbr_node6>
<ynbr_node7>{46.021053}</ynbr_node7>
<ynbr_node8>{45.911709}</ynbr_node8>
<ynbr_node9>{45.598270}</ynbr_node9>
<ynbr_node10>{45.098480}</ynbr_node10>
</xagent>
<xagent>
<name>Sporo</name>
<id>24</id>
<iter>301</iter>
<FP>1.000000</FP>
<K0>0.200000</K0>
<TH0>2.941593</TH0>
<R0>0.998334</R0>
<coordx>{-0.904872, -0.585809, -0.089630, 0.561132, 1.337109, 2.221649, 3.173065, 4.167312, 5.157012, 6.103302, 6.967481}</coordx>
<coordy>{41.975407, 42.922016, 43.789242, 44.549461, 45.171196, 45.637173, 45.925323, 46.021832, 45.911129, 45.599361, 45.103477}</coordy>
<xnbr_node0>{8.390464, -0.720745}</xnbr_node0>
<xnbr_node1>{9.009652, -0.652935}</xnbr_node1>
<xnbr_node2>{9.764889, -0.775696}</xnbr_node2>
<xnbr_node3>{10.634025, -1.082390}</xnbr_node3>
<xnbr_node4>{11.575573, -1.555820}</xnbr_node4>
<xnbr_node5>{12.558021, -2.187168}</xnbr_node5>
<xnbr_node6>{13.557939, -2.955151}</xnbr_node6>
<xnbr_node7>{14.528548, -3.831055}</xnbr_node7>
<xnbr_node8>{15.435051, -4.784386}</xnbr_node8>
<xnbr_node9>{16.237539, -5.779991}</xnbr_node9>
<xnbr_node10>{16.899069, -6.771782}</xnbr_node10>
<ynbr_node0>{44.032410, 40.100510}</ynbr_node0>
<ynbr_node1>{44.816933, 39.103828}</ynbr_node1>
<ynbr_node2>{45.473339, 38.110897}</ynbr_node2>
<ynbr_node3>{45.975029, 37.158638}</ynbr_node3>
<ynbr_node4>{46.309711, 36.277897}</ynbr_node4>
<ynbr_node5>{46.465042, 35.506226}</ynbr_node5>
<ynbr_node6>{46.433819, 34.866150}</ynbr_node6>
<ynbr_node7>{46.207008, 34.398407}</ynbr_node7>
<ynbr_node8>{45.795830, 34.117310}</ynbr_node8>
<ynbr_node9>{45.200020, 34.035393}</ynbr_node9>
<ynbr_node10>{44.450989, 34.162651}</ynbr_node10>
</xagent>
<xagent>
<name>Sporo</name>
<id>23</id>
<iter>301</iter>
<FP>1.000000</FP>
<K0>0.200000</K0>
<TH0>2.941593</TH0>
<R0>0.998334</R0>
<coordx>{59.280106, 59.348511, 59.225727, 58.923615, 58.450466, 57.820240, 57.054554, 56.176582, 55.223831, 54.226307, 53.238457}</coordx>
<coordy>{40.109276, 39.114788, 38.121784, 37.169071, 36.287071, 35.512550, 34.871922, 34.403461, 34.118473, 34.034191, 34.160362}</coordy>
<xnbr_node0>{59.097961}</xnbr_node0>
<xnbr_node1>{59.420593}</xnbr_node1>
<xnbr_node2>{59.916409}</xnbr_node2>
<xnbr_node3>{60.565273}</xnbr_node3>
<xnbr_node4>{61.344124}</xnbr_node4>
<xnbr_node5>{62.230431}</xnbr_node5>
<xnbr_node6>{63.181801}</xnbr_node6>
<xnbr_node7>{64.176994}</xnbr_node7>
<xnbr_node8>{65.168076}</xnbr_node8>
<xnbr_node9>{66.112923}</xnbr_node9>
<xnbr_node10>{66.978165}</xnbr_node10>
<ynbr_node0>{41.984570}</ynbr_node0>
<ynbr_node1>{42.929623}</ynbr_node1>
<ynbr_node2>{43.797699}</ynbr_node2>
<ynbr_node3>{44.555359}</ynbr_node3>
<ynbr_node4>{45.176685}</ynbr_node4>
<ynbr_node5>{45.640518}</ynbr_node5>
<ynbr_node6>{45.927147}</ynbr_node6>
<ynbr_node7>{46.021053}</ynbr_node7>
<ynbr_node8>{45.911709}</ynbr_node8>
<ynbr_node9>{45.598270}</ynbr_node9>
<ynbr_node10>{45.098480}</ynbr_node10>
</xagent>
<xagent>
<name>Sporo</name>
<id>22</id>
<iter>301</iter>
<FP>1.000000</FP>
<K0>0.200000</K0>
<TH0>2.941593</TH0>
<R0>0.998334</R0>
<coordx>{38.557728, 39.081772, 39.758194, 40.561901, 41.466995, 42.433029, 43.429684, 44.420834, 45.357395, 46.215374, 46.946743}</coordx>
<coordy>{33.381763, 34.231319, 34.973938, 35.568512, 36.001877, 36.253754, 36.315475, 36.181522, 35.848873, 35.335567, 34.656548}</coordy>
<xnbr_node0>{29.622183}</xnbr_node0>
<xnbr_node1>{29.809275}</xnbr_node1>
<xnbr_node2>{30.171465}</xnbr_node2>
<xnbr_node3>{30.695543}</xnbr_node3>
<xnbr_node4>{31.355757}</xnbr_node4>
<xnbr_node5>{32.147022}</xnbr_node5>
<xnbr_node6>{33.041695}</xnbr_node6>
<xnbr_node7>{34.004635}</xnbr_node7>
<xnbr_node8>{35.000046}</xnbr_node8>
<xnbr_node9>{35.983776}</xnbr_node9>
<xnbr_node10>{36.920471}</xnbr_node10>
<ynbr_node0>{31.075737}</ynbr_node0>
<ynbr_node1>{32.045704}</ynbr_node1>
<ynbr_node2>{32.967335}</ynbr_node2>
<ynbr_node3>{33.815346}</ynbr_node3>
<ynbr_node4>{34.554756}</ynbr_node4>
<ynbr_node5>{35.162407}</ynbr_node5>
<ynbr_node6>{35.604233}</ynbr_node6>
<ynbr_node7>{35.866165}</ynbr_node7>
<ynbr_node8>{35.924229}</ynbr_node8>
<ynbr_node9>{35.783333}</ynbr_node9>
<ynbr_node10>{35.443512}</ynbr_node10>
</xagent>
<xagent>
<name>Sporo</name>
<id>21</id>
<iter>301</iter>
<FP>1.000000</FP>
<K0>0.200000</K0>
<TH0>2.941593</TH0>
<R0>0.998334</R0>
<coordx>{29.620047, 29.804756, 30.166523, 30.688423, 31.351236, 32.139385, 33.031643, 33.994934, 34.989178, 35.974384, 36.910740}</coordx>
<coordy>{31.066015, 32.036983, 32.959476, 33.806358, 34.551319, 35.156963, 35.603378, 35.863888, 35.927448, 35.786106, 35.444645}</coordy>
<xnbr_node0>{38.566341, 30.101973}</xnbr_node0>
<xnbr_node1>{39.088047, 29.094294}</xnbr_node1>
<xnbr_node2>{39.765308, 28.102573}</xnbr_node2>
<xnbr_node3>{40.571842, 27.153368}</xnbr_node3>
<xnbr_node4>{41.475838, 26.279074}</xnbr_node4>
<xnbr_node5>{42.442211, 25.504747}</xnbr_node5>
<xnbr_node6>{43.439655, 24.869318}</xnbr_node6>
<xnbr_node7>{44.431404, 24.401432}</xnbr_node7>
<xnbr_node8>{45.370464, 24.116657}</xnbr_node8>
<xnbr_node9>{46.224285, 24.037962}</xnbr_node9>
<xnbr_node10>{46.950466, 24.166054}</xnbr_node10>
<ynbr_node0>{33.389771, 30.559509}</ynbr_node0>
<ynbr_node1>{34.240650, 30.563131}</ynbr_node1>
<ynbr_node2>{34.981754, 30.738802}</ynbr_node2>
<ynbr_node3>{35.574757, 31.072031}</ynbr_node3>
<ynbr_node4>{36.004185, 31.554949}</ynbr_node4>
<ynbr_node5>{36.256058, 32.189617}</ynbr_node5>
<ynbr_node6>{36.315544, 32.962875}</ynbr_node6>
<ynbr_node7>{36.180031, 33.844189}</ynbr_node7>
<ynbr_node8>{35.847439, 34.801342}</ynbr_node8>
<ynbr_node9>{35.329250, 35.795891}</ynbr_node9>
<ynbr_node10>{34.650833, 36.786476}</ynbr_node10>
</xagent>
<xagent>
<name>Sporo</name>
<id>20</id>
<iter>301</iter>
<FP>1.000000</FP>
<K0>0.200000</K0>
<TH0>2.941593</TH0>
<R0>0.998334</R0>
<coordx>{30.110071, 29.102652, 28.113354, 27.167429, 26.286837, 25.512993, 24.875509, 24.403505, 24.121540, 24.038639, 24.163792}</coordx>
<coordy>{30.553627, 30.559851, 30.733366, 31.068760, 31.549894, 32.183186, 32.954296, 33.835407, 34.794186, 35.786114, 36.777351}</coordy>
<xnbr_node0>{29.622183}</xnbr_node0>
<xnbr_node1>{29.809275}</xnbr_node1>
<xnbr_node2>{30.171465}</xnbr_node2>
<xnbr_node3>{30.695543}</xnbr_node3>
<xnbr_node4>{31.355757}</xnbr_node4>
<xnbr_node5>{32.147022}</xnbr_node5>
<xnbr_node6>{33.041695}</xnbr_node6>
<xnbr_node7>{34.004635}</xnbr_node7>
<xnbr_node8>{35.000046}</xnbr_node8>
<xnbr_node9>{35.983776}</xnbr_node9>
<xnbr_node10>{36.920471}</xnbr_node10>
<ynbr_node0>{31.075737}</ynbr_node0>
<ynbr_node1>{32.045704}</ynbr_node1>
<ynbr_node2>{32.967335}</ynbr_node2>
<ynbr_node3>{33.815346}</ynbr_node3>
<ynbr_node4>{34.554756}</ynbr_node4>
<ynbr_node5>{35.162407}</ynbr_node5>
<ynbr_node6>{35.604233}</ynbr_node6>
<ynbr_node7>{35.866165}</ynbr_node7>
<ynbr_node8>{35.924229}</ynbr_node8>
<ynbr_node9>{35.783333}</ynbr_node9>
<ynbr_node10>{35.443512}</ynbr_node10>
</xagent>
<xagent>
<name>Sporo</name>
<id>19</id>
<iter>301</iter>
<FP>1.000000</FP>
<K0>0.200000</K0>
<TH0>2.941593</TH0>
<R0>0.998334</R0>
<coordx>{21.386787, 20.503136, 19.546890, 18.559040, 17.556238, 16.596380, 15.702471, 14.912687, 14.263761, 13.781305, 13.481832}</coordx>
<coordy>{33.134548, 32.672367, 32.385853, 32.284504, 32.370113, 32.636539, 33.083164, 33.696140, 34.456188, 35.328579, 36.279007}</coordy>
<xnbr_node0>{}</xnbr_node0>
<xnbr_node1>{}</xnbr_node1>
<xnbr_node2>{}</xnbr_node2>
<xnbr_node3>{}</xnbr_node3>
<xnbr_node4>{}</xnbr_node4>
<xnbr_node5>{}</xnbr_node5>
<xnbr_node6>{}</xnbr_node6>
<xnbr_node7>{}</xnbr_node7>
<xnbr_node8>{}</xnbr_node8>
<xnbr_node9>{}</xnbr_node9>
<xnbr_node10>{}</xnbr_node10>
<ynbr_node0>{}</ynbr_node0>
<ynbr_node1>{}</ynbr_node1>
<ynbr_node2>{}</ynbr_node2>
<ynbr_node3>{}</ynbr_node3>
<ynbr_node4>{}</ynbr_node4>
<ynbr_node5>{}</ynbr_node5>
<ynbr_node6>{}</ynbr_node6>
<ynbr_node7>{}</ynbr_node7>
<ynbr_node8>{}</ynbr_node8>
<ynbr_node9>{}</ynbr_node9>
<ynbr_node10>{}</ynbr_node10>
</xagent>
<xagent>
<name>Sporo</name>
<id>18</id>
<iter>301</iter>
<FP>1.000000</FP>
<K0>0.200000</K0>
<TH0>2.941593</TH0>
<R0>0.998334</R0>
<coordx>{8.893062, 7.913531, 6.981783, 6.135026, 5.399179, 4.806992, 4.375432, 4.130046, 4.085958, 4.241971, 4.599835}</coordx>
<coordy>{29.571329, 29.756601, 30.119869, 30.650831, 31.333004, 32.132233, 33.035610, 34.000591, 34.995228, 35.980892, 36.911655}</coordy>
<xnbr_node0>{}</xnbr_node0>
<xnbr_node1>{}</xnbr_node1>
<xnbr_node2>{}</xnbr_node2>
<xnbr_node3>{}</xnbr_node3>
<xnbr_node4>{}</xnbr_node4>
<xnbr_node5>{}</xnbr_node5>
<xnbr_node6>{}</xnbr_node6>
<xnbr_node7>{}</xnbr_node7>
<xnbr_node8>{}</xnbr_node8>
<xnbr_node9>{}</xnbr_node9>
<xnbr_node10>{}</xnbr_node10>
<ynbr_node0>{}</ynbr_node0>
<ynbr_node1>{}</ynbr_node1>
<ynbr_node2>{}</ynbr_node2>
<ynbr_node3>{}</ynbr_node3>
<ynbr_node4>{}</ynbr_node4>
<ynbr_node5>{}</ynbr_node5>
<ynbr_node6>{}</ynbr_node6>
<ynbr_node7>{}</ynbr_node7>
<ynbr_node8>{}</ynbr_node8>
<ynbr_node9>{}</ynbr_node9>
<ynbr_node10>{}</ynbr_node10>
</xagent>
<xagent>
<name>Sporo</name>
<id>17</id>
<iter>301</iter>
<FP>1.000000</FP>
<K0>0.200000</K0>
<TH0>2.941593</TH0>
<R0>0.998334</R0>
<coordx>{59.433945, 59.469650, 59.315247, 58.985737, 58.487686, 57.836819, 57.056633, 56.163239, 55.201050, 54.202881, 53.214607}</coordx>
<coordy>{29.986555, 28.988010, 27.999695, 27.053793, 26.186218, 25.426676, 24.803885, 24.349884, 24.089005, 24.036184, 24.190670}</coordy>
<xnbr_node0>{}</xnbr_node0>
<xnbr_node1>{}</xnbr_node1>
<xnbr_node2>{}</xnbr_node2>
<xnbr_node3>{}</xnbr_node3>
<xnbr_node4>{}</xnbr_node4>
<xnbr_node5>{}</xnbr_node5>
<xnbr_node6>{}</xnbr_node6>
<xnbr_node7>{}</xnbr_node7>
<xnbr_node8>{}</xnbr_node8>
<xnbr_node9>{}</xnbr_node9>
<xnbr_node10>{}</xnbr_node10>
<ynbr_node0>{}</ynbr_node0>
<ynbr_node1>{}</ynbr_node1>
<ynbr_node2>{}</ynbr_node2>
<ynbr_node3>{}</ynbr_node3>
<ynbr_node4>{}</ynbr_node4>
<ynbr_node5>{}</ynbr_node5>
<ynbr_node6>{}</ynbr_node6>
<ynbr_node7>{}</ynbr_node7>
<ynbr_node8>{}</ynbr_node8>
<ynbr_node9>{}</ynbr_node9>
<ynbr_node10>{}</ynbr_node10>
</xagent>
<xagent>
<name>Sporo</name>
<id>16</id>
<iter>301</iter>
<FP>1.000000</FP>
<K0>0.200000</K0>
<TH0>2.941593</TH0>
<R0>0.998334</R0>
<coordx>{38.767597, 39.651291, 40.615311, 41.633560, 42.619572, 43.550842, 44.403145, 45.144581, 45.742989, 46.170727, 46.407322}</coordx>
<coordy>{27.322107, 27.794533, 28.056416, 28.085390, 27.886234, 27.505285, 26.970016, 26.291073, 25.494329, 24.589462, 23.616245}</coordy>
<xnbr_node0>{41.154930}</xnbr_node0>
<xnbr_node1>{40.709785}</xnbr_node1>
<xnbr_node2>{40.120037}</xnbr_node2>
<xnbr_node3>{39.415859}</xnbr_node3>
<xnbr_node4>{38.615993}</xnbr_node4>
<xnbr_node5>{37.723629}</xnbr_node5>
<xnbr_node6>{36.769012}</xnbr_node6>
<xnbr_node7>{35.780895}</xnbr_node7>
<xnbr_node8>{34.797699}</xnbr_node8>
<xnbr_node9>{33.859516}</xnbr_node9>
<xnbr_node10>{33.005577}</xnbr_node10>
<ynbr_node0>{27.635687}</ynbr_node0>
<ynbr_node1>{26.760717}</ynbr_node1>
<ynbr_node2>{25.968712}</ynbr_node2>
<ynbr_node3>{25.276636}</ynbr_node3>
<ynbr_node4>{24.704233}</ynbr_node4>
<ynbr_node5>{24.276495}</ynbr_node5>
<ynbr_node6>{24.019831}</ynbr_node6>
<ynbr_node7>{23.953415}</ynbr_node7>
<ynbr_node8>{24.087982}</ynbr_node8>
<ynbr_node9>{24.416491}</ynbr_node9>
<ynbr_node10>{24.931206}</ynbr_node10>
</xagent>
<xagent>
<name>Sporo</name>
<id>15</id>
<iter>301</iter>
<FP>1.000000</FP>
<K0>0.200000</K0>
<TH0>2.941593</TH0>
<R0>0.998334</R0>
<coordx>{41.153809, 40.715965, 40.127716, 39.425182, 38.624752, 37.733078, 36.777637, 35.789654, 34.806171, 33.868683, 33.014153}</coordx>
<coordy>{27.643476, 26.767141, 25.975014, 25.279768, 24.706795, 24.279537, 24.021360, 23.953657, 24.084747, 24.413088, 24.929461}</coordy>
<xnbr_node0>{38.776733}</xnbr_node0>
<xnbr_node1>{39.660614}</xnbr_node1>
<xnbr_node2>{40.626862}</xnbr_node2>
<xnbr_node3>{41.642593}</xnbr_node3>
<xnbr_node4>{42.628670}</xnbr_node4>
<xnbr_node5>{43.559528}</xnbr_node5>
<xnbr_node6>{44.411919}</xnbr_node6>
<xnbr_node7>{45.153679}</xnbr_node7>
<xnbr_node8>{45.749557}</xnbr_node8>
<xnbr_node9>{46.176842}</xnbr_node9>
<xnbr_node10>{46.406685}</xnbr_node10>
<ynbr_node0>{27.325884}</ynbr_node0>
<ynbr_node1>{27.796354}</ynbr_node1>
<ynbr_node2>{28.059143}</ynbr_node2>
<ynbr_node3>{28.082785}</ynbr_node3>
<ynbr_node4>{27.880558}</ynbr_node4>
<ynbr_node5>{27.497976}</ynbr_node5>
<ynbr_node6>{26.963432}</ynbr_node6>
<ynbr_node7>{26.285704}</ynbr_node7>
<ynbr_node8>{25.486153}</ynbr_node8>
<ynbr_node9>{24.583027}</ynbr_node9>
<ynbr_node10>{23.607962}</ynbr_node10>
</xagent>
<xagent>
<name>Sporo</name>
<id>14</id>
<iter>301</iter>
<FP>1.000000</FP>
<K0>0.200000</K0>
<TH0>2.941593</TH0>
<R0>0.998334</R0>
<coordx>{18.645903, 19.534296, 20.493382, 21.489559, 22.483065, 23.446609, 24.331377, 25.112463, 25.746511, 26.213818, 26.482635}</coordx>
<coordy>{26.920624, 27.383682, 27.663578, 27.762575, 27.670910, 27.394625, 26.940779, 26.314194, 25.544889, 24.660112, 23.703415}</coordy>
<xnbr_node0>{21.328726}</xnbr_node0>
<xnbr_node1>{20.430597}</xnbr_node1>
<xnbr_node2>{19.464645}</xnbr_node2>
<xnbr_node3>{18.469788}</xnbr_node3>
<xnbr_node4>{17.476685}</xnbr_node4>
<xnbr_node5>{16.523325}</xnbr_node5>
<xnbr_node6>{15.645713}</xnbr_node6>
<xnbr_node7>{14.880627}</xnbr_node7>
<xnbr_node8>{14.258476}</xnbr_node8>
<xnbr_node9>{13.807543}</xnbr_node9>
<xnbr_node10>{13.544317}</xnbr_node10>
<ynbr_node0>{22.915440}</ynbr_node0>
<ynbr_node1>{22.478006}</ynbr_node1>
<ynbr_node2>{22.223810}</ynbr_node2>
<ynbr_node3>{22.160418}</ynbr_node3>
<ynbr_node4>{22.276697}</ynbr_node4>
<ynbr_node5>{22.574820}</ynbr_node5>
<ynbr_node6>{23.055159}</ynbr_node6>
<ynbr_node7>{23.692633}</ynbr_node7>
<ynbr_node8>{24.468887}</ynbr_node8>
<ynbr_node9>{25.359665}</ynbr_node9>
<ynbr_node10>{26.322672}</ynbr_node10>
</xagent>
<xagent>
<name>Sporo</name>
<id>13</id>
<iter>301</iter>
<FP>1.000000</FP>
<K0>0.200000</K0>
<TH0>2.941593</TH0>
<R0>0.998334</R0>
<coordx>{21.337021, 20.442644, 19.475283, 18.478752, 17.486481, 16.533995, 15.653049, 14.890228, 14.262767, 13.810135, 13.544804}</coordx>
<coordy>{22.919991, 22.483393, 22.226023, 22.158865, 22.274015, 22.570700, 23.051258, 23.683569, 24.457993, 25.349745, 26.313555}</coordy>
<xnbr_node0>{18.656227}</xnbr_node0>
<xnbr_node1>{19.542999}</xnbr_node1>
<xnbr_node2>{20.503990}</xnbr_node2>
<xnbr_node3>{21.499094}</xnbr_node3>
<xnbr_node4>{22.494585}</xnbr_node4>
<xnbr_node5>{23.453312}</xnbr_node5>
<xnbr_node6>{24.340557}</xnbr_node6>
<xnbr_node7>{25.120874}</xnbr_node7>
<xnbr_node8>{25.753012}</xnbr_node8>
<xnbr_node9>{26.213015}</xnbr_node9>
<xnbr_node10>{26.485720}</xnbr_node10>
<ynbr_node0>{26.926554}</ynbr_node0>
<ynbr_node1>{27.385351}</ynbr_node1>
<ynbr_node2>{27.665041}</ynbr_node2>
<ynbr_node3>{27.761080}</ynbr_node3>
<ynbr_node4>{27.670609}</ynbr_node4>
<ynbr_node5>{27.391539}</ynbr_node5>
<ynbr_node6>{26.931007}</ynbr_node6>
<ynbr_node7>{26.307188}</ynbr_node7>
<ynbr_node8>{25.535742}</ynbr_node8>
<ynbr_node9>{24.655243}</ynbr_node9>
<ynbr_node10>{23.693010}</ynbr_node10>
</xagent>
<xagent>
<name>Sporo</name>
<id>12</id>
<iter>301</iter>
<FP>1.000000</FP>
<K0>0.200000</K0>
<TH0>2.941593</TH0>
<R0>0.998334</R0>
<coordx>{7.872937, 6.935057, 6.082305, 5.342697, 4.740354, 4.296510, 4.043034, 3.981328, 4.116683, 4.455818, 4.975000}</coordx>
<coordy>{19.004753, 19.344059, 19.863119, 20.536722, 21.335575, 22.230894, 23.199329, 24.194096, 25.182180, 26.118187, 26.974644}</coordy>
<xnbr_node0>{9.639242}</xnbr_node0>
<xnbr_node1>{10.631570}</xnbr_node1>
<xnbr_node2>{11.630777}</xnbr_node2>
<xnbr_node3>{12.600626}</xnbr_node3>
<xnbr_node4>{13.510918}</xnbr_node4>
<xnbr_node5>{14.325261}</xnbr_node5>
<xnbr_node6>{15.010210}</xnbr_node6>
<xnbr_node7>{15.537573}</xnbr_node7>
<xnbr_node8>{15.883675}</xnbr_node8>
<xnbr_node9>{16.026758}</xnbr_node9>
<xnbr_node10>{15.971439}</xnbr_node10>
<ynbr_node0>{18.928202}</ynbr_node0>
<ynbr_node1>{19.059605}</ynbr_node1>
<ynbr_node2>{19.002361}</ynbr_node2>
<ynbr_node3>{18.760653}</ynbr_node3>
<ynbr_node4>{18.344637}</ynbr_node4>
<ynbr_node5>{17.762365}</ynbr_node5>
<ynbr_node6>{17.034578}</ynbr_node6>
<ynbr_node7>{16.191628}</ynbr_node7>
<ynbr_node8>{15.252816}</ynbr_node8>
<ynbr_node9>{14.263892}</ynbr_node9>
<ynbr_node10>{13.273629}</ynbr_node10>
</xagent>
<xagent>
<name>Sporo</name>
<id>11</id>
<iter>301</iter>
<FP>1.000000</FP>
<K0>0.200000</K0>
<TH0>2.941593</TH0>
<R0>0.998334</R0>
<coordx>{49.604095, 49.777077, 50.139294, 50.666473, 51.340588, 52.151756, 53.057079, 54.022171, 55.022217, 56.001194, 56.933651}</coordx>
<coordy>{11.107571, 12.096889, 13.029403, 13.877274, 14.611113, 15.205821, 15.632561, 15.873355, 15.915703, 15.749141, 15.376878}</coordy>
<xnbr_node0>{}</xnbr_node0>
<xnbr_node1>{}</xnbr_node1>
<xnbr_node2>{}</xnbr_node2>
<xnbr_node3>{}</xnbr_node3>
<xnbr_node4>{}</xnbr_node4>
<xnbr_node5>{}</xnbr_node5>
<xnbr_node6>{}</xnbr_node6>
<xnbr_node7>{}</xnbr_node7>
<xnbr_node8>{}</xnbr_node8>
<xnbr_node9>{}</xnbr_node9>
<xnbr_node10>{}</xnbr_node10>
<ynbr_node0>{}</ynbr_node0>
<ynbr_node1>{}</ynbr_node1>
<ynbr_node2>{}</ynbr_node2>
<ynbr_node3>{}</ynbr_node3>
<ynbr_node4>{}</ynbr_node4>
<ynbr_node5>{}</ynbr_node5>
<ynbr_node6>{}</ynbr_node6>
<ynbr_node7>{}</ynbr_node7>
<ynbr_node8>{}</ynbr_node8>
<ynbr_node9>{}</ynbr_node9>
<ynbr_node10>{}</ynbr_node10>
</xagent>
<xagent>
<name>Sporo</name>
<id>10</id>
<iter>301</iter>
<FP>1.000000</FP>
<K0>0.200000</K0>
<TH0>2.941593</TH0>
<R0>0.998334</R0>
<coordx>{38.791649, 39.208427, 39.794144, 40.517380, 41.355953, 42.285458, 43.265923, 44.263554, 45.239613, 46.149216, 46.962738}</coordx>
<coordy>{12.567937, 13.472219, 14.284133, 14.974823, 15.518027, 15.891644, 16.082903, 16.080130, 15.877931, 15.474615, 14.893320}</coordy>
<xnbr_node0>{}</xnbr_node0>
<xnbr_node1>{}</xnbr_node1>
<xnbr_node2>{}</xnbr_node2>
<xnbr_node3>{}</xnbr_node3>
<xnbr_node4>{}</xnbr_node4>
<xnbr_node5>{}</xnbr_node5>
<xnbr_node6>{}</xnbr_node6>
<xnbr_node7>{}</xnbr_node7>
<xnbr_node8>{}</xnbr_node8>
<xnbr_node9>{}</xnbr_node9>
<xnbr_node10>{}</xnbr_node10>
<ynbr_node0>{}</ynbr_node0>
<ynbr_node1>{}</ynbr_node1>
<ynbr_node2>{}</ynbr_node2>
<ynbr_node3>{}</ynbr_node3>
<ynbr_node4>{}</ynbr_node4>
<ynbr_node5>{}</ynbr_node5>
<ynbr_node6>{}</ynbr_node6>
<ynbr_node7>{}</ynbr_node7>
<ynbr_node8>{}</ynbr_node8>
<ynbr_node9>{}</ynbr_node9>
<ynbr_node10>{}</ynbr_node10>
</xagent>
<xagent>
<name>Sporo</name>
<id>9</id>
<iter>301</iter>
<FP>1.000000</FP>
<K0>0.200000</K0>
<TH0>2.941593</TH0>
<R0>0.998334</R0>
<coordx>{28.448359, 29.270245, 30.186861, 31.163792, 32.162067, 33.147266, 34.085117, 34.933010, 35.658199, 36.225887, 36.607571}</coordx>
<coordy>{16.135643, 16.706676, 17.102451, 17.321367, 17.352747, 17.196751, 16.852861, 16.326141, 15.638415, 14.819266, 13.902791}</coordy>
<xnbr_node0>{19.697191}</xnbr_node0>
<xnbr_node1>{19.857088}</xnbr_node1>
<xnbr_node2>{20.200424}</xnbr_node2>
<xnbr_node3>{20.712711}</xnbr_node3>
<xnbr_node4>{21.370567}</xnbr_node4>
<xnbr_node5>{22.160580}</xnbr_node5>
<xnbr_node6>{23.052282}</xnbr_node6>
<xnbr_node7>{24.018206}</xnbr_node7>
<xnbr_node8>{25.014187}</xnbr_node8>
<xnbr_node9>{25.999010}</xnbr_node9>
<xnbr_node10>{26.931868}</xnbr_node10>
<ynbr_node0>{11.000813}</ynbr_node0>
<ynbr_node1>{11.985352}</ynbr_node1>
<ynbr_node2>{12.920695}</ynbr_node2>
<ynbr_node3>{13.781497}</ynbr_node3>
<ynbr_node4>{14.534149}</ynbr_node4>
<ynbr_node5>{15.149508}</ynbr_node5>
<ynbr_node6>{15.598027}</ynbr_node6>
<ynbr_node7>{15.863435}</ynbr_node7>
<ynbr_node8>{15.925674}</ynbr_node8>
<ynbr_node9>{15.789701}</ynbr_node9>
<ynbr_node10>{15.451588}</ynbr_node10>
</xagent>
<xagent>
<name>Sporo</name>
<id>8</id>
<iter>301</iter>
<FP>1.000000</FP>
<K0>0.200000</K0>
<TH0>2.941593</TH0>
<R0>0.998334</R0>
<coordx>{19.695486, 19.852520, 20.197937, 20.705553, 21.364813, 22.152727, 23.042343, 24.006882, 25.003075, 25.987438, 26.923622}</coordx>
<coordy>{10.989181, 11.973881, 12.914526, 13.771653, 14.528493, 15.144310, 15.593750, 15.860480, 15.928425, 15.791274, 15.454043}</coordy>
<xnbr_node0>{28.458799}</xnbr_node0>
<xnbr_node1>{29.277069}</xnbr_node1>
<xnbr_node2>{30.197426}</xnbr_node2>
<xnbr_node3>{31.176437}</xnbr_node3>
<xnbr_node4>{32.171745}</xnbr_node4>
<xnbr_node5>{33.156979}</xnbr_node5>
<xnbr_node6>{34.092407}</xnbr_node6>
<xnbr_node7>{34.939877}</xnbr_node7>
<xnbr_node8>{35.665241}</xnbr_node8>
<xnbr_node9>{36.230503}</xnbr_node9>
<xnbr_node10>{36.610268}</xnbr_node10>
<ynbr_node0>{16.139860}</ynbr_node0>
<ynbr_node1>{16.710659}</ynbr_node1>
<ynbr_node2>{17.105820}</ynbr_node2>
<ynbr_node3>{17.321575}</ynbr_node3>
<ynbr_node4>{17.352650}</ynbr_node4>
<ynbr_node5>{17.195341}</ynbr_node5>
<ynbr_node6>{16.847202}</ynbr_node6>
<ynbr_node7>{16.318127}</ynbr_node7>
<ynbr_node8>{15.631538}</ynbr_node8>
<ynbr_node9>{14.807737}</ynbr_node9>
<ynbr_node10>{13.890987}</ynbr_node10>
</xagent>
<xagent>
<name>Sporo</name>
<id>7</id>
<iter>301</iter>
<FP>1.000000</FP>
<K0>0.200000</K0>
<TH0>2.941593</TH0>
<R0>0.998334</R0>
<coordx>{9.629865, 10.623319, 11.619520, 12.592196, 13.503058, 14.317186, 15.002976, 15.534464, 15.880682, 16.026218, 15.971600}</coordx>
<coordy>{18.927341, 19.059834, 19.003515, 18.761900, 18.348803, 17.767254, 17.041363, 16.200268, 15.262147, 14.275007, 13.282306}</coordy>
<xnbr_node0>{7.864244, 10.807322}</xnbr_node0>
<xnbr_node1>{6.925056, 9.839206}</xnbr_node1>
<xnbr_node2>{6.074002, 8.839820}</xnbr_node2>
<xnbr_node3>{5.335228, 7.849645}</xnbr_node3>
<xnbr_node4>{4.736298, 6.900906}</xnbr_node4>
<xnbr_node5>{4.291256, 6.020807}</xnbr_node5>
<xnbr_node6>{4.041537, 5.246899}</xnbr_node6>
<xnbr_node7>{3.981224, 4.622024}</xnbr_node7>
<xnbr_node8>{4.120763, 4.158718}</xnbr_node8>
<xnbr_node9>{4.460463, 3.890262}</xnbr_node9>
<xnbr_node10>{4.977068, 3.822125}</xnbr_node10>
<ynbr_node0>{19.004833, 11.755645}</ynbr_node0>
<ynbr_node1>{19.350409, 11.505442}</ynbr_node1>
<ynbr_node2>{19.870504, 11.441836}</ynbr_node2>
<ynbr_node3>{20.544111, 11.564406}</ynbr_node3>
<ynbr_node4>{21.343990, 11.869209}</ynbr_node4>
<ynbr_node5>{22.240578, 12.347385}</ynbr_node5>
<ynbr_node6>{23.208214, 12.980510}</ynbr_node6>
<ynbr_node7>{24.203220, 13.758041}</ynbr_node7>
<ynbr_node8>{25.192307, 14.638489}</ynbr_node8>
<ynbr_node9>{26.128666, 15.600036}</ynbr_node9>
<ynbr_node10>{26.984476, 16.589731}</ynbr_node10>
</xagent>
<xagent>
<name>Sporo</name>
<id>6</id>
<iter>301</iter>
<FP>1.000000</FP>
<K0>0.200000</K0>
<TH0>2.941593</TH0>
<R0>0.998334</R0>
<coordx>{10.818397, 9.848186, 8.851172, 7.856901, 6.907045, 6.029201, 5.256068, 4.626206, 4.162409, 3.894004, 3.822347}</coordx>
<coordy>{11.756764, 11.505962, 11.441467, 11.559958, 11.867739, 12.341031, 12.974538, 13.751445, 14.628911, 15.588354, 16.582193}</coordy>
<xnbr_node0>{}</xnbr_node0>
<xnbr_node1>{}</xnbr_node1>
<xnbr_node2>{}</xnbr_node2>
<xnbr_node3>{}</xnbr_node3>
<xnbr_node4>{}</xnbr_node4>
<xnbr_node5>{}</xnbr_node5>
<xnbr_node6>{}</xnbr_node6>
<xnbr_node7>{}</xnbr_node7>
<xnbr_node8>{}</xnbr_node8>
<xnbr_node9>{}</xnbr_node9>
<xnbr_node10>{}</xnbr_node10>
<ynbr_node0>{}</ynbr_node0>
<ynbr_node1>{}</ynbr_node1>
<ynbr_node2>{}</ynbr_node2>
<ynbr_node3>{}</ynbr_node3>
<ynbr_node4>{}</ynbr_node4>
<ynbr_node5>{}</ynbr_node5>
<ynbr_node6>{}</ynbr_node6>
<ynbr_node7>{}</ynbr_node7>
<ynbr_node8>{}</ynbr_node8>
<ynbr_node9>{}</ynbr_node9>
<ynbr_node10>{}</ynbr_node10>
</xagent>
<xagent>
<name>Sporo</name>
<id>5</id>
<iter>301</iter>
<FP>1.000000</FP>
<K0>0.200000</K0>
<TH0>2.941593</TH0>
<R0>0.998334</R0>
<coordx>{59.042980, 59.153008, 59.075684, 58.813171, 58.380512, 57.783882, 57.047928, 56.187817, 55.244488, 54.252312, 53.258282}</coordx>
<coordy>{10.273893, 9.282500, 8.282082, 7.321376, 6.421616, 5.619201, 4.946794, 4.437527, 4.114816, 3.990249, 4.073608}</coordy>
<xnbr_node0>{}</xnbr_node0>
<xnbr_node1>{}</xnbr_node1>
<xnbr_node2>{}</xnbr_node2>
<xnbr_node3>{}</xnbr_node3>
<xnbr_node4>{}</xnbr_node4>
<xnbr_node5>{}</xnbr_node5>
<xnbr_node6>{}</xnbr_node6>
<xnbr_node7>{}</xnbr_node7>
<xnbr_node8>{}</xnbr_node8>
<xnbr_node9>{}</xnbr_node9>
<xnbr_node10>{}</xnbr_node10>
<ynbr_node0>{}</ynbr_node0>
<ynbr_node1>{}</ynbr_node1>
<ynbr_node2>{}</ynbr_node2>
<ynbr_node3>{}</ynbr_node3>
<ynbr_node4>{}</ynbr_node4>
<ynbr_node5>{}</ynbr_node5>
<ynbr_node6>{}</ynbr_node6>
<ynbr_node7>{}</ynbr_node7>
<ynbr_node8>{}</ynbr_node8>
<ynbr_node9>{}</ynbr_node9>
<ynbr_node10>{}</ynbr_node10>
</xagent>
<xagent>
<name>Sporo</name>
<id>4</id>
<iter>301</iter>
<FP>1.000000</FP>
<K0>0.200000</K0>
<TH0>2.941593</TH0>
<R0>0.998334</R0>
<coordx>{42.890026, 42.463478, 42.208630, 42.140083, 42.259544, 42.562477, 43.041042, 43.686069, 44.464371, 45.357342, 46.320786}</coordx>
<coordy>{-1.315988, -0.412810, 0.550611, 1.548532, 2.540495, 3.490675, 4.365448, 5.129785, 5.750426, 6.194206, 6.454165}</coordy>
<xnbr_node0>{47.533585}</xnbr_node0>
<xnbr_node1>{46.620880}</xnbr_node1>
<xnbr_node2>{45.800472}</xnbr_node2>
<xnbr_node3>{45.100586}</xnbr_node3>
<xnbr_node4>{44.531929}</xnbr_node4>
<xnbr_node5>{44.131207}</xnbr_node5>
<xnbr_node6>{43.921410}</xnbr_node6>
<xnbr_node7>{43.905663}</xnbr_node7>
<xnbr_node8>{44.100365}</xnbr_node8>
<xnbr_node9>{44.497990}</xnbr_node9>
<xnbr_node10>{45.081062}</xnbr_node10>
<ynbr_node0>{-11.113113}</ynbr_node0>
<ynbr_node1>{-10.709240}</ynbr_node1>
<ynbr_node2>{-10.133224}</ynbr_node2>
<ynbr_node3>{-9.420395}</ynbr_node3>
<ynbr_node4>{-8.597874}</ynbr_node4>
<ynbr_node5>{-7.685955}</ynbr_node5>
<ynbr_node6>{-6.711159}</ynbr_node6>
<ynbr_node7>{-5.715042}</ynbr_node7>
<ynbr_node8>{-4.737846}</ynbr_node8>
<ynbr_node9>{-3.828255}</ynbr_node9>
<ynbr_node10>{-3.020134}</ynbr_node10>
</xagent>
<xagent>
<name>Sporo</name>
<id>3</id>
<iter>301</iter>
<FP>1.000000</FP>
<K0>0.200000</K0>
<TH0>2.941593</TH0>
<R0>0.998334</R0>
<coordx>{28.480371, 29.210684, 30.068768, 31.013481, 32.004238, 33.002842, 33.966270, 34.851032, 35.628056, 36.261772, 36.725971}</coordx>
<coordy>{5.491681, 6.168501, 6.677205, 7.000623, 7.126477, 7.045126, 6.774747, 6.316853, 5.690638, 4.918829, 4.037215}</coordy>
<xnbr_node0>{29.133057}</xnbr_node0>
<xnbr_node1>{29.217857}</xnbr_node1>
<xnbr_node2>{29.107338}</xnbr_node2>
<xnbr_node3>{28.813049}</xnbr_node3>
<xnbr_node4>{28.355043}</xnbr_node4>
<xnbr_node5>{27.747576}</xnbr_node5>
<xnbr_node6>{27.011749}</xnbr_node6>
<xnbr_node7>{26.154856}</xnbr_node7>
<xnbr_node8>{25.211330}</xnbr_node8>
<xnbr_node9>{24.226517}</xnbr_node9>
<xnbr_node10>{23.229057}</xnbr_node10>
<ynbr_node0>{10.241892}</ynbr_node0>
<ynbr_node1>{9.250890}</ynbr_node1>
<ynbr_node2>{8.256427}</ynbr_node2>
<ynbr_node3>{7.305860}</ynbr_node3>
<ynbr_node4>{6.416210}</ynbr_node4>
<ynbr_node5>{5.623635}</ynbr_node5>
<ynbr_node6>{4.956976}</ynbr_node6>
<ynbr_node7>{4.440534}</ynbr_node7>
<ynbr_node8>{4.114119}</ynbr_node8>
<ynbr_node9>{3.995909}</ynbr_node9>
<ynbr_node10>{4.089425}</ynbr_node10>
</xagent>
<xagent>
<name>Sporo</name>
<id>2</id>
<iter>301</iter>
<FP>1.000000</FP>
<K0>0.200000</K0>
<TH0>2.941593</TH0>
<R0>0.998334</R0>
<coordx>{29.132065, 29.217779, 29.110519, 28.817781, 28.360216, 27.753315, 27.017294, 26.163340, 25.223330, 24.235186, 23.239799}</coordx>
<coordy>{10.250895, 9.259903, 8.265019, 7.313114, 6.426062, 5.631810, 4.961171, 4.445145, 4.115901, 3.997372, 4.086895}</coordy>
<xnbr_node0>{28.487986, 21.542950}</xnbr_node0>
<xnbr_node1>{29.219267, 20.726307}</xnbr_node1>
<xnbr_node2>{30.077261, 19.809982}</xnbr_node2>
<xnbr_node3>{31.023991, 18.837788}</xnbr_node3>
<xnbr_node4>{32.014351, 17.838940}</xnbr_node4>
<xnbr_node5>{33.013477, 16.849985}</xnbr_node5>
<xnbr_node6>{33.973476, 15.909728}</xnbr_node6>
<xnbr_node7>{34.858829, 15.050189}</xnbr_node7>
<xnbr_node8>{35.634331, 14.323697}</xnbr_node8>
<xnbr_node9>{36.267181, 13.751387}</xnbr_node9>
<xnbr_node10>{36.730476, 13.350691}</xnbr_node10>
<ynbr_node0>{5.495570, 3.903327}</ynbr_node0>
<ynbr_node1>{6.171752, 3.337655}</ynbr_node1>
<ynbr_node2>{6.681992, 2.935411}</ynbr_node2>
<ynbr_node3>{7.002507, 2.714818}</ynbr_node3>
<ynbr_node4>{7.123949, 2.675204}</ynbr_node4>
<ynbr_node5>{7.042701, 2.823538}</ynbr_node5>
<ynbr_node6>{6.769141, 3.162296}</ynbr_node6>
<ynbr_node7>{6.309926, 3.678539}</ynbr_node7>
<ynbr_node8>{5.683982, 4.362500}</ynbr_node8>
<ynbr_node9>{4.910937, 5.172285}</ynbr_node9>
<ynbr_node10>{4.026548, 6.094292}</ynbr_node10>
</xagent>
<xagent>
<name>Sporo</name>
<id>1</id>
<iter>301</iter>
<FP>1.000000</FP>
<K0>0.200000</K0>
<TH0>2.941593</TH0>
<R0>0.998334</R0>
<coordx>{21.551403, 20.732216, 19.818079, 18.846539, 17.846813, 16.860535, 15.917786, 15.060263, 14.329880, 13.756072, 13.355103}</coordx>
<coordy>{3.909659, 3.345452, 2.938512, 2.714918, 2.673200, 2.820606, 3.160035, 3.673277, 4.354457, 5.166688, 6.083935}</coordy>
<xnbr_node0>{29.133057}</xnbr_node0>
<xnbr_node1>{29.217857}</xnbr_node1>
<xnbr_node2>{29.107338}</xnbr_node2>
<xnbr_node3>{28.813049}</xnbr_node3>
<xnbr_node4>{28.355043}</xnbr_node4>
<xnbr_node5>{27.747576}</xnbr_node5>
<xnbr_node6>{27.011749}</xnbr_node6>
<xnbr_node7>{26.154856}</xnbr_node7>
<xnbr_node8>{25.211330}</xnbr_node8>
<xnbr_node9>{24.226517}</xnbr_node9>
<xnbr_node10>{23.229057}</xnbr_node10>
<ynbr_node0>{10.241892}</ynbr_node0>
<ynbr_node1>{9.250890}</ynbr_node1>
<ynbr_node2>{8.256427}</ynbr_node2>
<ynbr_node3>{7.305860}</ynbr_node3>
<ynbr_node4>{6.416210}</ynbr_node4>
<ynbr_node5>{5.623635}</ynbr_node5>
<ynbr_node6>{4.956976}</ynbr_node6>
<ynbr_node7>{4.440534}</ynbr_node7>
<ynbr_node8>{4.114119}</ynbr_node8>
<ynbr_node9>{3.995909}</ynbr_node9>
<ynbr_node10>{4.089425}</ynbr_node10>
</xagent>
</states>
