<states>
<itno>401</itno>
<environment>
<NNODES>11</NNODES>
<WIDTH>0.450000</WIDTH>
<DT>0.010000</DT>
<NOISE>0.000100</NOISE>
<DELTA>1.800000</DELTA>
<KEL>30.000000</KEL>
<KI>0.020000</KI>
<KTH>4.000000</KTH>
<SIDEBOX>0.000000</SIDEBOX>
<SIDEX>60</SIDEX>
<SIDEY>60</SIDEY>
</environment>
<xagent>
<name>Sporo</name>
<id>36</id>
<iter>401</iter>
<FP>1.000000</FP>
<K0>0.200000</K0>
<TH0>2.941593</TH0>
<R0>0.998334</R0>
<coordx>{7.519292, 6.570659, 5.694413, 4.926092, 4.289926, 3.823951, 3.559732, 3.523161, 3.716164, 4.127864, 4.724875}</coordx>
<coordy>{-1.355803, -1.050490, -0.565937, 0.066901, 0.838791, 1.718079, 2.678399, 3.670243, 4.646965, 5.558172, 6.357547}</coordy>
<xnbr_node0>{1.256253}</xnbr_node0>
<xnbr_node1>{2.241609}</xnbr_node1>
<xnbr_node2>{3.185354}</xnbr_node2>
<xnbr_node3>{4.053226}</xnbr_node3>
<xnbr_node4>{4.809309}</xnbr_node4>
<xnbr_node5>{5.439927}</xnbr_node5>
<xnbr_node6>{5.888430}</xnbr_node6>
<xnbr_node7>{6.133395}</xnbr_node7>
<xnbr_node8>{6.154399}</xnbr_node8>
<xnbr_node9>{5.950916}</xnbr_node9>
<xnbr_node10>{5.542049}</xnbr_node10>
<ynbr_node0>{0.830898}</ynbr_node0>
<ynbr_node1>{0.688381}</ynbr_node1>
<ynbr_node2>{0.354256}</ynbr_node2>
<ynbr_node3>{-0.141472}</ynbr_node3>
<ynbr_node4>{-0.778652}</ynbr_node4>
<ynbr_node5>{-1.552685}</ynbr_node5>
<ynbr_node6>{-2.444080}</ynbr_node6>
<ynbr_node7>{-3.409130}</ynbr_node7>
<ynbr_node8>{-4.403214}</ynbr_node8>
<ynbr_node9>{-5.379620}</ynbr_node9>
<ynbr_node10>{-6.288578}</ynbr_node10>
</xagent>
<xagent>
<name>Sporo</name>
<id>35</id>
<iter>401</iter>
<FP>1.000000</FP>
<K0>0.200000</K0>
<TH0>2.941593</TH0>
<R0>0.998334</R0>
<coordx>{59.921986, 60.020840, 59.935303, 59.663139, 59.215801, 58.611839, 57.868332, 57.002750, 56.061848, 55.070251, 54.077953}</coordx>
<coordy>{60.387527, 59.392776, 58.398232, 57.433739, 56.541679, 55.746693, 55.080158, 54.572773, 54.249344, 54.123299, 54.199730}</coordy>
<xnbr_node0>{61.256252}</xnbr_node0>
<xnbr_node1>{62.241608}</xnbr_node1>
<xnbr_node2>{63.185356}</xnbr_node2>
<xnbr_node3>{64.053223}</xnbr_node3>
<xnbr_node4>{64.809311}</xnbr_node4>
<xnbr_node5>{65.439926}</xnbr_node5>
<xnbr_node6>{65.888428}</xnbr_node6>
<xnbr_node7>{66.133392}</xnbr_node7>
<xnbr_node8>{66.154396}</xnbr_node8>
<xnbr_node9>{65.950912}</xnbr_node9>
<xnbr_node10>{65.542046}</xnbr_node10>
<ynbr_node0>{60.830898}</ynbr_node0>
<ynbr_node1>{60.688381}</ynbr_node1>
<ynbr_node2>{60.354256}</ynbr_node2>
<ynbr_node3>{59.858528}</ynbr_node3>
<ynbr_node4>{59.221348}</ynbr_node4>
<ynbr_node5>{58.447315}</ynbr_node5>
<ynbr_node6>{57.555920}</ynbr_node6>
<ynbr_node7>{56.590870}</ynbr_node7>
<ynbr_node8>{55.596786}</ynbr_node8>
<ynbr_node9>{54.620380}</ynbr_node9>
<ynbr_node10>{53.711422}</ynbr_node10>
</xagent>
<xagent>
<name>Sporo</name>
<id>34</id>
<iter>401</iter>
<FP>1.000000</FP>
<K0>0.200000</K0>
<TH0>2.941593</TH0>
<R0>0.998334</R0>
<coordx>{48.499435, 47.530407, 46.626808, 45.809677, 45.106861, 44.539589, 44.139206, 43.926094, 43.928059, 44.128471, 44.528584}</coordx>
<coordy>{48.626850, 48.854919, 49.279354, 49.855637, 50.570492, 51.394230, 52.307468, 53.283474, 54.278839, 55.255417, 56.170757}</coordy>
<xnbr_node0>{41.810921, 43.433697}</xnbr_node0>
<xnbr_node1>{42.769455, 42.858624}</xnbr_node1>
<xnbr_node2>{43.663414, 42.439323}</xnbr_node2>
<xnbr_node3>{44.456974, 42.199230}</xnbr_node3>
<xnbr_node4>{45.130157, 42.137409}</xnbr_node4>
<xnbr_node5>{45.657093, 42.256649}</xnbr_node5>
<xnbr_node6>{46.009747, 42.562454}</xnbr_node6>
<xnbr_node7>{46.171478, 43.051838}</xnbr_node7>
<xnbr_node8>{46.119884, 43.705002}</xnbr_node8>
<xnbr_node9>{45.857388, 44.499691}</xnbr_node9>
<xnbr_node10>{45.398693, 45.401180}</xnbr_node10>
<ynbr_node0>{51.491940, 57.871780}</ynbr_node0>
<ynbr_node1>{51.219021, 58.684868}</ynbr_node1>
<ynbr_node2>{50.765743, 59.591515}</ynbr_node2>
<ynbr_node3>{50.154713, 60.559082}</ynbr_node3>
<ynbr_node4>{49.420620, 61.557129}</ynbr_node4>
<ynbr_node5>{48.573444, 62.552094}</ynbr_node5>
<ynbr_node6>{47.640766, 63.498779}</ynbr_node6>
<ynbr_node7>{46.659744, 64.370102}</ynbr_node7>
<ynbr_node8>{45.665035, 65.120743}</ynbr_node8>
<ynbr_node9>{44.705223, 65.727127}</ynbr_node9>
<ynbr_node10>{43.824234, 66.155952}</ynbr_node10>
</xagent>
<xagent>
<name>Sporo</name>
<id>33</id>
<iter>401</iter>
<FP>1.000000</FP>
<K0>0.200000</K0>
<TH0>2.941593</TH0>
<R0>0.998334</R0>
<coordx>{31.390368, 32.367195, 33.289547, 34.121117, 34.836002, 35.405952, 35.809521, 36.027138, 36.046173, 35.859226, 35.473137}</coordx>
<coordy>{61.350765, 61.138046, 60.746590, 60.186954, 59.487907, 58.669651, 57.759087, 56.789257, 55.785069, 54.804932, 53.881348}</coordy>
<xnbr_node0>{}</xnbr_node0>
<xnbr_node1>{}</xnbr_node1>
<xnbr_node2>{}</xnbr_node2>
<xnbr_node3>{}</xnbr_node3>
<xnbr_node4>{}</xnbr_node4>
<xnbr_node5>{}</xnbr_node5>
<xnbr_node6>{}</xnbr_node6>
<xnbr_node7>{}</xnbr_node7>
<xnbr_node8>{}</xnbr_node8>
<xnbr_node9>{}</xnbr_node9>
<xnbr_node10>{}</xnbr_node10>
<ynbr_node0>{}</ynbr_node0>
<ynbr_node1>{}</ynbr_node1>
<ynbr_node2>{}</ynbr_node2>
<ynbr_node3>{}</ynbr_node3>
<ynbr_node4>{}</ynbr_node4>
<ynbr_node5>{}</ynbr_node5>
<ynbr_node6>{}</ynbr_node6>
<ynbr_node7>{}</ynbr_node7>
<ynbr_node8>{}</ynbr_node8>
<ynbr_node9>{}</ynbr_node9>
<ynbr_node10>{}</ynbr_node10>
</xagent>
<xagent>
<name>Sporo</name>
<id>32</id>
<iter>401</iter>
<FP>1.000000</FP>
<K0>0.200000</K0>
<TH0>2.941593</TH0>
<R0>0.998334</R0>
<coordx>{18.428127, 19.343620, 20.318222, 21.317825, 22.303751, 23.239641, 24.100039, 24.842052, 25.427452, 25.834280, 26.052290}</coordx>
<coordy>{58.081131, 58.489323, 58.707428, 58.738720, 58.579311, 58.239719, 57.723373, 57.054302, 56.249447, 55.340008, 54.366070}</coordy>
<xnbr_node0>{}</xnbr_node0>
<xnbr_node1>{}</xnbr_node1>
<xnbr_node2>{}</xnbr_node2>
<xnbr_node3>{}</xnbr_node3>
<xnbr_node4>{}</xnbr_node4>
<xnbr_node5>{}</xnbr_node5>
<xnbr_node6>{}</xnbr_node6>
<xnbr_node7>{}</xnbr_node7>
<xnbr_node8>{}</xnbr_node8>
<xnbr_node9>{}</xnbr_node9>
<xnbr_node10>{}</xnbr_node10>
<ynbr_node0>{}</ynbr_node0>
<ynbr_node1>{}</ynbr_node1>
<ynbr_node2>{}</ynbr_node2>
<ynbr_node3>{}</ynbr_node3>
<ynbr_node4>{}</ynbr_node4>
<ynbr_node5>{}</ynbr_node5>
<ynbr_node6>{}</ynbr_node6>
<ynbr_node7>{}</ynbr_node7>
<ynbr_node8>{}</ynbr_node8>
<ynbr_node9>{}</ynbr_node9>
<ynbr_node10>{}</ynbr_node10>
</xagent>
<xagent>
<name>Sporo</name>
<id>31</id>
<iter>401</iter>
<FP>1.000000</FP>
<K0>0.200000</K0>
<TH0>2.941593</TH0>
<R0>0.998334</R0>
<coordx>{7.763900, 8.312634, 9.009642, 9.825350, 10.736263, 11.704692, 12.702849, 13.687940, 14.627114, 15.484285, 16.223684}</coordx>
<coordy>{53.868160, 54.703678, 55.420753, 55.992882, 56.406029, 56.644791, 56.698284, 56.560974, 56.229500, 55.719727, 55.041721}</coordy>
<xnbr_node0>{7.508518, 1.256253}</xnbr_node0>
<xnbr_node1>{6.559893, 2.241609}</xnbr_node1>
<xnbr_node2>{5.685899, 3.185354}</xnbr_node2>
<xnbr_node3>{4.919636, 4.053226}</xnbr_node3>
<xnbr_node4>{4.284005, 4.809309}</xnbr_node4>
<xnbr_node5>{3.820071, 5.439927}</xnbr_node5>
<xnbr_node6>{3.558793, 5.888430}</xnbr_node6>
<xnbr_node7>{3.522550, 6.133395}</xnbr_node7>
<xnbr_node8>{3.718814, 6.154399}</xnbr_node8>
<xnbr_node9>{4.132311, 5.950916}</xnbr_node9>
<xnbr_node10>{4.731986, 5.542049}</xnbr_node10>
<ynbr_node0>{58.647068, 60.830898}</ynbr_node0>
<ynbr_node1>{58.955135, 60.688381}</ynbr_node1>
<ynbr_node2>{59.438786, 60.354256}</ynbr_node2>
<ynbr_node3>{60.076954, 59.858528}</ynbr_node3>
<ynbr_node4>{60.848080, 59.221348}</ynbr_node4>
<ynbr_node5>{61.727486, 58.447315}</ynbr_node5>
<ynbr_node6>{62.685875, 57.555920}</ynbr_node6>
<ynbr_node7>{63.681297, 56.590870}</ynbr_node7>
<ynbr_node8>{64.658279, 55.596786}</ynbr_node8>
<ynbr_node9>{65.567383, 54.620380}</ynbr_node9>
<ynbr_node10>{66.365318, 53.711422}</ynbr_node10>
</xagent>
<xagent>
<name>Sporo</name>
<id>30</id>
<iter>401</iter>
<FP>1.000000</FP>
<K0>0.200000</K0>
<TH0>2.941593</TH0>
<R0>0.998334</R0>
<coordx>{1.247274, 2.231564, 3.174672, 4.044225, 4.806294, 5.435024, 5.884810, 6.131129, 6.155025, 5.954060, 5.548205}</coordx>
<coordy>{60.832645, 60.691086, 60.359909, 59.864517, 59.229595, 58.456409, 57.564800, 56.600876, 55.605965, 54.631577, 53.721298}</coordy>
<xnbr_node0>{7.508518, -0.078815, 7.768743}</xnbr_node0>
<xnbr_node1>{6.559893, 0.019936, 8.317414}</xnbr_node1>
<xnbr_node2>{5.685899, -0.066414, 9.015863}</xnbr_node2>
<xnbr_node3>{4.919636, -0.343060, 9.834013}</xnbr_node3>
<xnbr_node4>{4.284005, -0.789555, 10.745268}</xnbr_node4>
<xnbr_node5>{3.820071, -1.395802, 11.714684}</xnbr_node5>
<xnbr_node6>{3.558793, -2.141338, 12.712535}</xnbr_node6>
<xnbr_node7>{3.522550, -3.006428, 13.695746}</xnbr_node7>
<xnbr_node8>{3.718814, -3.950111, 14.640391}</xnbr_node8>
<xnbr_node9>{4.132311, -4.937073, 15.492403}</xnbr_node9>
<xnbr_node10>{4.731986, -5.931049, 16.232201}</xnbr_node10>
<ynbr_node0>{58.647068, 60.377991, 53.878017}</ynbr_node0>
<ynbr_node1>{58.955135, 59.383827, 54.711147}</ynbr_node1>
<ynbr_node2>{59.438786, 58.390015, 55.425411}</ynbr_node2>
<ynbr_node3>{60.076954, 57.427662, 55.998455}</ynbr_node3>
<ynbr_node4>{60.848080, 56.532677, 56.408512}</ynbr_node4>
<ynbr_node5>{61.727486, 55.739624, 56.644688}</ynbr_node5>
<ynbr_node6>{62.685875, 55.074406, 56.698639}</ynbr_node6>
<ynbr_node7>{63.681297, 54.567284, 56.559860}</ynbr_node7>
<ynbr_node8>{64.658279, 54.245701, 56.224983}</ynbr_node8>
<ynbr_node9>{65.567383, 54.122482, 55.710800}</ynbr_node9>
<ynbr_node10>{66.365318, 54.205551, 55.034336}</ynbr_node10>
</xagent>
<xagent>
<name>Sporo</name>
<id>29</id>
<iter>401</iter>
<FP>1.000000</FP>
<K0>0.200000</K0>
<TH0>2.941593</TH0>
<R0>0.998334</R0>
<coordx>{47.942276, 48.388531, 49.005516, 49.749191, 50.606407, 51.550362, 52.534035, 53.538395, 54.506226, 55.407970, 56.198627}</coordx>
<coordy>{43.105461, 43.995541, 44.780876, 45.451443, 45.967014, 46.314991, 46.474297, 46.435764, 46.195618, 45.768013, 45.167030}</coordy>
<xnbr_node0>{41.810921}</xnbr_node0>
<xnbr_node1>{42.769455}</xnbr_node1>
<xnbr_node2>{43.663414}</xnbr_node2>
<xnbr_node3>{44.456974}</xnbr_node3>
<xnbr_node4>{45.130157}</xnbr_node4>
<xnbr_node5>{45.657093}</xnbr_node5>
<xnbr_node6>{46.009747}</xnbr_node6>
<xnbr_node7>{46.171478}</xnbr_node7>
<xnbr_node8>{46.119884}</xnbr_node8>
<xnbr_node9>{45.857388}</xnbr_node9>
<xnbr_node10>{45.398693}</xnbr_node10>
<ynbr_node0>{51.491940}</ynbr_node0>
<ynbr_node1>{51.219021}</ynbr_node1>
<ynbr_node2>{50.765743}</ynbr_node2>
<ynbr_node3>{50.154713}</ynbr_node3>
<ynbr_node4>{49.420620}</ynbr_node4>
<ynbr_node5>{48.573444}</ynbr_node5>
<ynbr_node6>{47.640766}</ynbr_node6>
<ynbr_node7>{46.659744}</ynbr_node7>
<ynbr_node8>{45.665035}</ynbr_node8>
<ynbr_node9>{44.705223}</ynbr_node9>
<ynbr_node10>{43.824234}</ynbr_node10>
</xagent>
<xagent>
<name>Sporo</name>
<id>28</id>
<iter>401</iter>
<FP>1.000000</FP>
<K0>0.200000</K0>
<TH0>2.941593</TH0>
<R0>0.998334</R0>
<coordx>{41.799530, 42.761528, 43.655926, 44.449638, 45.121380, 45.650707, 46.006927, 46.167210, 46.121201, 45.860546, 45.403069}</coordx>
<coordy>{51.492561, 51.220921, 50.769810, 50.162739, 49.428432, 48.580833, 47.650620, 46.670963, 45.677288, 44.714981, 43.832478}</coordy>
<xnbr_node0>{48.490719, 47.946362}</xnbr_node0>
<xnbr_node1>{47.520233, 48.397652}</xnbr_node1>
<xnbr_node2>{46.616146, 49.009769}</xnbr_node2>
<xnbr_node3>{45.799149, 49.758987}</xnbr_node3>
<xnbr_node4>{45.101841, 50.617329}</xnbr_node4>
<xnbr_node5>{44.533745, 51.558769}</xnbr_node5>
<xnbr_node6>{44.135712, 52.545879}</xnbr_node6>
<xnbr_node7>{43.927536, 53.546577}</xnbr_node7>
<xnbr_node8>{43.930759, 54.513039}</xnbr_node8>
<xnbr_node9>{44.129517, 55.418999}</xnbr_node9>
<xnbr_node10>{44.533478, 56.206509}</xnbr_node10>
<ynbr_node0>{48.625660, 43.112015}</ynbr_node0>
<ynbr_node1>{48.861534, 44.004150}</ynbr_node1>
<ynbr_node2>{49.281292, 44.789658}</ynbr_node2>
<ynbr_node3>{49.865517, 45.457432}</ynbr_node3>
<ynbr_node4>{50.577587, 45.969532}</ynbr_node4>
<ynbr_node5>{51.403446, 46.316921}</ynbr_node5>
<ynbr_node6>{52.316132, 46.471889}</ynbr_node6>
<ynbr_node7>{53.292789, 46.436428}</ynbr_node7>
<ynbr_node8>{54.289654, 46.192913}</ynbr_node8>
<ynbr_node9>{55.264889, 45.762962}</ynbr_node9>
<ynbr_node10>{56.177856, 45.158962}</ynbr_node10>
</xagent>
<xagent>
<name>Sporo</name>
<id>27</id>
<iter>401</iter>
<FP>1.000000</FP>
<K0>0.200000</K0>
<TH0>2.941593</TH0>
<R0>0.998334</R0>
<coordx>{38.905403, 37.915405, 36.977539, 36.117260, 35.367836, 34.757317, 34.307835, 34.043888, 33.981678, 34.125603, 34.469166}</coordx>
<coordy>{38.870174, 39.022202, 39.354355, 39.862949, 40.523582, 41.313457, 42.204845, 43.168381, 44.164948, 45.152058, 46.087818}</coordy>
<xnbr_node0>{}</xnbr_node0>
<xnbr_node1>{}</xnbr_node1>
<xnbr_node2>{}</xnbr_node2>
<xnbr_node3>{}</xnbr_node3>
<xnbr_node4>{}</xnbr_node4>
<xnbr_node5>{}</xnbr_node5>
<xnbr_node6>{}</xnbr_node6>
<xnbr_node7>{}</xnbr_node7>
<xnbr_node8>{}</xnbr_node8>
<xnbr_node9>{}</xnbr_node9>
<xnbr_node10>{}</xnbr_node10>
<ynbr_node0>{}</ynbr_node0>
<ynbr_node1>{}</ynbr_node1>
<ynbr_node2>{}</ynbr_node2>
<ynbr_node3>{}</ynbr_node3>
<ynbr_node4>{}</ynbr_node4>
<ynbr_node5>{}</ynbr_node5>
<ynbr_node6>{}</ynbr_node6>
<ynbr_node7>{}</ynbr_node7>
<ynbr_node8>{}</ynbr_node8>
<ynbr_node9>{}</ynbr_node9>
<ynbr_node10>{}</ynbr_node10>
</xagent>
<xagent>
<name>Sporo</name>
<id>26</id>
<iter>401</iter>
<FP>1.000000</FP>
<K0>0.200000</K0>
<TH0>2.941593</TH0>
<R0>0.998334</R0>
<coordx>{19.162926, 19.245523, 19.518303, 19.963169, 20.563028, 21.302589, 22.157017, 23.096403, 24.080936, 25.077053, 26.039227}</coordx>
<coordy>{40.597294, 41.594898, 42.556332, 43.448307, 44.247978, 44.921783, 45.437984, 45.778301, 45.920860, 45.865780, 45.609325}</coordy>
<xnbr_node0>{}</xnbr_node0>
<xnbr_node1>{}</xnbr_node1>
<xnbr_node2>{}</xnbr_node2>
<xnbr_node3>{}</xnbr_node3>
<xnbr_node4>{}</xnbr_node4>
<xnbr_node5>{}</xnbr_node5>
<xnbr_node6>{}</xnbr_node6>
<xnbr_node7>{}</xnbr_node7>
<xnbr_node8>{}</xnbr_node8>
<xnbr_node9>{}</xnbr_node9>
<xnbr_node10>{}</xnbr_node10>
<ynbr_node0>{}</ynbr_node0>
<ynbr_node1>{}</ynbr_node1>
<ynbr_node2>{}</ynbr_node2>
<ynbr_node3>{}</ynbr_node3>
<ynbr_node4>{}</ynbr_node4>
<ynbr_node5>{}</ynbr_node5>
<ynbr_node6>{}</ynbr_node6>
<ynbr_node7>{}</ynbr_node7>
<ynbr_node8>{}</ynbr_node8>
<ynbr_node9>{}</ynbr_node9>
<ynbr_node10>{}</ynbr_node10>
</xagent>
<xagent>
<name>Sporo</name>
<id>25</id>
<iter>401</iter>
<FP>1.000000</FP>
<K0>0.200000</K0>
<TH0>2.941593</TH0>
<R0>0.998334</R0>
<coordx>{7.916757, 8.375255, 8.994727, 9.748856, 10.608022, 11.550644, 12.537096, 13.534068, 14.504156, 15.406829, 16.206974}</coordx>
<coordy>{43.152184, 44.038609, 44.822510, 45.480652, 45.982658, 46.315208, 46.467857, 46.427334, 46.197132, 45.776436, 45.174801}</coordy>
<xnbr_node0>{-1.349648}</xnbr_node0>
<xnbr_node1>{-1.054466}</xnbr_node1>
<xnbr_node2>{-0.626711}</xnbr_node2>
<xnbr_node3>{-0.086106}</xnbr_node3>
<xnbr_node4>{0.574314}</xnbr_node4>
<xnbr_node5>{1.348645}</xnbr_node5>
<xnbr_node6>{2.227702}</xnbr_node6>
<xnbr_node7>{3.183545}</xnbr_node7>
<xnbr_node8>{4.176650}</xnbr_node8>
<xnbr_node9>{5.168270}</xnbr_node9>
<xnbr_node10>{6.111511}</xnbr_node10>
<ynbr_node0>{41.153053}</ynbr_node0>
<ynbr_node1>{42.099777}</ynbr_node1>
<ynbr_node2>{42.999214}</ynbr_node2>
<ynbr_node3>{43.828724}</ynbr_node3>
<ynbr_node4>{44.565460}</ynbr_node4>
<ynbr_node5>{45.179264}</ynbr_node5>
<ynbr_node6>{45.640362}</ynbr_node6>
<ynbr_node7>{45.919693}</ynbr_node7>
<ynbr_node8>{45.998302}</ynbr_node8>
<ynbr_node9>{45.873024}</ynbr_node9>
<ynbr_node10>{45.554096}</ynbr_node10>
</xagent>
<xagent>
<name>Sporo</name>
<id>24</id>
<iter>401</iter>
<FP>1.000000</FP>
<K0>0.200000</K0>
<TH0>2.941593</TH0>
<R0>0.998334</R0>
<coordx>{-1.355355, -1.061975, -0.634125, -0.089703, 0.569578, 1.341349, 2.221443, 3.174306, 4.168430, 5.155688, 6.103603}</coordx>
<coordy>{41.145206, 42.091820, 42.990780, 43.821747, 44.557247, 45.174545, 45.635204, 45.917374, 45.997238, 45.875618, 45.558403}</coordy>
<xnbr_node0>{7.920914, -0.739861}</xnbr_node0>
<xnbr_node1>{8.380966, -0.584091}</xnbr_node1>
<xnbr_node2>{9.000734, -0.588894}</xnbr_node2>
<xnbr_node3>{9.754123, -0.749706}</xnbr_node3>
<xnbr_node4>{10.617321, -1.064873}</xnbr_node4>
<xnbr_node5>{11.560705, -1.548569}</xnbr_node5>
<xnbr_node6>{12.547009, -2.181984}</xnbr_node6>
<xnbr_node7>{13.544637, -2.957920}</xnbr_node7>
<xnbr_node8>{14.514023, -3.835960}</xnbr_node8>
<xnbr_node9>{15.415434, -4.794716}</xnbr_node9>
<xnbr_node10>{16.214970, -5.788158}</xnbr_node10>
<ynbr_node0>{43.161797, 40.979069}</ynbr_node0>
<ynbr_node1>{44.046463, 40.010471}</ynbr_node1>
<ynbr_node2>{44.830200, 39.024586}</ynbr_node2>
<ynbr_node3>{45.484707, 38.055386}</ynbr_node3>
<ynbr_node4>{45.986847, 37.124905}</ynbr_node4>
<ynbr_node5>{46.316895, 36.261215}</ynbr_node5>
<ynbr_node6>{46.467739, 35.500549}</ynbr_node6>
<ynbr_node7>{46.426781, 34.878353}</ynbr_node7>
<ynbr_node8>{46.191746, 34.421734}</ynbr_node8>
<ynbr_node9>{45.773125, 34.150307}</ynbr_node9>
<ynbr_node10>{45.169300, 34.077286}</ynbr_node10>
</xagent>
<xagent>
<name>Sporo</name>
<id>23</id>
<iter>401</iter>
<FP>1.000000</FP>
<K0>0.200000</K0>
<TH0>2.941593</TH0>
<R0>0.998334</R0>
<coordx>{59.264870, 59.420563, 59.414806, 59.253323, 58.937840, 58.457985, 57.823753, 57.051369, 56.173443, 55.210426, 54.221313}</coordx>
<coordy>{40.991829, 40.021236, 39.034958, 38.061398, 37.132881, 36.268902, 35.507408, 34.884430, 34.424038, 34.152359, 34.077816}</coordy>
<xnbr_node0>{58.650352}</xnbr_node0>
<xnbr_node1>{58.945534}</xnbr_node1>
<xnbr_node2>{59.373287}</xnbr_node2>
<xnbr_node3>{59.913895}</xnbr_node3>
<xnbr_node4>{60.574314}</xnbr_node4>
<xnbr_node5>{61.348644}</xnbr_node5>
<xnbr_node6>{62.227703}</xnbr_node6>
<xnbr_node7>{63.183544}</xnbr_node7>
<xnbr_node8>{64.176651}</xnbr_node8>
<xnbr_node9>{65.168274}</xnbr_node9>
<xnbr_node10>{66.111511}</xnbr_node10>
<ynbr_node0>{41.153053}</ynbr_node0>
<ynbr_node1>{42.099777}</ynbr_node1>
<ynbr_node2>{42.999214}</ynbr_node2>
<ynbr_node3>{43.828724}</ynbr_node3>
<ynbr_node4>{44.565460}</ynbr_node4>
<ynbr_node5>{45.179264}</ynbr_node5>
<ynbr_node6>{45.640362}</ynbr_node6>
<ynbr_node7>{45.919693}</ynbr_node7>
<ynbr_node8>{45.998302}</ynbr_node8>
<ynbr_node9>{45.873024}</ynbr_node9>
<ynbr_node10>{45.554096}</ynbr_node10>
</xagent>
<xagent>
<name>Sporo</name>
<id>22</id>
<iter>401</iter>
<FP>1.000000</FP>
<K0>0.200000</K0>
<TH0>2.941593</TH0>
<R0>0.998334</R0>
<coordx>{38.178417, 38.535202, 39.066429, 39.748096, 40.551552, 41.450569, 42.420280, 43.418110, 44.404140, 45.340698, 46.184799}</coordx>
<coordy>{32.469002, 33.404705, 34.251190, 34.984711, 35.579529, 36.003979, 36.254112, 36.306789, 36.161049, 35.816032, 35.287968}</coordy>
<xnbr_node0>{}</xnbr_node0>
<xnbr_node1>{}</xnbr_node1>
<xnbr_node2>{}</xnbr_node2>
<xnbr_node3>{}</xnbr_node3>
<xnbr_node4>{}</xnbr_node4>
<xnbr_node5>{}</xnbr_node5>
<xnbr_node6>{}</xnbr_node6>
<xnbr_node7>{}</xnbr_node7>
<xnbr_node8>{}</xnbr_node8>
<xnbr_node9>{}</xnbr_node9>
<xnbr_node10>{}</xnbr_node10>
<ynbr_node0>{}</ynbr_node0>
<ynbr_node1>{}</ynbr_node1>
<ynbr_node2>{}</ynbr_node2>
<ynbr_node3>{}</ynbr_node3>
<ynbr_node4>{}</ynbr_node4>
<ynbr_node5>{}</ynbr_node5>
<ynbr_node6>{}</ynbr_node6>
<ynbr_node7>{}</ynbr_node7>
<ynbr_node8>{}</ynbr_node8>
<ynbr_node9>{}</ynbr_node9>
<ynbr_node10>{}</ynbr_node10>
</xagent>
<xagent>
<name>Sporo</name>
<id>21</id>
<iter>401</iter>
<FP>1.000000</FP>
<K0>0.200000</K0>
<TH0>2.941593</TH0>
<R0>0.998334</R0>
<coordx>{30.290926, 29.954496, 29.895626, 30.129166, 30.621124, 31.314621, 32.136257, 33.050812, 34.021034, 35.016197, 35.994030}</coordx>
<coordy>{30.373510, 31.278694, 32.233646, 33.172489, 34.019268, 34.720142, 35.270481, 35.653404, 35.865929, 35.887188, 35.711994}</coordy>
<xnbr_node0>{30.861553}</xnbr_node0>
<xnbr_node1>{29.834726}</xnbr_node1>
<xnbr_node2>{28.865721}</xnbr_node2>
<xnbr_node3>{27.929518}</xnbr_node3>
<xnbr_node4>{27.044748}</xnbr_node4>
<xnbr_node5>{26.228409}</xnbr_node5>
<xnbr_node6>{25.498835}</xnbr_node6>
<xnbr_node7>{24.895197}</xnbr_node7>
<xnbr_node8>{24.435827}</xnbr_node8>
<xnbr_node9>{24.159504}</xnbr_node9>
<xnbr_node10>{24.084606}</xnbr_node10>
<ynbr_node0>{30.094841}</ynbr_node0>
<ynbr_node1>{30.024216}</ynbr_node1>
<ynbr_node2>{30.179832}</ynbr_node2>
<ynbr_node3>{30.502605}</ynbr_node3>
<ynbr_node4>{30.952253}</ynbr_node4>
<ynbr_node5>{31.523760}</ynbr_node5>
<ynbr_node6>{32.204552}</ynbr_node6>
<ynbr_node7>{32.991436}</ynbr_node7>
<ynbr_node8>{33.876385}</ynbr_node8>
<ynbr_node9>{34.832916}</ynbr_node9>
<ynbr_node10>{35.821133}</ynbr_node10>
</xagent>
<xagent>
<name>Sporo</name>
<id>20</id>
<iter>401</iter>
<FP>1.000000</FP>
<K0>0.200000</K0>
<TH0>2.941593</TH0>
<R0>0.998334</R0>
<coordx>{30.868176, 29.842390, 28.873686, 27.938246, 27.052418, 26.235071, 25.505724, 24.899361, 24.439899, 24.161999, 24.085495}</coordx>
<coordy>{30.089176, 30.016813, 30.174009, 30.496330, 30.949011, 31.516291, 32.198895, 32.983871, 33.864014, 34.822109, 35.814037}</coordy>
<xnbr_node0>{30.282036, 22.164942}</xnbr_node0>
<xnbr_node1>{29.953945, 21.381062}</xnbr_node1>
<xnbr_node2>{29.895412, 20.491581}</xnbr_node2>
<xnbr_node3>{30.134933, 19.536497}</xnbr_node3>
<xnbr_node4>{30.628773, 18.543156}</xnbr_node4>
<xnbr_node5>{31.320822, 17.547539}</xnbr_node5>
<xnbr_node6>{32.142330, 16.591501}</xnbr_node6>
<xnbr_node7>{33.057419, 15.699317}</xnbr_node7>
<xnbr_node8>{34.031311, 14.920823}</xnbr_node8>
<xnbr_node9>{35.025414, 14.286249}</xnbr_node9>
<xnbr_node10>{36.002522, 13.825385}</xnbr_node10>
<ynbr_node0>{30.379616, 33.729015}</ynbr_node0>
<ynbr_node1>{31.284420, 33.109604}</ynbr_node1>
<ynbr_node2>{32.240044, 32.650921}</ynbr_node2>
<ynbr_node3>{33.182987, 32.366486}</ynbr_node3>
<ynbr_node4>{34.024364, 32.269497}</ynbr_node4>
<ynbr_node5>{34.727837, 32.354973}</ynbr_node5>
<ynbr_node6>{35.274033, 32.627914}</ynbr_node6>
<ynbr_node7>{35.657917, 33.082634}</ynbr_node7>
<ynbr_node8>{35.865810, 33.707714}</ynbr_node8>
<ynbr_node9>{35.887840, 34.475677}</ynbr_node9>
<ynbr_node10>{35.710274, 35.361454}</ynbr_node10>
</xagent>
<xagent>
<name>Sporo</name>
<id>19</id>
<iter>401</iter>
<FP>1.000000</FP>
<K0>0.200000</K0>
<TH0>2.941593</TH0>
<R0>0.998334</R0>
<coordx>{22.172224, 21.387787, 20.501884, 19.546095, 18.553253, 17.558918, 16.597145, 15.708463, 14.924581, 14.294291, 13.830242}</coordx>
<coordy>{33.735592, 33.113956, 32.654819, 32.369629, 32.268864, 32.352066, 32.624039, 33.077477, 33.700500, 34.464176, 35.353096}</coordy>
<xnbr_node0>{30.861553}</xnbr_node0>
<xnbr_node1>{29.834726}</xnbr_node1>
<xnbr_node2>{28.865721}</xnbr_node2>
<xnbr_node3>{27.929518}</xnbr_node3>
<xnbr_node4>{27.044748}</xnbr_node4>
<xnbr_node5>{26.228409}</xnbr_node5>
<xnbr_node6>{25.498835}</xnbr_node6>
<xnbr_node7>{24.895197}</xnbr_node7>
<xnbr_node8>{24.435827}</xnbr_node8>
<xnbr_node9>{24.159504}</xnbr_node9>
<xnbr_node10>{24.084606}</xnbr_node10>
<ynbr_node0>{30.094841}</ynbr_node0>
<ynbr_node1>{30.024216}</ynbr_node1>
<ynbr_node2>{30.179832}</ynbr_node2>
<ynbr_node3>{30.502605}</ynbr_node3>
<ynbr_node4>{30.952253}</ynbr_node4>
<ynbr_node5>{31.523760}</ynbr_node5>
<ynbr_node6>{32.204552}</ynbr_node6>
<ynbr_node7>{32.991436}</ynbr_node7>
<ynbr_node8>{33.876385}</ynbr_node8>
<ynbr_node9>{34.832916}</ynbr_node9>
<ynbr_node10>{35.821133}</ynbr_node10>
</xagent>
<xagent>
<name>Sporo</name>
<id>18</id>
<iter>401</iter>
<FP>1.000000</FP>
<K0>0.200000</K0>
<TH0>2.941593</TH0>
<R0>0.998334</R0>
<coordx>{9.887894, 8.889820, 7.908351, 6.977472, 6.128973, 5.403625, 4.813768, 4.390975, 4.158470, 4.126903, 4.301361}</coordx>
<coordy>{29.550402, 29.550394, 29.736586, 30.101406, 30.628975, 31.317133, 32.123287, 33.031059, 33.998920, 34.997250, 35.977829}</coordy>
<xnbr_node0>{}</xnbr_node0>
<xnbr_node1>{}</xnbr_node1>
<xnbr_node2>{}</xnbr_node2>
<xnbr_node3>{}</xnbr_node3>
<xnbr_node4>{}</xnbr_node4>
<xnbr_node5>{}</xnbr_node5>
<xnbr_node6>{}</xnbr_node6>
<xnbr_node7>{}</xnbr_node7>
<xnbr_node8>{}</xnbr_node8>
<xnbr_node9>{}</xnbr_node9>
<xnbr_node10>{}</xnbr_node10>
<ynbr_node0>{}</ynbr_node0>
<ynbr_node1>{}</ynbr_node1>
<ynbr_node2>{}</ynbr_node2>
<ynbr_node3>{}</ynbr_node3>
<ynbr_node4>{}</ynbr_node4>
<ynbr_node5>{}</ynbr_node5>
<ynbr_node6>{}</ynbr_node6>
<ynbr_node7>{}</ynbr_node7>
<ynbr_node8>{}</ynbr_node8>
<ynbr_node9>{}</ynbr_node9>
<ynbr_node10>{}</ynbr_node10>
</xagent>
<xagent>
<name>Sporo</name>
<id>17</id>
<iter>401</iter>
<FP>1.000000</FP>
<K0>0.200000</K0>
<TH0>2.941593</TH0>
<R0>0.998334</R0>
<coordx>{59.232922, 59.456219, 59.491436, 59.337173, 59.002014, 58.497822, 57.844337, 57.053703, 56.156143, 55.192120, 54.197903}</coordx>
<coordy>{30.944807, 29.968037, 28.969143, 27.985453, 27.042009, 26.178843, 25.428944, 24.817938, 24.380398, 24.134377, 24.097298}</coordy>
<xnbr_node0>{}</xnbr_node0>
<xnbr_node1>{}</xnbr_node1>
<xnbr_node2>{}</xnbr_node2>
<xnbr_node3>{}</xnbr_node3>
<xnbr_node4>{}</xnbr_node4>
<xnbr_node5>{}</xnbr_node5>
<xnbr_node6>{}</xnbr_node6>
<xnbr_node7>{}</xnbr_node7>
<xnbr_node8>{}</xnbr_node8>
<xnbr_node9>{}</xnbr_node9>
<xnbr_node10>{}</xnbr_node10>
<ynbr_node0>{}</ynbr_node0>
<ynbr_node1>{}</ynbr_node1>
<ynbr_node2>{}</ynbr_node2>
<ynbr_node3>{}</ynbr_node3>
<ynbr_node4>{}</ynbr_node4>
<ynbr_node5>{}</ynbr_node5>
<ynbr_node6>{}</ynbr_node6>
<ynbr_node7>{}</ynbr_node7>
<ynbr_node8>{}</ynbr_node8>
<ynbr_node9>{}</ynbr_node9>
<ynbr_node10>{}</ynbr_node10>
</xagent>
<xagent>
<name>Sporo</name>
<id>16</id>
<iter>401</iter>
<FP>1.000000</FP>
<K0>0.200000</K0>
<TH0>2.941593</TH0>
<R0>0.998334</R0>
<coordx>{38.203430, 38.927155, 39.785999, 40.756279, 41.798794, 42.750965, 43.624672, 44.413406, 45.098713, 45.652008, 46.036694}</coordx>
<coordy>{26.912436, 27.606882, 28.140303, 28.445721, 28.474390, 28.186819, 27.698051, 27.072618, 26.335876, 25.495729, 24.570293}</coordy>
<xnbr_node0>{41.334347}</xnbr_node0>
<xnbr_node1>{41.127621}</xnbr_node1>
<xnbr_node2>{40.711689}</xnbr_node2>
<xnbr_node3>{40.118023}</xnbr_node3>
<xnbr_node4>{39.393421}</xnbr_node4>
<xnbr_node5>{38.561108}</xnbr_node5>
<xnbr_node6>{37.648090}</xnbr_node6>
<xnbr_node7>{36.680573}</xnbr_node7>
<xnbr_node8>{35.693718}</xnbr_node8>
<xnbr_node9>{34.725689}</xnbr_node9>
<xnbr_node10>{33.802418}</xnbr_node10>
<ynbr_node0>{28.174339}</ynbr_node0>
<ynbr_node1>{27.254915}</ynbr_node1>
<ynbr_node2>{26.395500}</ynbr_node2>
<ynbr_node3>{25.633007}</ynbr_node3>
<ynbr_node4>{24.987471}</ynbr_node4>
<ynbr_node5>{24.477150}</ynbr_node5>
<ynbr_node6>{24.124977}</ynbr_node6>
<ynbr_node7>{23.938560}</ynbr_node7>
<ynbr_node8>{23.939365}</ynbr_node8>
<ynbr_node9>{24.130541}</ynbr_node9>
<ynbr_node10>{24.506804}</ynbr_node10>
</xagent>
<xagent>
<name>Sporo</name>
<id>15</id>
<iter>401</iter>
<FP>1.000000</FP>
<K0>0.200000</K0>
<TH0>2.941593</TH0>
<R0>0.998334</R0>
<coordx>{41.331306, 41.129749, 40.717735, 40.125412, 39.402039, 38.570911, 37.656860, 36.688610, 35.702492, 34.730247, 33.812683}</coordx>
<coordy>{28.181740, 27.261715, 26.399712, 25.635204, 24.989731, 24.480776, 24.125938, 23.939426, 23.937481, 24.127613, 24.506271}</coordy>
<xnbr_node0>{38.210670}</xnbr_node0>
<xnbr_node1>{38.932667}</xnbr_node1>
<xnbr_node2>{39.792320}</xnbr_node2>
<xnbr_node3>{40.761375}</xnbr_node3>
<xnbr_node4>{41.806213}</xnbr_node4>
<xnbr_node5>{42.756157}</xnbr_node5>
<xnbr_node6>{43.630165}</xnbr_node6>
<xnbr_node7>{44.419262}</xnbr_node7>
<xnbr_node8>{45.104252}</xnbr_node8>
<xnbr_node9>{45.657356}</xnbr_node9>
<xnbr_node10>{46.041557}</xnbr_node10>
<ynbr_node0>{26.918535}</ynbr_node0>
<ynbr_node1>{27.610853}</ynbr_node1>
<ynbr_node2>{28.141582}</ynbr_node2>
<ynbr_node3>{28.445240}</ynbr_node3>
<ynbr_node4>{28.469042}</ynbr_node4>
<ynbr_node5>{28.180779}</ynbr_node5>
<ynbr_node6>{27.691151}</ynbr_node6>
<ynbr_node7>{27.062296}</ynbr_node7>
<ynbr_node8>{26.327005}</ynbr_node8>
<ynbr_node9>{25.489426}</ynbr_node9>
<ynbr_node10>{24.559803}</ynbr_node10>
</xagent>
<xagent>
<name>Sporo</name>
<id>14</id>
<iter>401</iter>
<FP>1.000000</FP>
<K0>0.200000</K0>
<TH0>2.941593</TH0>
<R0>0.998334</R0>
<coordx>{17.848541, 18.632830, 19.526464, 20.485767, 21.476109, 22.470045, 23.428350, 24.312599, 25.080355, 25.701847, 26.152704}</coordx>
<coordy>{26.332642, 26.946711, 27.402899, 27.679886, 27.779297, 27.688030, 27.409967, 26.948032, 26.314615, 25.538107, 24.645338}</coordy>
<xnbr_node0>{22.129982}</xnbr_node0>
<xnbr_node1>{21.330183}</xnbr_node1>
<xnbr_node2>{20.428404}</xnbr_node2>
<xnbr_node3>{19.461023}</xnbr_node3>
<xnbr_node4>{18.467337}</xnbr_node4>
<xnbr_node5>{17.477625}</xnbr_node5>
<xnbr_node6>{16.528378}</xnbr_node6>
<xnbr_node7>{15.658125}</xnbr_node7>
<xnbr_node8>{14.902723}</xnbr_node8>
<xnbr_node9>{14.292583}</xnbr_node9>
<xnbr_node10>{13.855494}</xnbr_node10>
<ynbr_node0>{23.485575}</ynbr_node0>
<ynbr_node1>{22.887169}</ynbr_node1>
<ynbr_node2>{22.453510}</ynbr_node2>
<ynbr_node3>{22.197847}</ynbr_node3>
<ynbr_node4>{22.133730}</ynbr_node4>
<ynbr_node5>{22.258442}</ynbr_node5>
<ynbr_node6>{22.571247}</ynbr_node6>
<ynbr_node7>{23.060150}</ynbr_node7>
<ynbr_node8>{23.711538}</ynbr_node8>
<ynbr_node9>{24.500546}</ynbr_node9>
<ynbr_node10>{25.397905}</ynbr_node10>
</xagent>
<xagent>
<name>Sporo</name>
<id>13</id>
<iter>401</iter>
<FP>1.000000</FP>
<K0>0.200000</K0>
<TH0>2.941593</TH0>
<R0>0.998334</R0>
<coordx>{22.137749, 21.338810, 20.439192, 19.472662, 18.476233, 17.485334, 16.541845, 15.666632, 14.908254, 14.298957, 13.863772}</coordx>
<coordy>{23.492029, 22.891848, 22.454966, 22.200331, 22.134724, 22.255657, 22.567591, 23.053217, 23.703264, 24.492767, 25.393782}</coordy>
<xnbr_node0>{17.852547}</xnbr_node0>
<xnbr_node1>{18.642094}</xnbr_node1>
<xnbr_node2>{19.535046}</xnbr_node2>
<xnbr_node3>{20.493454}</xnbr_node3>
<xnbr_node4>{21.486174}</xnbr_node4>
<xnbr_node5>{22.480072}</xnbr_node5>
<xnbr_node6>{23.438026}</xnbr_node6>
<xnbr_node7>{24.321978}</xnbr_node7>
<xnbr_node8>{25.088299}</xnbr_node8>
<xnbr_node9>{25.706099}</xnbr_node9>
<xnbr_node10>{26.157799}</xnbr_node10>
<ynbr_node0>{26.339535}</ynbr_node0>
<ynbr_node1>{26.955301}</ynbr_node1>
<ynbr_node2>{27.405485}</ynbr_node2>
<ynbr_node3>{27.684643}</ynbr_node3>
<ynbr_node4>{27.779726}</ynbr_node4>
<ynbr_node5>{27.685684}</ynbr_node5>
<ynbr_node6>{27.406094}</ynbr_node6>
<ynbr_node7>{26.942461}</ynbr_node7>
<ynbr_node8>{26.309118}</ynbr_node8>
<ynbr_node9>{25.531103}</ynbr_node9>
<ynbr_node10>{24.637119}</ynbr_node10>
</xagent>
<xagent>
<name>Sporo</name>
<id>12</id>
<iter>401</iter>
<FP>1.000000</FP>
<K0>0.200000</K0>
<TH0>2.941593</TH0>
<R0>0.998334</R0>
<coordx>{8.725837, 7.750430, 6.819442, 5.987360, 5.279325, 4.709262, 4.296618, 4.052443, 3.999604, 4.151671, 4.498998}</coordx>
<coordy>{18.973951, 19.036949, 19.338594, 19.851238, 20.528830, 21.334522, 22.233553, 23.196373, 24.186974, 25.169569, 26.103991}</coordy>
<xnbr_node0>{8.893537}</xnbr_node0>
<xnbr_node1>{9.759941}</xnbr_node1>
<xnbr_node2>{10.712050}</xnbr_node2>
<xnbr_node3>{11.700182}</xnbr_node3>
<xnbr_node4>{12.656981}</xnbr_node4>
<xnbr_node5>{13.544496}</xnbr_node5>
<xnbr_node6>{14.339032}</xnbr_node6>
<xnbr_node7>{15.011847}</xnbr_node7>
<xnbr_node8>{15.526306}</xnbr_node8>
<xnbr_node9>{15.861424}</xnbr_node9>
<xnbr_node10>{15.997092}</xnbr_node10>
<ynbr_node0>{18.350761}</ynbr_node0>
<ynbr_node1>{18.831310}</ynbr_node1>
<ynbr_node2>{19.078932}</ynbr_node2>
<ynbr_node3>{19.062061}</ynbr_node3>
<ynbr_node4>{18.812366}</ynbr_node4>
<ynbr_node5>{18.374586}</ynbr_node5>
<ynbr_node6>{17.776957}</ynbr_node6>
<ynbr_node7>{17.042999}</ynbr_node7>
<ynbr_node8>{16.186735}</ynbr_node8>
<ynbr_node9>{15.249936}</ynbr_node9>
<ynbr_node10>{14.263699}</ynbr_node10>
</xagent>
<xagent>
<name>Sporo</name>
<id>11</id>
<iter>401</iter>
<FP>1.000000</FP>
<K0>0.200000</K0>
<TH0>2.941593</TH0>
<R0>0.998334</R0>
<coordx>{49.576817, 49.580017, 49.767452, 50.132763, 50.660118, 51.337414, 52.145596, 53.051365, 54.021255, 55.015762, 55.999081}</coordx>
<coordy>{10.116157, 11.117332, 12.096406, 13.025685, 13.872841, 14.609660, 15.201084, 15.623068, 15.850825, 15.879573, 15.698655}</coordy>
<xnbr_node0>{}</xnbr_node0>
<xnbr_node1>{}</xnbr_node1>
<xnbr_node2>{}</xnbr_node2>
<xnbr_node3>{}</xnbr_node3>
<xnbr_node4>{}</xnbr_node4>
<xnbr_node5>{}</xnbr_node5>
<xnbr_node6>{}</xnbr_node6>
<xnbr_node7>{}</xnbr_node7>
<xnbr_node8>{}</xnbr_node8>
<xnbr_node9>{}</xnbr_node9>
<xnbr_node10>{}</xnbr_node10>
<ynbr_node0>{}</ynbr_node0>
<ynbr_node1>{}</ynbr_node1>
<ynbr_node2>{}</ynbr_node2>
<ynbr_node3>{}</ynbr_node3>
<ynbr_node4>{}</ynbr_node4>
<ynbr_node5>{}</ynbr_node5>
<ynbr_node6>{}</ynbr_node6>
<ynbr_node7>{}</ynbr_node7>
<ynbr_node8>{}</ynbr_node8>
<ynbr_node9>{}</ynbr_node9>
<ynbr_node10>{}</ynbr_node10>
</xagent>
<xagent>
<name>Sporo</name>
<id>10</id>
<iter>401</iter>
<FP>1.000000</FP>
<K0>0.200000</K0>
<TH0>2.941593</TH0>
<R0>0.998334</R0>
<coordx>{38.519382, 38.760750, 39.185360, 39.773029, 40.500565, 41.345051, 42.272770, 43.255211, 44.252815, 45.226391, 46.130249}</coordx>
<coordy>{11.623311, 12.596510, 13.500827, 14.313637, 15.001742, 15.537121, 15.907489, 16.087666, 16.067118, 15.839147, 15.417857}</coordy>
<xnbr_node0>{}</xnbr_node0>
<xnbr_node1>{}</xnbr_node1>
<xnbr_node2>{}</xnbr_node2>
<xnbr_node3>{}</xnbr_node3>
<xnbr_node4>{}</xnbr_node4>
<xnbr_node5>{}</xnbr_node5>
<xnbr_node6>{}</xnbr_node6>
<xnbr_node7>{}</xnbr_node7>
<xnbr_node8>{}</xnbr_node8>
<xnbr_node9>{}</xnbr_node9>
<xnbr_node10>{}</xnbr_node10>
<ynbr_node0>{}</ynbr_node0>
<ynbr_node1>{}</ynbr_node1>
<ynbr_node2>{}</ynbr_node2>
<ynbr_node3>{}</ynbr_node3>
<ynbr_node4>{}</ynbr_node4>
<ynbr_node5>{}</ynbr_node5>
<ynbr_node6>{}</ynbr_node6>
<ynbr_node7>{}</ynbr_node7>
<ynbr_node8>{}</ynbr_node8>
<ynbr_node9>{}</ynbr_node9>
<ynbr_node10>{}</ynbr_node10>
</xagent>
<xagent>
<name>Sporo</name>
<id>9</id>
<iter>401</iter>
<FP>1.000000</FP>
<K0>0.200000</K0>
<TH0>2.941593</TH0>
<R0>0.998334</R0>
<coordx>{27.717442, 28.424902, 29.260189, 30.179415, 31.156788, 32.156261, 33.140224, 34.071953, 34.915745, 35.628887, 36.189167}</coordx>
<coordy>{15.471929, 16.181982, 16.736208, 17.128551, 17.340792, 17.366693, 17.203260, 16.853399, 16.323654, 15.629202, 14.800794}</coordy>
<xnbr_node0>{19.676929}</xnbr_node0>
<xnbr_node1>{19.657011}</xnbr_node1>
<xnbr_node2>{19.827213}</xnbr_node2>
<xnbr_node3>{20.177839}</xnbr_node3>
<xnbr_node4>{20.696552}</xnbr_node4>
<xnbr_node5>{21.359838}</xnbr_node5>
<xnbr_node6>{22.153154}</xnbr_node6>
<xnbr_node7>{23.046926}</xnbr_node7>
<xnbr_node8>{24.009480}</xnbr_node8>
<xnbr_node9>{25.004372}</xnbr_node9>
<xnbr_node10>{25.989450}</xnbr_node10>
<ynbr_node0>{10.015988}</ynbr_node0>
<ynbr_node1>{11.014012}</ynbr_node1>
<ynbr_node2>{11.998442}</ynbr_node2>
<ynbr_node3>{12.934982}</ynbr_node3>
<ynbr_node4>{13.787911}</ynbr_node4>
<ynbr_node5>{14.530924}</ynbr_node5>
<ynbr_node6>{15.141466}</ynbr_node6>
<ynbr_node7>{15.587152}</ynbr_node7>
<ynbr_node8>{15.836535}</ynbr_node8>
<ynbr_node9>{15.886004}</ynbr_node9>
<ynbr_node10>{15.735426}</ynbr_node10>
</xagent>
<xagent>
<name>Sporo</name>
<id>8</id>
<iter>401</iter>
<FP>1.000000</FP>
<K0>0.200000</K0>
<TH0>2.941593</TH0>
<R0>0.998334</R0>
<coordx>{19.675877, 19.656038, 19.823771, 20.176540, 20.689196, 21.353365, 22.145531, 23.035734, 23.999575, 24.992851, 25.981794}</coordx>
<coordy>{10.004881, 11.004850, 11.991594, 12.922245, 13.780811, 14.525222, 15.136176, 15.582922, 15.835856, 15.890596, 15.739635}</coordy>
<xnbr_node0>{27.725740}</xnbr_node0>
<xnbr_node1>{28.434591}</xnbr_node1>
<xnbr_node2>{29.268955}</xnbr_node2>
<xnbr_node3>{30.190170}</xnbr_node3>
<xnbr_node4>{31.165243}</xnbr_node4>
<xnbr_node5>{32.164249}</xnbr_node5>
<xnbr_node6>{33.147705}</xnbr_node6>
<xnbr_node7>{34.079006}</xnbr_node7>
<xnbr_node8>{34.923592}</xnbr_node8>
<xnbr_node9>{35.634560}</xnbr_node9>
<xnbr_node10>{36.192459}</xnbr_node10>
<ynbr_node0>{15.478990}</ynbr_node0>
<ynbr_node1>{16.186947}</ynbr_node1>
<ynbr_node2>{16.740362}</ynbr_node2>
<ynbr_node3>{17.131802}</ynbr_node3>
<ynbr_node4>{17.342537}</ynbr_node4>
<ynbr_node5>{17.365976}</ynbr_node5>
<ynbr_node6>{17.201277}</ynbr_node6>
<ynbr_node7>{16.848667}</ynbr_node7>
<ynbr_node8>{16.317089}</ynbr_node8>
<ynbr_node9>{15.621870}</ynbr_node9>
<ynbr_node10>{14.793014}</ynbr_node10>
</xagent>
<xagent>
<name>Sporo</name>
<id>7</id>
<iter>401</iter>
<FP>1.000000</FP>
<K0>0.200000</K0>
<TH0>2.941593</TH0>
<R0>0.998334</R0>
<coordx>{8.883851, 9.749917, 10.706623, 11.690955, 12.650045, 13.539120, 14.332887, 15.006795, 15.522494, 15.858397, 15.996415}</coordx>
<coordy>{18.342176, 18.824656, 19.079285, 19.065153, 18.819138, 18.377748, 17.784155, 17.051407, 16.197161, 15.259000, 14.273114}</coordy>
<xnbr_node0>{8.714437}</xnbr_node0>
<xnbr_node1>{7.737114}</xnbr_node1>
<xnbr_node2>{6.809718}</xnbr_node2>
<xnbr_node3>{5.981393}</xnbr_node3>
<xnbr_node4>{5.274182}</xnbr_node4>
<xnbr_node5>{4.706269}</xnbr_node5>
<xnbr_node6>{4.294522}</xnbr_node6>
<xnbr_node7>{4.050779}</xnbr_node7>
<xnbr_node8>{4.000731}</xnbr_node8>
<xnbr_node9>{4.153268}</xnbr_node9>
<xnbr_node10>{4.502595}</xnbr_node10>
<ynbr_node0>{18.973251}</ynbr_node0>
<ynbr_node1>{19.037378}</ynbr_node1>
<ynbr_node2>{19.340914}</ynbr_node2>
<ynbr_node3>{19.853760}</ynbr_node3>
<ynbr_node4>{20.536346}</ynbr_node4>
<ynbr_node5>{21.342821}</ynbr_node5>
<ynbr_node6>{22.242447}</ynbr_node6>
<ynbr_node7>{23.206236}</ynbr_node7>
<ynbr_node8>{24.197800}</ynbr_node8>
<ynbr_node9>{25.179361}</ynbr_node9>
<ynbr_node10>{26.114550}</ynbr_node10>
</xagent>
<xagent>
<name>Sporo</name>
<id>6</id>
<iter>401</iter>
<FP>1.000000</FP>
<K0>0.200000</K0>
<TH0>2.941593</TH0>
<R0>0.998334</R0>
<coordx>{11.716865, 10.812116, 9.849610, 8.852088, 7.860700, 6.906865, 6.032059, 5.265582, 4.640912, 4.192872, 3.933969}</coordx>
<coordy>{12.168425, 11.741187, 11.490114, 11.423702, 11.544898, 11.852333, 12.331737, 12.971939, 13.752687, 14.641694, 15.607087}</coordy>
<xnbr_node0>{}</xnbr_node0>
<xnbr_node1>{}</xnbr_node1>
<xnbr_node2>{}</xnbr_node2>
<xnbr_node3>{}</xnbr_node3>
<xnbr_node4>{}</xnbr_node4>
<xnbr_node5>{}</xnbr_node5>
<xnbr_node6>{}</xnbr_node6>
<xnbr_node7>{}</xnbr_node7>
<xnbr_node8>{}</xnbr_node8>
<xnbr_node9>{}</xnbr_node9>
<xnbr_node10>{}</xnbr_node10>
<ynbr_node0>{}</ynbr_node0>
<ynbr_node1>{}</ynbr_node1>
<ynbr_node2>{}</ynbr_node2>
<ynbr_node3>{}</ynbr_node3>
<ynbr_node4>{}</ynbr_node4>
<ynbr_node5>{}</ynbr_node5>
<ynbr_node6>{}</ynbr_node6>
<ynbr_node7>{}</ynbr_node7>
<ynbr_node8>{}</ynbr_node8>
<ynbr_node9>{}</ynbr_node9>
<ynbr_node10>{}</ynbr_node10>
</xagent>
<xagent>
<name>Sporo</name>
<id>5</id>
<iter>401</iter>
<FP>1.000000</FP>
<K0>0.200000</K0>
<TH0>2.941593</TH0>
<R0>0.998334</R0>
<coordx>{58.771992, 59.063892, 59.167915, 59.084553, 58.825077, 58.386837, 57.786591, 57.043175, 56.181950, 55.235970, 54.243847}</coordx>
<coordy>{11.239504, 10.278240, 9.287785, 8.285860, 7.323292, 6.428633, 5.628306, 4.960239, 4.457996, 4.150487, 4.037557}</coordy>
<xnbr_node0>{}</xnbr_node0>
<xnbr_node1>{}</xnbr_node1>
<xnbr_node2>{}</xnbr_node2>
<xnbr_node3>{}</xnbr_node3>
<xnbr_node4>{}</xnbr_node4>
<xnbr_node5>{}</xnbr_node5>
<xnbr_node6>{}</xnbr_node6>
<xnbr_node7>{}</xnbr_node7>
<xnbr_node8>{}</xnbr_node8>
<xnbr_node9>{}</xnbr_node9>
<xnbr_node10>{}</xnbr_node10>
<ynbr_node0>{}</ynbr_node0>
<ynbr_node1>{}</ynbr_node1>
<ynbr_node2>{}</ynbr_node2>
<ynbr_node3>{}</ynbr_node3>
<ynbr_node4>{}</ynbr_node4>
<ynbr_node5>{}</ynbr_node5>
<ynbr_node6>{}</ynbr_node6>
<ynbr_node7>{}</ynbr_node7>
<ynbr_node8>{}</ynbr_node8>
<ynbr_node9>{}</ynbr_node9>
<ynbr_node10>{}</ynbr_node10>
</xagent>
<xagent>
<name>Sporo</name>
<id>4</id>
<iter>401</iter>
<FP>1.000000</FP>
<K0>0.200000</K0>
<TH0>2.941593</TH0>
<R0>0.998334</R0>
<coordx>{43.439060, 42.862366, 42.443775, 42.200176, 42.133865, 42.256435, 42.555573, 43.044151, 43.697063, 44.491268, 45.388981}</coordx>
<coordy>{-2.135745, -1.321896, -0.418467, 0.550368, 1.548245, 2.539546, 3.490810, 4.361560, 5.115802, 5.727119, 6.152634}</coordy>
<xnbr_node0>{48.490719}</xnbr_node0>
<xnbr_node1>{47.520233}</xnbr_node1>
<xnbr_node2>{46.616146}</xnbr_node2>
<xnbr_node3>{45.799149}</xnbr_node3>
<xnbr_node4>{45.101841}</xnbr_node4>
<xnbr_node5>{44.533745}</xnbr_node5>
<xnbr_node6>{44.135712}</xnbr_node6>
<xnbr_node7>{43.927536}</xnbr_node7>
<xnbr_node8>{43.930759}</xnbr_node8>
<xnbr_node9>{44.129517}</xnbr_node9>
<xnbr_node10>{44.533478}</xnbr_node10>
<ynbr_node0>{-11.374340}</ynbr_node0>
<ynbr_node1>{-11.138466}</ynbr_node1>
<ynbr_node2>{-10.718708}</ynbr_node2>
<ynbr_node3>{-10.134483}</ynbr_node3>
<ynbr_node4>{-9.422413}</ynbr_node4>
<ynbr_node5>{-8.596554}</ynbr_node5>
<ynbr_node6>{-7.683868}</ynbr_node6>
<ynbr_node7>{-6.707211}</ynbr_node7>
<ynbr_node8>{-5.710346}</ynbr_node8>
<ynbr_node9>{-4.735111}</ynbr_node9>
<ynbr_node10>{-3.822144}</ynbr_node10>
</xagent>
<xagent>
<name>Sporo</name>
<id>3</id>
<iter>401</iter>
<FP>1.000000</FP>
<K0>0.200000</K0>
<TH0>2.941593</TH0>
<R0>0.998334</R0>
<coordx>{27.924801, 28.508783, 29.240822, 30.092981, 31.030758, 32.017578, 33.010899, 33.968582, 34.846405, 35.608845, 36.223080}</coordx>
<coordy>{4.645615, 5.457996, 6.136223, 6.652578, 6.991344, 7.132171, 7.063539, 6.783815, 6.313805, 5.673636, 4.891090}</coordy>
<xnbr_node0>{28.912258}</xnbr_node0>
<xnbr_node1>{29.163212}</xnbr_node1>
<xnbr_node2>{29.231455}</xnbr_node2>
<xnbr_node3>{29.107958}</xnbr_node3>
<xnbr_node4>{28.811548}</xnbr_node4>
<xnbr_node5>{28.348486}</xnbr_node5>
<xnbr_node6>{27.735510}</xnbr_node6>
<xnbr_node7>{26.987440}</xnbr_node7>
<xnbr_node8>{26.127157}</xnbr_node8>
<xnbr_node9>{25.181381}</xnbr_node9>
<xnbr_node10>{24.193674}</xnbr_node10>
<ynbr_node0>{11.220652}</ynbr_node0>
<ynbr_node1>{10.253288}</ynbr_node1>
<ynbr_node2>{9.257236}</ynbr_node2>
<ynbr_node3>{8.266926}</ynbr_node3>
<ynbr_node4>{7.314843}</ynbr_node4>
<ynbr_node5>{6.431546}</ynbr_node5>
<ynbr_node6>{5.642441}</ynbr_node6>
<ynbr_node7>{4.981582}</ynbr_node7>
<ynbr_node8>{4.475563}</ynbr_node8>
<ynbr_node9>{4.156134}</ynbr_node9>
<ynbr_node10>{4.029436}</ynbr_node10>
</xagent>
<xagent>
<name>Sporo</name>
<id>2</id>
<iter>401</iter>
<FP>1.000000</FP>
<K0>0.200000</K0>
<TH0>2.941593</TH0>
<R0>0.998334</R0>
<coordx>{28.909700, 29.162500, 29.230400, 29.109833, 28.815762, 28.354904, 27.741398, 26.994038, 26.136784, 25.192148, 24.203125}</coordx>
<coordy>{11.230715, 10.266378, 9.267457, 8.278070, 7.326677, 6.440446, 5.650749, 4.987011, 4.480106, 4.160021, 4.031310}</coordy>
<xnbr_node0>{27.931389, 22.267071}</xnbr_node0>
<xnbr_node1>{28.517508, 21.556726}</xnbr_node1>
<xnbr_node2>{29.247019, 20.727272}</xnbr_node2>
<xnbr_node3>{30.105169, 19.813457}</xnbr_node3>
<xnbr_node4>{31.040297, 18.839577}</xnbr_node4>
<xnbr_node5>{32.028137, 17.843359}</xnbr_node5>
<xnbr_node6>{33.020535, 16.854094}</xnbr_node6>
<xnbr_node7>{33.975319, 15.922776}</xnbr_node7>
<xnbr_node8>{34.855152, 15.075568}</xnbr_node8>
<xnbr_node9>{35.616272, 14.357115}</xnbr_node9>
<xnbr_node10>{36.228951, 13.790228}</xnbr_node10>
<ynbr_node0>{4.655480, 4.589840}</ynbr_node0>
<ynbr_node1>{5.463648, 3.885234}</ynbr_node1>
<ynbr_node2>{6.141263, 3.321502}</ynbr_node2>
<ynbr_node3>{6.658684, 2.923208}</ynbr_node3>
<ynbr_node4>{6.993869, 2.701695}</ynbr_node4>
<ynbr_node5>{7.132896, 2.666778}</ynbr_node5>
<ynbr_node6>{7.062432, 2.818023}</ynbr_node6>
<ynbr_node7>{6.781322, 3.166099}</ynbr_node7>
<ynbr_node8>{6.308293, 3.695695}</ynbr_node8>
<ynbr_node9>{5.664616, 4.382666}</ynbr_node9>
<ynbr_node10>{4.880626, 5.201997}</ynbr_node10>
</xagent>
<xagent>
<name>Sporo</name>
<id>1</id>
<iter>401</iter>
<FP>1.000000</FP>
<K0>0.200000</K0>
<TH0>2.941593</TH0>
<R0>0.998334</R0>
<coordx>{22.273636, 21.563862, 20.736435, 19.824322, 18.849691, 17.851660, 16.864719, 15.931356, 15.084555, 14.361957, 13.795015}</coordx>
<coordy>{4.599730, 3.892874, 3.325276, 2.927627, 2.701694, 2.662408, 2.815617, 3.161862, 3.688614, 4.376224, 5.196320}</coordy>
<xnbr_node0>{28.912258}</xnbr_node0>
<xnbr_node1>{29.163212}</xnbr_node1>
<xnbr_node2>{29.231455}</xnbr_node2>
<xnbr_node3>{29.107958}</xnbr_node3>
<xnbr_node4>{28.811548}</xnbr_node4>
<xnbr_node5>{28.348486}</xnbr_node5>
<xnbr_node6>{27.735510}</xnbr_node6>
<xnbr_node7>{26.987440}</xnbr_node7>
<xnbr_node8>{26.127157}</xnbr_node8>
<xnbr_node9>{25.181381}</xnbr_node9>
<xnbr_node10>{24.193674}</xnbr_node10>
<ynbr_node0>{11.220652}</ynbr_node0>
<ynbr_node1>{10.253288}</ynbr_node1>
<ynbr_node2>{9.257236}</ynbr_node2>
<ynbr_node3>{8.266926}</ynbr_node3>
<ynbr_node4>{7.314843}</ynbr_node4>
<ynbr_node5>{6.431546}</ynbr_node5>
<ynbr_node6>{5.642441}</ynbr_node6>
<ynbr_node7>{4.981582}</ynbr_node7>
<ynbr_node8>{4.475563}</ynbr_node8>
<ynbr_node9>{4.156134}</ynbr_node9>
<ynbr_node10>{4.029436}</ynbr_node10>
</xagent>
</states>
