<states>
<itno>501</itno>
<environment>
<NNODES>11</NNODES>
<WIDTH>0.450000</WIDTH>
<DT>0.010000</DT>
<NOISE>0.000100</NOISE>
<DELTA>1.800000</DELTA>
<KEL>30.000000</KEL>
<KI>0.020000</KI>
<KTH>4.000000</KTH>
<SIDEBOX>0.000000</SIDEBOX>
<SIDEX>60</SIDEX>
<SIDEY>60</SIDEY>
</environment>
<xagent>
<name>Sporo</name>
<id>36</id>
<iter>501</iter>
<FP>1.000000</FP>
<K0>0.200000</K0>
<TH0>2.941593</TH0>
<R0>0.998334</R0>
<coordx>{8.500224, 7.512669, 6.565166, 5.696844, 4.934657, 4.307563, 3.850047, 3.593763, 3.559817, 3.754220, 4.150777}</coordx>
<coordy>{-1.534486, -1.392371, -1.064444, -0.575190, 0.068957, 0.842068, 1.727769, 2.688272, 3.681321, 4.659677, 5.574358}</coordy>
<xnbr_node0>{0.286517}</xnbr_node0>
<xnbr_node1>{1.273112}</xnbr_node1>
<xnbr_node2>{2.251766}</xnbr_node2>
<xnbr_node3>{3.187570}</xnbr_node3>
<xnbr_node4>{4.048213}</xnbr_node4>
<xnbr_node5>{4.795191}</xnbr_node5>
<xnbr_node6>{5.410738}</xnbr_node6>
<xnbr_node7>{5.848188}</xnbr_node7>
<xnbr_node8>{6.089547}</xnbr_node8>
<xnbr_node9>{6.118209}</xnbr_node9>
<xnbr_node10>{5.931607}</xnbr_node10>
<ynbr_node0>{0.871502}</ynbr_node0>
<ynbr_node1>{0.878124}</ynbr_node1>
<ynbr_node2>{0.713337}</ynbr_node2>
<ynbr_node3>{0.374912}</ynbr_node3>
<ynbr_node4>{-0.125092}</ynbr_node4>
<ynbr_node5>{-0.782429}</ynbr_node5>
<ynbr_node6>{-1.567104}</ynbr_node6>
<ynbr_node7>{-2.459808}</ynbr_node7>
<ynbr_node8>{-3.426800}</ynbr_node8>
<ynbr_node9>{-4.426189}</ynbr_node9>
<ynbr_node10>{-5.408199}</ynbr_node10>
</xagent>
<xagent>
<name>Sporo</name>
<id>35</id>
<iter>501</iter>
<FP>1.000000</FP>
<K0>0.200000</K0>
<TH0>2.941593</TH0>
<R0>0.998334</R0>
<coordx>{59.637932, 59.916992, 60.023163, 59.941486, 59.669807, 59.221542, 58.611786, 57.865162, 57.000774, 56.049713, 55.055740}</coordx>
<coordy>{61.325890, 60.358917, 59.374596, 58.387207, 57.427113, 56.535412, 55.740269, 55.084789, 54.586021, 54.276669, 54.170467}</coordy>
<xnbr_node0>{60.286518}</xnbr_node0>
<xnbr_node1>{61.273113}</xnbr_node1>
<xnbr_node2>{62.251766}</xnbr_node2>
<xnbr_node3>{63.187569}</xnbr_node3>
<xnbr_node4>{64.048210}</xnbr_node4>
<xnbr_node5>{64.795189}</xnbr_node5>
<xnbr_node6>{65.410736}</xnbr_node6>
<xnbr_node7>{65.848190}</xnbr_node7>
<xnbr_node8>{66.089546}</xnbr_node8>
<xnbr_node9>{66.118210}</xnbr_node9>
<xnbr_node10>{65.931610}</xnbr_node10>
<ynbr_node0>{60.871502}</ynbr_node0>
<ynbr_node1>{60.878124}</ynbr_node1>
<ynbr_node2>{60.713337}</ynbr_node2>
<ynbr_node3>{60.374912}</ynbr_node3>
<ynbr_node4>{59.874908}</ynbr_node4>
<ynbr_node5>{59.217571}</ynbr_node5>
<ynbr_node6>{58.432896}</ynbr_node6>
<ynbr_node7>{57.540192}</ynbr_node7>
<ynbr_node8>{56.573200}</ynbr_node8>
<ynbr_node9>{55.573811}</ynbr_node9>
<ynbr_node10>{54.591801}</ynbr_node10>
</xagent>
<xagent>
<name>Sporo</name>
<id>34</id>
<iter>501</iter>
<FP>1.000000</FP>
<K0>0.200000</K0>
<TH0>2.941593</TH0>
<R0>0.998334</R0>
<coordx>{49.501717, 48.504528, 47.537270, 46.629349, 45.816242, 45.114105, 44.555424, 44.161976, 43.960438, 43.962654, 44.171001}</coordx>
<coordy>{48.552292, 48.611420, 48.859909, 49.280987, 49.861412, 50.575634, 51.401176, 52.319977, 53.290462, 54.288521, 55.264881}</coordy>
<xnbr_node0>{40.816750, 44.144188}</xnbr_node0>
<xnbr_node1>{41.812401, 43.424744}</xnbr_node1>
<xnbr_node2>{42.768269, 42.847462}</xnbr_node2>
<xnbr_node3>{43.656864, 42.431049}</xnbr_node3>
<xnbr_node4>{44.445755, 42.192570}</xnbr_node4>
<xnbr_node5>{45.112720, 42.132202}</xnbr_node5>
<xnbr_node6>{45.634285, 42.260590}</xnbr_node6>
<xnbr_node7>{45.981991, 42.577667}</xnbr_node7>
<xnbr_node8>{46.135803, 43.075691}</xnbr_node8>
<xnbr_node9>{46.076702, 43.735851}</xnbr_node9>
<xnbr_node10>{45.824955, 44.535358}</xnbr_node10>
<ynbr_node0>{51.602936, 57.171471}</ynbr_node0>
<ynbr_node1>{51.506550, 57.863613}</ynbr_node1>
<ynbr_node2>{51.226963, 58.679718}</ynbr_node2>
<ynbr_node3>{50.775368, 59.584862}</ynbr_node3>
<ynbr_node4>{50.165665, 60.560829}</ynbr_node4>
<ynbr_node5>{49.426414, 61.554184}</ynbr_node5>
<ynbr_node6>{48.575466, 62.546162}</ynbr_node6>
<ynbr_node7>{47.639908, 63.493248}</ynbr_node7>
<ynbr_node8>{46.654057, 64.359863}</ynbr_node8>
<ynbr_node9>{45.659534, 65.107773}</ynbr_node9>
<ynbr_node10>{44.694885, 65.703140}</ynbr_node10>
</xagent>
<xagent>
<name>Sporo</name>
<id>33</id>
<iter>501</iter>
<FP>1.000000</FP>
<K0>0.200000</K0>
<TH0>2.941593</TH0>
<R0>0.998334</R0>
<coordx>{30.403282, 31.400072, 32.376686, 33.299606, 34.127975, 34.841534, 35.408192, 35.802063, 36.003872, 36.004391, 35.806969}</coordx>
<coordy>{61.377277, 61.354675, 61.142601, 60.756229, 60.199837, 59.502239, 58.672497, 57.757103, 56.782539, 55.783485, 54.808464}</coordy>
<xnbr_node0>{}</xnbr_node0>
<xnbr_node1>{}</xnbr_node1>
<xnbr_node2>{}</xnbr_node2>
<xnbr_node3>{}</xnbr_node3>
<xnbr_node4>{}</xnbr_node4>
<xnbr_node5>{}</xnbr_node5>
<xnbr_node6>{}</xnbr_node6>
<xnbr_node7>{}</xnbr_node7>
<xnbr_node8>{}</xnbr_node8>
<xnbr_node9>{}</xnbr_node9>
<xnbr_node10>{}</xnbr_node10>
<ynbr_node0>{}</ynbr_node0>
<ynbr_node1>{}</ynbr_node1>
<ynbr_node2>{}</ynbr_node2>
<ynbr_node3>{}</ynbr_node3>
<ynbr_node4>{}</ynbr_node4>
<ynbr_node5>{}</ynbr_node5>
<ynbr_node6>{}</ynbr_node6>
<ynbr_node7>{}</ynbr_node7>
<ynbr_node8>{}</ynbr_node8>
<ynbr_node9>{}</ynbr_node9>
<ynbr_node10>{}</ynbr_node10>
</xagent>
<xagent>
<name>Sporo</name>
<id>32</id>
<iter>501</iter>
<FP>1.000000</FP>
<K0>0.200000</K0>
<TH0>2.941593</TH0>
<R0>0.998334</R0>
<coordx>{17.592501, 18.419746, 19.340733, 20.315495, 21.311541, 22.299784, 23.236292, 24.088169, 24.818163, 25.396338, 25.797884}</coordx>
<coordy>{57.559544, 58.114906, 58.501945, 58.715042, 58.748425, 58.590878, 58.246521, 57.730492, 57.052055, 56.239586, 55.327049}</coordy>
<xnbr_node0>{}</xnbr_node0>
<xnbr_node1>{}</xnbr_node1>
<xnbr_node2>{}</xnbr_node2>
<xnbr_node3>{}</xnbr_node3>
<xnbr_node4>{}</xnbr_node4>
<xnbr_node5>{}</xnbr_node5>
<xnbr_node6>{}</xnbr_node6>
<xnbr_node7>{}</xnbr_node7>
<xnbr_node8>{}</xnbr_node8>
<xnbr_node9>{}</xnbr_node9>
<xnbr_node10>{}</xnbr_node10>
<ynbr_node0>{}</ynbr_node0>
<ynbr_node1>{}</ynbr_node1>
<ynbr_node2>{}</ynbr_node2>
<ynbr_node3>{}</ynbr_node3>
<ynbr_node4>{}</ynbr_node4>
<ynbr_node5>{}</ynbr_node5>
<ynbr_node6>{}</ynbr_node6>
<ynbr_node7>{}</ynbr_node7>
<ynbr_node8>{}</ynbr_node8>
<ynbr_node9>{}</ynbr_node9>
<ynbr_node10>{}</ynbr_node10>
</xagent>
<xagent>
<name>Sporo</name>
<id>31</id>
<iter>501</iter>
<FP>1.000000</FP>
<K0>0.200000</K0>
<TH0>2.941593</TH0>
<R0>0.998334</R0>
<coordx>{7.373004, 7.760717, 8.309189, 9.008493, 9.818783, 10.729075, 11.698504, 12.693436, 13.679653, 14.612552, 15.455132}</coordx>
<coordy>{52.956917, 53.878395, 54.709984, 55.427116, 56.001984, 56.414406, 56.652393, 56.697796, 56.547363, 56.195957, 55.659779}</coordy>
<xnbr_node0>{8.489998, 0.286517}</xnbr_node0>
<xnbr_node1>{7.501790, 1.273112}</xnbr_node1>
<xnbr_node2>{6.558989, 2.251766}</xnbr_node2>
<xnbr_node3>{5.690154, 3.187570}</xnbr_node3>
<xnbr_node4>{4.927068, 4.048213}</xnbr_node4>
<xnbr_node5>{4.300889, 4.795191}</xnbr_node5>
<xnbr_node6>{3.845288, 5.410738}</xnbr_node6>
<xnbr_node7>{3.591916, 5.848188}</xnbr_node7>
<xnbr_node8>{3.561086, 6.089547}</xnbr_node8>
<xnbr_node9>{3.754084, 6.118209}</xnbr_node9>
<xnbr_node10>{4.157102, 5.931607}</xnbr_node10>
<ynbr_node0>{58.467903, 60.871502}</ynbr_node0>
<ynbr_node1>{58.609642, 60.878124}</ynbr_node1>
<ynbr_node2>{58.940887, 60.713337}</ynbr_node2>
<ynbr_node3>{59.430225, 60.374912}</ynbr_node3>
<ynbr_node4>{60.075947, 59.874908}</ynbr_node4>
<ynbr_node5>{60.851322, 59.217571}</ynbr_node5>
<ynbr_node6>{61.737167, 58.432896}</ynbr_node6>
<ynbr_node7>{62.697353, 57.540192}</ynbr_node7>
<ynbr_node8>{63.691570, 56.573200}</ynbr_node8>
<ynbr_node9>{64.666656, 55.573811}</ynbr_node9>
<ynbr_node10>{65.584030, 54.591801}</ynbr_node10>
</xagent>
<xagent>
<name>Sporo</name>
<id>30</id>
<iter>501</iter>
<FP>1.000000</FP>
<K0>0.200000</K0>
<TH0>2.941593</TH0>
<R0>0.998334</R0>
<coordx>{0.277627, 1.266340, 2.242055, 3.179289, 4.039936, 4.790949, 5.406069, 5.845611, 6.087499, 6.119416, 5.935097}</coordx>
<coordy>{60.876884, 60.880020, 60.714264, 60.379745, 59.879452, 59.224831, 58.441730, 57.548607, 56.582211, 55.585049, 54.604504}</coordy>
<xnbr_node0>{8.489998, -0.357323, 7.379754}</xnbr_node0>
<xnbr_node1>{7.501790, -0.080120, 7.766151}</xnbr_node1>
<xnbr_node2>{6.558989, 0.024525, 8.317320}</xnbr_node2>
<xnbr_node3>{5.690154, -0.060623, 9.012638}</xnbr_node3>
<xnbr_node4>{4.927068, -0.332767, 9.826735}</xnbr_node4>
<xnbr_node5>{4.300889, -0.784004, 10.737234}</xnbr_node5>
<xnbr_node6>{3.845288, -1.394470, 11.709070}</xnbr_node6>
<xnbr_node7>{3.591916, -2.142506, 12.704828}</xnbr_node7>
<xnbr_node8>{3.561086, -3.007545, 13.686387}</xnbr_node8>
<xnbr_node9>{3.754084, -3.960449, 14.620152}</xnbr_node9>
<xnbr_node10>{4.157102, -4.953716, 15.462980}</xnbr_node10>
<ynbr_node0>{58.467903, 61.317833, 52.968964}</ynbr_node0>
<ynbr_node1>{58.609642, 60.353870, 53.886482}</ynbr_node1>
<ynbr_node2>{58.940887, 59.367977, 54.717815}</ynbr_node2>
<ynbr_node3>{59.430225, 58.377380, 55.432213}</ynbr_node3>
<ynbr_node4>{60.075947, 57.419392, 56.007210}</ynbr_node4>
<ynbr_node5>{60.851322, 56.527576, 56.417980}</ynbr_node5>
<ynbr_node6>{61.737167, 55.734570, 56.653393}</ynbr_node6>
<ynbr_node7>{62.697353, 55.079586, 56.699780}</ynbr_node7>
<ynbr_node8>{63.691570, 54.581425, 56.544708}</ynbr_node8>
<ynbr_node9>{64.666656, 54.273262, 56.192329}</ynbr_node9>
<ynbr_node10>{65.584030, 54.170696, 55.652534}</ynbr_node10>
</xagent>
<xagent>
<name>Sporo</name>
<id>29</id>
<iter>501</iter>
<FP>1.000000</FP>
<K0>0.200000</K0>
<TH0>2.941593</TH0>
<R0>0.998334</R0>
<coordx>{47.660572, 47.932713, 48.384895, 48.992966, 49.739658, 50.596889, 51.534966, 52.519375, 53.515244, 54.484409, 55.381439}</coordx>
<coordy>{42.157261, 43.119244, 44.009678, 44.800873, 45.465210, 45.980373, 46.320290, 46.472279, 46.423622, 46.174492, 45.735661}</coordy>
<xnbr_node0>{40.816750}</xnbr_node0>
<xnbr_node1>{41.812401}</xnbr_node1>
<xnbr_node2>{42.768269}</xnbr_node2>
<xnbr_node3>{43.656864}</xnbr_node3>
<xnbr_node4>{44.445755}</xnbr_node4>
<xnbr_node5>{45.112720}</xnbr_node5>
<xnbr_node6>{45.634285}</xnbr_node6>
<xnbr_node7>{45.981991}</xnbr_node7>
<xnbr_node8>{46.135803}</xnbr_node8>
<xnbr_node9>{46.076702}</xnbr_node9>
<xnbr_node10>{45.824955}</xnbr_node10>
<ynbr_node0>{51.602936}</ynbr_node0>
<ynbr_node1>{51.506550}</ynbr_node1>
<ynbr_node2>{51.226963}</ynbr_node2>
<ynbr_node3>{50.775368}</ynbr_node3>
<ynbr_node4>{50.165665}</ynbr_node4>
<ynbr_node5>{49.426414}</ynbr_node5>
<ynbr_node6>{48.575466}</ynbr_node6>
<ynbr_node7>{47.639908}</ynbr_node7>
<ynbr_node8>{46.654057}</ynbr_node8>
<ynbr_node9>{45.659534}</ynbr_node9>
<ynbr_node10>{44.694885}</ynbr_node10>
</xagent>
<xagent>
<name>Sporo</name>
<id>28</id>
<iter>501</iter>
<FP>1.000000</FP>
<K0>0.200000</K0>
<TH0>2.941593</TH0>
<R0>0.998334</R0>
<coordx>{40.808968, 41.802067, 42.758270, 43.647556, 44.438648, 45.106476, 45.629292, 45.979710, 46.133530, 46.079926, 45.829689}</coordx>
<coordy>{51.602207, 51.506649, 51.231491, 50.780930, 50.172256, 49.438065, 48.583698, 47.649979, 46.664204, 45.668335, 44.704205}</coordy>
<xnbr_node0>{49.492496, 47.660336}</xnbr_node0>
<xnbr_node1>{48.495579, 47.939369}</xnbr_node1>
<xnbr_node2>{47.527550, 48.388420}</xnbr_node2>
<xnbr_node3>{46.623203, 49.000607}</xnbr_node3>
<xnbr_node4>{45.808380, 49.747467}</xnbr_node4>
<xnbr_node5>{45.108109, 50.607048}</xnbr_node5>
<xnbr_node6>{44.549751, 51.542858}</xnbr_node6>
<xnbr_node7>{44.157330, 52.528370}</xnbr_node7>
<xnbr_node8>{43.956211, 53.525127}</xnbr_node8>
<xnbr_node9>{43.965153, 54.493385}</xnbr_node9>
<xnbr_node10>{44.175636, 55.391342}</xnbr_node10>
<ynbr_node0>{48.552948, 42.168171}</ynbr_node0>
<ynbr_node1>{48.613068, 43.129883}</ynbr_node1>
<ynbr_node2>{48.863316, 44.019577}</ynbr_node2>
<ynbr_node3>{49.286366, 44.810051}</ynbr_node3>
<ynbr_node4>{49.870045, 45.473118}</ynbr_node4>
<ynbr_node5>{50.584358, 45.984901}</ynbr_node5>
<ynbr_node6>{51.410595, 46.322594}</ynbr_node6>
<ynbr_node7>{52.323593, 46.471840}</ynbr_node7>
<ynbr_node8>{53.301941, 46.422409}</ynbr_node8>
<ynbr_node9>{54.299507, 46.170063}</ynbr_node9>
<ynbr_node10>{55.273491, 45.731281}</ynbr_node10>
</xagent>
<xagent>
<name>Sporo</name>
<id>27</id>
<iter>501</iter>
<FP>1.000000</FP>
<K0>0.200000</K0>
<TH0>2.941593</TH0>
<R0>0.998334</R0>
<coordx>{39.878643, 38.879539, 37.892097, 36.955742, 36.098026, 35.348572, 34.742504, 34.306480, 34.056873, 34.011806, 34.169247}</coordx>
<coordy>{38.875614, 38.837646, 38.997112, 39.342911, 39.856087, 40.512520, 41.305908, 42.203625, 43.168549, 44.161804, 45.147858}</coordy>
<xnbr_node0>{}</xnbr_node0>
<xnbr_node1>{}</xnbr_node1>
<xnbr_node2>{}</xnbr_node2>
<xnbr_node3>{}</xnbr_node3>
<xnbr_node4>{}</xnbr_node4>
<xnbr_node5>{}</xnbr_node5>
<xnbr_node6>{}</xnbr_node6>
<xnbr_node7>{}</xnbr_node7>
<xnbr_node8>{}</xnbr_node8>
<xnbr_node9>{}</xnbr_node9>
<xnbr_node10>{}</xnbr_node10>
<ynbr_node0>{}</ynbr_node0>
<ynbr_node1>{}</ynbr_node1>
<ynbr_node2>{}</ynbr_node2>
<ynbr_node3>{}</ynbr_node3>
<ynbr_node4>{}</ynbr_node4>
<ynbr_node5>{}</ynbr_node5>
<ynbr_node6>{}</ynbr_node6>
<ynbr_node7>{}</ynbr_node7>
<ynbr_node8>{}</ynbr_node8>
<ynbr_node9>{}</ynbr_node9>
<ynbr_node10>{}</ynbr_node10>
</xagent>
<xagent>
<name>Sporo</name>
<id>26</id>
<iter>501</iter>
<FP>1.000000</FP>
<K0>0.200000</K0>
<TH0>2.941593</TH0>
<R0>0.998334</R0>
<coordx>{19.233442, 19.137325, 19.229456, 19.497892, 19.941048, 20.548458, 21.288601, 22.152298, 23.096052, 24.083433, 25.081129}</coordx>
<coordy>{39.612995, 40.607071, 41.603615, 42.564320, 43.456306, 44.254055, 44.918091, 45.428726, 45.767143, 45.899529, 45.830967}</coordy>
<xnbr_node0>{}</xnbr_node0>
<xnbr_node1>{}</xnbr_node1>
<xnbr_node2>{}</xnbr_node2>
<xnbr_node3>{}</xnbr_node3>
<xnbr_node4>{}</xnbr_node4>
<xnbr_node5>{}</xnbr_node5>
<xnbr_node6>{}</xnbr_node6>
<xnbr_node7>{}</xnbr_node7>
<xnbr_node8>{}</xnbr_node8>
<xnbr_node9>{}</xnbr_node9>
<xnbr_node10>{}</xnbr_node10>
<ynbr_node0>{}</ynbr_node0>
<ynbr_node1>{}</ynbr_node1>
<ynbr_node2>{}</ynbr_node2>
<ynbr_node3>{}</ynbr_node3>
<ynbr_node4>{}</ynbr_node4>
<ynbr_node5>{}</ynbr_node5>
<ynbr_node6>{}</ynbr_node6>
<ynbr_node7>{}</ynbr_node7>
<ynbr_node8>{}</ynbr_node8>
<ynbr_node9>{}</ynbr_node9>
<ynbr_node10>{}</ynbr_node10>
</xagent>
<xagent>
<name>Sporo</name>
<id>25</id>
<iter>501</iter>
<FP>1.000000</FP>
<K0>0.200000</K0>
<TH0>2.941593</TH0>
<R0>0.998334</R0>
<coordx>{7.601746, 7.890201, 8.360877, 8.986896, 9.739749, 10.603411, 11.547901, 12.534752, 13.534639, 14.499527, 15.392389}</coordx>
<coordy>{42.217136, 43.172333, 44.050026, 44.833511, 45.486282, 45.988693, 46.323353, 46.466530, 46.416058, 46.163818, 45.714420}</coordy>
<xnbr_node0>{}</xnbr_node0>
<xnbr_node1>{}</xnbr_node1>
<xnbr_node2>{}</xnbr_node2>
<xnbr_node3>{}</xnbr_node3>
<xnbr_node4>{}</xnbr_node4>
<xnbr_node5>{}</xnbr_node5>
<xnbr_node6>{}</xnbr_node6>
<xnbr_node7>{}</xnbr_node7>
<xnbr_node8>{}</xnbr_node8>
<xnbr_node9>{}</xnbr_node9>
<xnbr_node10>{}</xnbr_node10>
<ynbr_node0>{}</ynbr_node0>
<ynbr_node1>{}</ynbr_node1>
<ynbr_node2>{}</ynbr_node2>
<ynbr_node3>{}</ynbr_node3>
<ynbr_node4>{}</ynbr_node4>
<ynbr_node5>{}</ynbr_node5>
<ynbr_node6>{}</ynbr_node6>
<ynbr_node7>{}</ynbr_node7>
<ynbr_node8>{}</ynbr_node8>
<ynbr_node9>{}</ynbr_node9>
<ynbr_node10>{}</ynbr_node10>
</xagent>
<xagent>
<name>Sporo</name>
<id>24</id>
<iter>501</iter>
<FP>1.000000</FP>
<K0>0.200000</K0>
<TH0>2.941593</TH0>
<R0>0.998334</R0>
<coordx>{-1.543677, -1.501699, -1.261450, -0.801249, -0.199515, 0.520606, 1.330136, 2.226311, 3.184667, 4.177293, 5.168343}</coordx>
<coordy>{40.212624, 41.216557, 42.193878, 43.081059, 43.878483, 44.581112, 45.165329, 45.605515, 45.877625, 45.956703, 45.835785}</coordy>
<xnbr_node0>{-0.704502}</xnbr_node0>
<xnbr_node1>{-0.479221}</xnbr_node1>
<xnbr_node2>{-0.410343}</xnbr_node2>
<xnbr_node3>{-0.481327}</xnbr_node3>
<xnbr_node4>{-0.683105}</xnbr_node4>
<xnbr_node5>{-1.033653}</xnbr_node5>
<xnbr_node6>{-1.538223}</xnbr_node6>
<xnbr_node7>{-2.190098}</xnbr_node7>
<xnbr_node8>{-2.977768}</xnbr_node8>
<xnbr_node9>{-3.869343}</xnbr_node9>
<xnbr_node10>{-4.838287}</xnbr_node10>
<ynbr_node0>{41.924461}</ynbr_node0>
<ynbr_node1>{40.975090}</ynbr_node1>
<ynbr_node2>{39.991585}</ynbr_node2>
<ynbr_node3>{39.002209}</ynbr_node3>
<ynbr_node4>{38.031731}</ynbr_node4>
<ynbr_node5>{37.098892}</ynbr_node5>
<ynbr_node6>{36.239628}</ynbr_node6>
<ynbr_node7>{35.489464}</ynbr_node7>
<ynbr_node8>{34.882721}</ynbr_node8>
<ynbr_node9>{34.446747}</ynbr_node9>
<ynbr_node10>{34.200447}</ynbr_node10>
</xagent>
<xagent>
<name>Sporo</name>
<id>23</id>
<iter>501</iter>
<FP>1.000000</FP>
<K0>0.200000</K0>
<TH0>2.941593</TH0>
<R0>0.998334</R0>
<coordx>{59.299622, 59.519112, 59.590157, 59.521694, 59.321201, 58.971283, 58.467636, 57.818825, 57.031155, 56.136585, 55.172012}</coordx>
<coordy>{41.933456, 40.983044, 40.000549, 39.010338, 38.040577, 37.109314, 36.247692, 35.500107, 34.888100, 34.448460, 34.204876}</coordy>
<xnbr_node0>{58.458298}</xnbr_node0>
<xnbr_node1>{58.500015}</xnbr_node1>
<xnbr_node2>{58.745026}</xnbr_node2>
<xnbr_node3>{59.208096}</xnbr_node3>
<xnbr_node4>{59.814388}</xnbr_node4>
<xnbr_node5>{60.527245}</xnbr_node5>
<xnbr_node6>{61.338570}</xnbr_node6>
<xnbr_node7>{62.237148}</xnbr_node7>
<xnbr_node8>{63.194149}</xnbr_node8>
<xnbr_node9>{64.186310}</xnbr_node9>
<xnbr_node10>{65.178123}</xnbr_node10>
<ynbr_node0>{40.221470}</ynbr_node0>
<ynbr_node1>{41.223381}</ynbr_node1>
<ynbr_node2>{42.199993}</ynbr_node2>
<ynbr_node3>{43.087990}</ynbr_node3>
<ynbr_node4>{43.885727}</ynbr_node4>
<ynbr_node5>{44.586208}</ynbr_node5>
<ynbr_node6>{45.170460}</ynbr_node6>
<ynbr_node7>{45.608997}</ynbr_node7>
<ynbr_node8>{45.880257}</ynbr_node8>
<ynbr_node9>{45.957069}</ynbr_node9>
<ynbr_node10>{45.834110}</ynbr_node10>
</xagent>
<xagent>
<name>Sporo</name>
<id>22</id>
<iter>501</iter>
<FP>1.000000</FP>
<K0>0.200000</K0>
<TH0>2.941593</TH0>
<R0>0.998334</R0>
<coordx>{37.953598, 38.140583, 38.511482, 39.048489, 39.736889, 40.540825, 41.443455, 42.412945, 43.409664, 44.391647, 45.321377}</coordx>
<coordy>{31.509912, 32.491405, 33.419228, 34.260281, 34.989418, 35.578564, 36.006336, 36.244244, 36.283295, 36.115139, 35.755692}</coordy>
<xnbr_node0>{}</xnbr_node0>
<xnbr_node1>{}</xnbr_node1>
<xnbr_node2>{}</xnbr_node2>
<xnbr_node3>{}</xnbr_node3>
<xnbr_node4>{}</xnbr_node4>
<xnbr_node5>{}</xnbr_node5>
<xnbr_node6>{}</xnbr_node6>
<xnbr_node7>{}</xnbr_node7>
<xnbr_node8>{}</xnbr_node8>
<xnbr_node9>{}</xnbr_node9>
<xnbr_node10>{}</xnbr_node10>
<ynbr_node0>{}</ynbr_node0>
<ynbr_node1>{}</ynbr_node1>
<ynbr_node2>{}</ynbr_node2>
<ynbr_node3>{}</ynbr_node3>
<ynbr_node4>{}</ynbr_node4>
<ynbr_node5>{}</ynbr_node5>
<ynbr_node6>{}</ynbr_node6>
<ynbr_node7>{}</ynbr_node7>
<ynbr_node8>{}</ynbr_node8>
<ynbr_node9>{}</ynbr_node9>
<ynbr_node10>{}</ynbr_node10>
</xagent>
<xagent>
<name>Sporo</name>
<id>21</id>
<iter>501</iter>
<FP>1.000000</FP>
<K0>0.200000</K0>
<TH0>2.941593</TH0>
<R0>0.998334</R0>
<coordx>{31.163435, 30.488609, 30.045570, 29.907177, 30.100441, 30.579092, 31.271151, 32.118481, 33.056923, 34.049339, 35.044949}</coordx>
<coordy>{29.847944, 30.554377, 31.411749, 32.378044, 33.337952, 34.200546, 34.900036, 35.421146, 35.755161, 35.895397, 35.834702}</coordy>
<xnbr_node0>{31.693480}</xnbr_node0>
<xnbr_node1>{30.667311}</xnbr_node1>
<xnbr_node2>{29.687632}</xnbr_node2>
<xnbr_node3>{28.733667}</xnbr_node3>
<xnbr_node4>{27.819811}</xnbr_node4>
<xnbr_node5>{26.960833}</xnbr_node5>
<xnbr_node6>{26.173300}</xnbr_node6>
<xnbr_node7>{25.474623}</xnbr_node7>
<xnbr_node8>{24.898939}</xnbr_node8>
<xnbr_node9>{24.478601}</xnbr_node9>
<xnbr_node10>{24.240812}</xnbr_node10>
<ynbr_node0>{29.536438}</ynbr_node0>
<ynbr_node1>{29.495609}</ynbr_node1>
<ynbr_node2>{29.657171}</ynbr_node2>
<ynbr_node3>{29.957954}</ynbr_node3>
<ynbr_node4>{30.368015}</ynbr_node4>
<ynbr_node5>{30.881521}</ynbr_node5>
<ynbr_node6>{31.494200}</ynbr_node6>
<ynbr_node7>{32.209274}</ynbr_node7>
<ynbr_node8>{33.022846}</ynbr_node8>
<ynbr_node9>{33.921860}</ynbr_node9>
<ynbr_node10>{34.893837}</ynbr_node10>
</xagent>
<xagent>
<name>Sporo</name>
<id>20</id>
<iter>501</iter>
<FP>1.000000</FP>
<K0>0.200000</K0>
<TH0>2.941593</TH0>
<R0>0.998334</R0>
<coordx>{31.703028, 30.675636, 29.696392, 28.741995, 27.828527, 26.967676, 26.178984, 25.481339, 24.905067, 24.483530, 24.237331}</coordx>
<coordy>{29.531805, 29.491568, 29.651196, 29.952793, 30.362993, 30.874643, 31.485332, 32.200935, 33.013813, 33.915512, 34.884602}</coordy>
<xnbr_node0>{31.153305, 22.842134, 17.170874}</xnbr_node0>
<xnbr_node1>{30.482798, 22.182379, 17.836157}</xnbr_node1>
<xnbr_node2>{30.039434, 21.393406, 18.631214}</xnbr_node2>
<xnbr_node3>{29.906401, 20.503981, 19.525982}</xnbr_node3>
<xnbr_node4>{30.102667, 19.544500, 20.489500}</xnbr_node4>
<xnbr_node5>{30.585373, 18.553350, 21.480379}</xnbr_node5>
<xnbr_node6>{31.278784, 17.558037, 22.470076}</xnbr_node6>
<xnbr_node7>{32.126770, 16.596527, 23.425938}</xnbr_node7>
<xnbr_node8>{33.068249, 15.714766, 24.301737}</xnbr_node8>
<xnbr_node9>{34.060551, 14.949518, 25.064327}</xnbr_node9>
<xnbr_node10>{35.054363, 14.329775, 25.677097}</xnbr_node10>
<ynbr_node0>{29.852444, 34.460884, 25.609705}</ynbr_node0>
<ynbr_node1>{30.558554, 33.707359, 26.356806}</ynbr_node1>
<ynbr_node2>{31.422644, 33.098793, 26.966433}</ynbr_node2>
<ynbr_node3>{32.382313, 32.641430, 27.417101}</ynbr_node3>
<ynbr_node4>{33.342957, 32.359745, 27.694893}</ynbr_node4>
<ynbr_node5>{34.205070, 32.256916, 27.789001}</ynbr_node5>
<ynbr_node6>{34.906097, 32.345459, 27.692026}</ynbr_node6>
<ynbr_node7>{35.425610, 32.626621, 27.401180}</ynbr_node7>
<ynbr_node8>{35.758251, 33.097492, 26.926506}</ynbr_node8>
<ynbr_node9>{35.896511, 33.739815, 26.290289}</ynbr_node9>
<ynbr_node10>{35.832840, 34.525799, 25.501389}</ynbr_node10>
</xagent>
<xagent>
<name>Sporo</name>
<id>19</id>
<iter>501</iter>
<FP>1.000000</FP>
<K0>0.200000</K0>
<TH0>2.941593</TH0>
<R0>0.998334</R0>
<coordx>{22.848045, 22.193499, 21.400955, 20.513065, 19.551556, 18.563887, 17.566507, 16.607986, 15.723912, 14.954691, 14.335605}</coordx>
<coordy>{34.469471, 33.714993, 33.103546, 32.645752, 32.360729, 32.259380, 32.342854, 32.623821, 33.092159, 33.731941, 34.517120}</coordy>
<xnbr_node0>{31.693480}</xnbr_node0>
<xnbr_node1>{30.667311}</xnbr_node1>
<xnbr_node2>{29.687632}</xnbr_node2>
<xnbr_node3>{28.733667}</xnbr_node3>
<xnbr_node4>{27.819811}</xnbr_node4>
<xnbr_node5>{26.960833}</xnbr_node5>
<xnbr_node6>{26.173300}</xnbr_node6>
<xnbr_node7>{25.474623}</xnbr_node7>
<xnbr_node8>{24.898939}</xnbr_node8>
<xnbr_node9>{24.478601}</xnbr_node9>
<xnbr_node10>{24.240812}</xnbr_node10>
<ynbr_node0>{29.536438}</ynbr_node0>
<ynbr_node1>{29.495609}</ynbr_node1>
<ynbr_node2>{29.657171}</ynbr_node2>
<ynbr_node3>{29.957954}</ynbr_node3>
<ynbr_node4>{30.368015}</ynbr_node4>
<ynbr_node5>{30.881521}</ynbr_node5>
<ynbr_node6>{31.494200}</ynbr_node6>
<ynbr_node7>{32.209274}</ynbr_node7>
<ynbr_node8>{33.022846}</ynbr_node8>
<ynbr_node9>{33.921860}</ynbr_node9>
<ynbr_node10>{34.893837}</ynbr_node10>
</xagent>
<xagent>
<name>Sporo</name>
<id>18</id>
<iter>501</iter>
<FP>1.000000</FP>
<K0>0.200000</K0>
<TH0>2.941593</TH0>
<R0>0.998334</R0>
<coordx>{10.857573, 9.879860, 8.880416, 7.899412, 6.970566, 6.126071, 5.395733, 4.817875, 4.414034, 4.200311, 4.182296}</coordx>
<coordy>{29.718676, 29.528910, 29.529572, 29.718403, 30.085516, 30.618641, 31.300200, 32.113914, 33.027508, 34.004360, 35.003708}</coordy>
<xnbr_node0>{}</xnbr_node0>
<xnbr_node1>{}</xnbr_node1>
<xnbr_node2>{}</xnbr_node2>
<xnbr_node3>{}</xnbr_node3>
<xnbr_node4>{}</xnbr_node4>
<xnbr_node5>{}</xnbr_node5>
<xnbr_node6>{}</xnbr_node6>
<xnbr_node7>{}</xnbr_node7>
<xnbr_node8>{}</xnbr_node8>
<xnbr_node9>{}</xnbr_node9>
<xnbr_node10>{}</xnbr_node10>
<ynbr_node0>{}</ynbr_node0>
<ynbr_node1>{}</ynbr_node1>
<ynbr_node2>{}</ynbr_node2>
<ynbr_node3>{}</ynbr_node3>
<ynbr_node4>{}</ynbr_node4>
<ynbr_node5>{}</ynbr_node5>
<ynbr_node6>{}</ynbr_node6>
<ynbr_node7>{}</ynbr_node7>
<ynbr_node8>{}</ynbr_node8>
<ynbr_node9>{}</ynbr_node9>
<ynbr_node10>{}</ynbr_node10>
</xagent>
<xagent>
<name>Sporo</name>
<id>17</id>
<iter>501</iter>
<FP>1.000000</FP>
<K0>0.200000</K0>
<TH0>2.941593</TH0>
<R0>0.998334</R0>
<coordx>{58.861267, 59.260006, 59.475590, 59.504166, 59.350948, 59.019627, 58.514839, 57.847622, 57.049095, 56.146156, 55.178829}</coordx>
<coordy>{31.856316, 30.940060, 29.965855, 28.965925, 27.982332, 27.036165, 26.174860, 25.426451, 24.829128, 24.402647, 24.163664}</coordy>
<xnbr_node0>{}</xnbr_node0>
<xnbr_node1>{}</xnbr_node1>
<xnbr_node2>{}</xnbr_node2>
<xnbr_node3>{}</xnbr_node3>
<xnbr_node4>{}</xnbr_node4>
<xnbr_node5>{}</xnbr_node5>
<xnbr_node6>{}</xnbr_node6>
<xnbr_node7>{}</xnbr_node7>
<xnbr_node8>{}</xnbr_node8>
<xnbr_node9>{}</xnbr_node9>
<xnbr_node10>{}</xnbr_node10>
<ynbr_node0>{}</ynbr_node0>
<ynbr_node1>{}</ynbr_node1>
<ynbr_node2>{}</ynbr_node2>
<ynbr_node3>{}</ynbr_node3>
<ynbr_node4>{}</ynbr_node4>
<ynbr_node5>{}</ynbr_node5>
<ynbr_node6>{}</ynbr_node6>
<ynbr_node7>{}</ynbr_node7>
<ynbr_node8>{}</ynbr_node8>
<ynbr_node9>{}</ynbr_node9>
<ynbr_node10>{}</ynbr_node10>
</xagent>
<xagent>
<name>Sporo</name>
<id>16</id>
<iter>501</iter>
<FP>1.000000</FP>
<K0>0.200000</K0>
<TH0>2.941593</TH0>
<R0>0.998334</R0>
<coordx>{37.630318, 38.250038, 39.020626, 39.900856, 40.870358, 41.870697, 42.840893, 43.732674, 44.503593, 45.126514, 45.570053}</coordx>
<coordy>{26.311060, 27.092028, 27.733280, 28.194992, 28.443481, 28.459457, 28.236605, 27.790623, 27.159866, 26.377630, 25.485664}</coordy>
<xnbr_node0>{41.127960}</xnbr_node0>
<xnbr_node1>{41.190723}</xnbr_node1>
<xnbr_node2>{41.037724}</xnbr_node2>
<xnbr_node3>{40.689613}</xnbr_node3>
<xnbr_node4>{40.145576}</xnbr_node4>
<xnbr_node5>{39.425896}</xnbr_node5>
<xnbr_node6>{38.573875}</xnbr_node6>
<xnbr_node7>{37.629669}</xnbr_node7>
<xnbr_node8>{36.635410}</xnbr_node8>
<xnbr_node9>{35.640728}</xnbr_node9>
<xnbr_node10>{34.679913}</xnbr_node10>
<ynbr_node0>{29.238964}</ynbr_node0>
<ynbr_node1>{28.243425}</ynbr_node1>
<ynbr_node2>{27.257389}</ynbr_node2>
<ynbr_node3>{26.329420}</ynbr_node3>
<ynbr_node4>{25.502996}</ynbr_node4>
<ynbr_node5>{24.819056}</ynbr_node5>
<ynbr_node6>{24.312113}</ynbr_node6>
<ynbr_node7>{23.993443}</ynbr_node7>
<ynbr_node8>{23.870811}</ynbr_node8>
<ynbr_node9>{23.946251}</ynbr_node9>
<ynbr_node10>{24.216694}</ynbr_node10>
</xagent>
<xagent>
<name>Sporo</name>
<id>15</id>
<iter>501</iter>
<FP>1.000000</FP>
<K0>0.200000</K0>
<TH0>2.941593</TH0>
<R0>0.998334</R0>
<coordx>{41.128712, 41.187786, 41.042641, 40.692013, 40.151466, 39.435013, 38.583744, 37.637196, 36.646648, 35.652843, 34.689907}</coordx>
<coordy>{29.248869, 28.252954, 27.268053, 26.337685, 25.511642, 24.826073, 24.315454, 23.994436, 23.871792, 23.946451, 24.214119}</coordy>
<xnbr_node0>{37.637062}</xnbr_node0>
<xnbr_node1>{38.257256}</xnbr_node1>
<xnbr_node2>{39.027725}</xnbr_node2>
<xnbr_node3>{39.912716}</xnbr_node3>
<xnbr_node4>{40.879814}</xnbr_node4>
<xnbr_node5>{41.879181}</xnbr_node5>
<xnbr_node6>{42.848618}</xnbr_node6>
<xnbr_node7>{43.741920}</xnbr_node7>
<xnbr_node8>{44.510624}</xnbr_node8>
<xnbr_node9>{45.129230}</xnbr_node9>
<xnbr_node10>{45.572292}</xnbr_node10>
<ynbr_node0>{26.317093}</ynbr_node0>
<ynbr_node1>{27.098701}</ynbr_node1>
<ynbr_node2>{27.736488}</ynbr_node2>
<ynbr_node3>{28.200169}</ynbr_node3>
<ynbr_node4>{28.444393}</ynbr_node4>
<ynbr_node5>{28.458366}</ynbr_node5>
<ynbr_node6>{28.232489}</ynbr_node6>
<ynbr_node7>{27.784922}</ynbr_node7>
<ynbr_node8>{27.153248}</ynbr_node8>
<ynbr_node9>{26.371050}</ynbr_node9>
<ynbr_node10>{25.475754}</ynbr_node10>
</xagent>
<xagent>
<name>Sporo</name>
<id>14</id>
<iter>501</iter>
<FP>1.000000</FP>
<K0>0.200000</K0>
<TH0>2.941593</TH0>
<R0>0.998334</R0>
<coordx>{17.164543, 17.828793, 18.622564, 19.517519, 20.476788, 21.470053, 22.460167, 23.415205, 24.295252, 25.056944, 25.671314}</coordx>
<coordy>{25.602167, 26.350235, 26.962109, 27.412924, 27.693609, 27.787495, 27.694847, 27.406349, 26.932455, 26.295450, 25.508297}</coordy>
<xnbr_node0>{22.833162}</xnbr_node0>
<xnbr_node1>{22.150539}</xnbr_node1>
<xnbr_node2>{21.343140}</xnbr_node2>
<xnbr_node3>{20.436981}</xnbr_node3>
<xnbr_node4>{19.467943}</xnbr_node4>
<xnbr_node5>{18.468817}</xnbr_node5>
<xnbr_node6>{17.479376}</xnbr_node6>
<xnbr_node7>{16.535416}</xnbr_node7>
<xnbr_node8>{15.667102}</xnbr_node8>
<xnbr_node9>{14.915490}</xnbr_node9>
<xnbr_node10>{14.314830}</xnbr_node10>
<ynbr_node0>{24.189695}</ynbr_node0>
<ynbr_node1>{23.460817}</ynbr_node1>
<ynbr_node2>{22.872255}</ynbr_node2>
<ynbr_node3>{22.452404}</ynbr_node3>
<ynbr_node4>{22.204237}</ynbr_node4>
<ynbr_node5>{22.137373}</ynbr_node5>
<ynbr_node6>{22.265640}</ynbr_node6>
<ynbr_node7>{22.579849}</ynbr_node7>
<ynbr_node8>{23.074419}</ynbr_node8>
<ynbr_node9>{23.736240}</ynbr_node9>
<ynbr_node10>{24.533895}</ynbr_node10>
</xagent>
<xagent>
<name>Sporo</name>
<id>13</id>
<iter>501</iter>
<FP>1.000000</FP>
<K0>0.200000</K0>
<TH0>2.941593</TH0>
<R0>0.998334</R0>
<coordx>{22.840235, 22.160130, 21.351757, 20.445812, 19.477335, 18.479851, 17.484694, 16.542337, 15.672221, 14.922945, 14.321981}</coordx>
<coordy>{24.198380, 23.469576, 22.879385, 22.457775, 22.202187, 22.137955, 22.262438, 22.574844, 23.067928, 23.728811, 24.527229}</coordy>
<xnbr_node0>{17.170874}</xnbr_node0>
<xnbr_node1>{17.836157}</xnbr_node1>
<xnbr_node2>{18.631214}</xnbr_node2>
<xnbr_node3>{19.525982}</xnbr_node3>
<xnbr_node4>{20.489500}</xnbr_node4>
<xnbr_node5>{21.480379}</xnbr_node5>
<xnbr_node6>{22.470076}</xnbr_node6>
<xnbr_node7>{23.425938}</xnbr_node7>
<xnbr_node8>{24.301737}</xnbr_node8>
<xnbr_node9>{25.064327}</xnbr_node9>
<xnbr_node10>{25.677097}</xnbr_node10>
<ynbr_node0>{25.609705}</ynbr_node0>
<ynbr_node1>{26.356806}</ynbr_node1>
<ynbr_node2>{26.966433}</ynbr_node2>
<ynbr_node3>{27.417101}</ynbr_node3>
<ynbr_node4>{27.694893}</ynbr_node4>
<ynbr_node5>{27.789001}</ynbr_node5>
<ynbr_node6>{27.692026}</ynbr_node6>
<ynbr_node7>{27.401180}</ynbr_node7>
<ynbr_node8>{26.926506}</ynbr_node8>
<ynbr_node9>{26.290289}</ynbr_node9>
<ynbr_node10>{25.501389}</ynbr_node10>
</xagent>
<xagent>
<name>Sporo</name>
<id>12</id>
<iter>501</iter>
<FP>1.000000</FP>
<K0>0.200000</K0>
<TH0>2.941593</TH0>
<R0>0.998334</R0>
<coordx>{9.719501, 8.752207, 7.764338, 6.805114, 5.930147, 5.190188, 4.615664, 4.221148, 4.023960, 4.026700, 4.226977}</coordx>
<coordy>{19.359230, 19.130030, 19.130594, 19.371166, 19.845671, 20.509487, 21.320871, 22.234478, 23.213118, 24.207989, 25.183834}</coordy>
<xnbr_node0>{8.053544}</xnbr_node0>
<xnbr_node1>{8.868372}</xnbr_node1>
<xnbr_node2>{9.774122}</xnbr_node2>
<xnbr_node3>{10.734036}</xnbr_node3>
<xnbr_node4>{11.725612}</xnbr_node4>
<xnbr_node5>{12.701625}</xnbr_node5>
<xnbr_node6>{13.611381}</xnbr_node6>
<xnbr_node7>{14.411634}</xnbr_node7>
<xnbr_node8>{15.055237}</xnbr_node8>
<xnbr_node9>{15.521609}</xnbr_node9>
<xnbr_node10>{15.796092}</xnbr_node10>
<ynbr_node0>{17.691460}</ynbr_node0>
<ynbr_node1>{18.264685}</ynbr_node1>
<ynbr_node2>{18.675714}</ynbr_node2>
<ynbr_node3>{18.931656}</ynbr_node3>
<ynbr_node4>{18.984716}</ynbr_node4>
<ynbr_node5>{18.816540}</ynbr_node5>
<ynbr_node6>{18.420078}</ynbr_node6>
<ynbr_node7>{17.819197}</ynbr_node7>
<ynbr_node8>{17.064688}</ynbr_node8>
<ynbr_node9>{16.184902}</ynbr_node9>
<ynbr_node10>{15.226208}</ynbr_node10>
</xagent>
<xagent>
<name>Sporo</name>
<id>11</id>
<iter>501</iter>
<FP>1.000000</FP>
<K0>0.200000</K0>
<TH0>2.941593</TH0>
<R0>0.998334</R0>
<coordx>{49.754005, 49.564575, 49.561459, 49.745117, 50.112404, 50.646873, 51.329117, 52.142139, 53.053955, 54.025330, 55.021057}</coordx>
<coordy>{9.135749, 10.118699, 11.117420, 12.098081, 13.025082, 13.868287, 14.603684, 15.185416, 15.598155, 15.816679, 15.833868}</coordy>
<xnbr_node0>{}</xnbr_node0>
<xnbr_node1>{}</xnbr_node1>
<xnbr_node2>{}</xnbr_node2>
<xnbr_node3>{}</xnbr_node3>
<xnbr_node4>{}</xnbr_node4>
<xnbr_node5>{}</xnbr_node5>
<xnbr_node6>{}</xnbr_node6>
<xnbr_node7>{}</xnbr_node7>
<xnbr_node8>{}</xnbr_node8>
<xnbr_node9>{}</xnbr_node9>
<xnbr_node10>{}</xnbr_node10>
<ynbr_node0>{}</ynbr_node0>
<ynbr_node1>{}</ynbr_node1>
<ynbr_node2>{}</ynbr_node2>
<ynbr_node3>{}</ynbr_node3>
<ynbr_node4>{}</ynbr_node4>
<ynbr_node5>{}</ynbr_node5>
<ynbr_node6>{}</ynbr_node6>
<ynbr_node7>{}</ynbr_node7>
<ynbr_node8>{}</ynbr_node8>
<ynbr_node9>{}</ynbr_node9>
<ynbr_node10>{}</ynbr_node10>
</xagent>
<xagent>
<name>Sporo</name>
<id>10</id>
<iter>501</iter>
<FP>1.000000</FP>
<K0>0.200000</K0>
<TH0>2.941593</TH0>
<R0>0.998334</R0>
<coordx>{38.428471, 38.490559, 38.744148, 39.170246, 39.763268, 40.494202, 41.335953, 42.266937, 43.253536, 44.251301, 45.218609}</coordx>
<coordy>{10.646947, 11.644352, 12.611214, 13.514961, 14.323324, 15.001459, 15.538984, 15.899320, 16.064884, 16.025021, 15.783021}</coordy>
<xnbr_node0>{}</xnbr_node0>
<xnbr_node1>{}</xnbr_node1>
<xnbr_node2>{}</xnbr_node2>
<xnbr_node3>{}</xnbr_node3>
<xnbr_node4>{}</xnbr_node4>
<xnbr_node5>{}</xnbr_node5>
<xnbr_node6>{}</xnbr_node6>
<xnbr_node7>{}</xnbr_node7>
<xnbr_node8>{}</xnbr_node8>
<xnbr_node9>{}</xnbr_node9>
<xnbr_node10>{}</xnbr_node10>
<ynbr_node0>{}</ynbr_node0>
<ynbr_node1>{}</ynbr_node1>
<ynbr_node2>{}</ynbr_node2>
<ynbr_node3>{}</ynbr_node3>
<ynbr_node4>{}</ynbr_node4>
<ynbr_node5>{}</ynbr_node5>
<ynbr_node6>{}</ynbr_node6>
<ynbr_node7>{}</ynbr_node7>
<ynbr_node8>{}</ynbr_node8>
<ynbr_node9>{}</ynbr_node9>
<ynbr_node10>{}</ynbr_node10>
</xagent>
<xagent>
<name>Sporo</name>
<id>9</id>
<iter>501</iter>
<FP>1.000000</FP>
<K0>0.200000</K0>
<TH0>2.941593</TH0>
<R0>0.998334</R0>
<coordx>{27.142012, 27.705549, 28.420645, 29.253590, 30.171759, 31.147165, 32.143780, 33.126453, 34.053349, 34.888935, 35.588211}</coordx>
<coordy>{14.677871, 15.498929, 16.197577, 16.751799, 17.146151, 17.359446, 17.378702, 17.203701, 16.831083, 16.285952, 15.570094}</coordy>
<xnbr_node0>{}</xnbr_node0>
<xnbr_node1>{}</xnbr_node1>
<xnbr_node2>{}</xnbr_node2>
<xnbr_node3>{}</xnbr_node3>
<xnbr_node4>{}</xnbr_node4>
<xnbr_node5>{}</xnbr_node5>
<xnbr_node6>{}</xnbr_node6>
<xnbr_node7>{}</xnbr_node7>
<xnbr_node8>{}</xnbr_node8>
<xnbr_node9>{}</xnbr_node9>
<xnbr_node10>{}</xnbr_node10>
<ynbr_node0>{}</ynbr_node0>
<ynbr_node1>{}</ynbr_node1>
<ynbr_node2>{}</ynbr_node2>
<ynbr_node3>{}</ynbr_node3>
<ynbr_node4>{}</ynbr_node4>
<ynbr_node5>{}</ynbr_node5>
<ynbr_node6>{}</ynbr_node6>
<ynbr_node7>{}</ynbr_node7>
<ynbr_node8>{}</ynbr_node8>
<ynbr_node9>{}</ynbr_node9>
<ynbr_node10>{}</ynbr_node10>
</xagent>
<xagent>
<name>Sporo</name>
<id>8</id>
<iter>501</iter>
<FP>1.000000</FP>
<K0>0.200000</K0>
<TH0>2.941593</TH0>
<R0>0.998334</R0>
<coordx>{19.846222, 19.637924, 19.621761, 19.794031, 20.146101, 20.663029, 21.325821, 22.125849, 23.025105, 23.996731, 24.996964}</coordx>
<coordy>{9.034498, 10.008305, 11.008369, 11.994284, 12.930727, 13.789328, 14.534687, 15.136137, 15.566926, 15.806888, 15.839231}</coordy>
<xnbr_node0>{}</xnbr_node0>
<xnbr_node1>{}</xnbr_node1>
<xnbr_node2>{}</xnbr_node2>
<xnbr_node3>{}</xnbr_node3>
<xnbr_node4>{}</xnbr_node4>
<xnbr_node5>{}</xnbr_node5>
<xnbr_node6>{}</xnbr_node6>
<xnbr_node7>{}</xnbr_node7>
<xnbr_node8>{}</xnbr_node8>
<xnbr_node9>{}</xnbr_node9>
<xnbr_node10>{}</xnbr_node10>
<ynbr_node0>{}</ynbr_node0>
<ynbr_node1>{}</ynbr_node1>
<ynbr_node2>{}</ynbr_node2>
<ynbr_node3>{}</ynbr_node3>
<ynbr_node4>{}</ynbr_node4>
<ynbr_node5>{}</ynbr_node5>
<ynbr_node6>{}</ynbr_node6>
<ynbr_node7>{}</ynbr_node7>
<ynbr_node8>{}</ynbr_node8>
<ynbr_node9>{}</ynbr_node9>
<ynbr_node10>{}</ynbr_node10>
</xagent>
<xagent>
<name>Sporo</name>
<id>7</id>
<iter>501</iter>
<FP>1.000000</FP>
<K0>0.200000</K0>
<TH0>2.941593</TH0>
<R0>0.998334</R0>
<coordx>{8.045490, 8.860545, 9.763495, 10.724659, 11.716344, 12.692286, 13.604023, 14.401512, 15.052505, 15.517952, 15.796965}</coordx>
<coordy>{17.684332, 18.259306, 18.672548, 18.925957, 18.984913, 18.818111, 18.426804, 17.825302, 17.070742, 16.194090, 15.236605}</coordy>
<xnbr_node0>{9.708240}</xnbr_node0>
<xnbr_node1>{8.740925}</xnbr_node1>
<xnbr_node2>{7.754035}</xnbr_node2>
<xnbr_node3>{6.794012}</xnbr_node3>
<xnbr_node4>{5.922996}</xnbr_node4>
<xnbr_node5>{5.183723}</xnbr_node5>
<xnbr_node6>{4.609437}</xnbr_node6>
<xnbr_node7>{4.217638}</xnbr_node7>
<xnbr_node8>{4.022559}</xnbr_node8>
<xnbr_node9>{4.027244}</xnbr_node9>
<xnbr_node10>{4.229032}</xnbr_node10>
<ynbr_node0>{19.354324}</ynbr_node0>
<ynbr_node1>{19.128159}</ynbr_node1>
<ynbr_node2>{19.131332}</ynbr_node2>
<ynbr_node3>{19.376713}</ynbr_node3>
<ynbr_node4>{19.851902}</ynbr_node4>
<ynbr_node5>{20.517714}</ynbr_node5>
<ynbr_node6>{21.328751}</ynbr_node6>
<ynbr_node7>{22.244713}</ynbr_node7>
<ynbr_node8>{23.222488}</ynbr_node8>
<ynbr_node9>{24.218725}</ynbr_node9>
<ynbr_node10>{25.194672}</ynbr_node10>
</xagent>
<xagent>
<name>Sporo</name>
<id>6</id>
<iter>501</iter>
<FP>1.000000</FP>
<K0>0.200000</K0>
<TH0>2.941593</TH0>
<R0>0.998334</R0>
<coordx>{12.537231, 11.729643, 10.823112, 9.854881, 8.857373, 7.865058, 6.914772, 6.039746, 5.283445, 4.675162, 4.240260}</coordx>
<coordy>{12.743149, 12.155083, 11.731741, 11.486618, 11.419433, 11.535032, 11.839494, 12.327586, 12.976026, 13.764870, 14.663901}</coordy>
<xnbr_node0>{}</xnbr_node0>
<xnbr_node1>{}</xnbr_node1>
<xnbr_node2>{}</xnbr_node2>
<xnbr_node3>{}</xnbr_node3>
<xnbr_node4>{}</xnbr_node4>
<xnbr_node5>{}</xnbr_node5>
<xnbr_node6>{}</xnbr_node6>
<xnbr_node7>{}</xnbr_node7>
<xnbr_node8>{}</xnbr_node8>
<xnbr_node9>{}</xnbr_node9>
<xnbr_node10>{}</xnbr_node10>
<ynbr_node0>{}</ynbr_node0>
<ynbr_node1>{}</ynbr_node1>
<ynbr_node2>{}</ynbr_node2>
<ynbr_node3>{}</ynbr_node3>
<ynbr_node4>{}</ynbr_node4>
<ynbr_node5>{}</ynbr_node5>
<ynbr_node6>{}</ynbr_node6>
<ynbr_node7>{}</ynbr_node7>
<ynbr_node8>{}</ynbr_node8>
<ynbr_node9>{}</ynbr_node9>
<ynbr_node10>{}</ynbr_node10>
</xagent>
<xagent>
<name>Sporo</name>
<id>5</id>
<iter>501</iter>
<FP>1.000000</FP>
<K0>0.200000</K0>
<TH0>2.941593</TH0>
<R0>0.998334</R0>
<coordx>{58.345032, 58.801945, 59.087437, 59.182232, 59.098228, 58.833839, 58.392036, 57.786079, 57.036713, 56.163101, 55.212242}</coordx>
<coordy>{12.124313, 11.237969, 10.277636, 9.282472, 8.291303, 7.323362, 6.428027, 5.634793, 4.978138, 4.485213, 4.179765}</coordy>
<xnbr_node0>{}</xnbr_node0>
<xnbr_node1>{}</xnbr_node1>
<xnbr_node2>{}</xnbr_node2>
<xnbr_node3>{}</xnbr_node3>
<xnbr_node4>{}</xnbr_node4>
<xnbr_node5>{}</xnbr_node5>
<xnbr_node6>{}</xnbr_node6>
<xnbr_node7>{}</xnbr_node7>
<xnbr_node8>{}</xnbr_node8>
<xnbr_node9>{}</xnbr_node9>
<xnbr_node10>{}</xnbr_node10>
<ynbr_node0>{}</ynbr_node0>
<ynbr_node1>{}</ynbr_node1>
<ynbr_node2>{}</ynbr_node2>
<ynbr_node3>{}</ynbr_node3>
<ynbr_node4>{}</ynbr_node4>
<ynbr_node5>{}</ynbr_node5>
<ynbr_node6>{}</ynbr_node6>
<ynbr_node7>{}</ynbr_node7>
<ynbr_node8>{}</ynbr_node8>
<ynbr_node9>{}</ynbr_node9>
<ynbr_node10>{}</ynbr_node10>
</xagent>
<xagent>
<name>Sporo</name>
<id>4</id>
<iter>501</iter>
<FP>1.000000</FP>
<K0>0.200000</K0>
<TH0>2.941593</TH0>
<R0>0.998334</R0>
<coordx>{44.154987, 43.433250, 42.852650, 42.434952, 42.193050, 42.133198, 42.258179, 42.572025, 43.069645, 43.728703, 44.528038}</coordx>
<coordy>{-2.832927, -2.143313, -1.331143, -0.423080, 0.546192, 1.546062, 2.536327, 3.482955, 4.350364, 5.100648, 5.697653}</coordy>
<xnbr_node0>{49.492496}</xnbr_node0>
<xnbr_node1>{48.495579}</xnbr_node1>
<xnbr_node2>{47.527550}</xnbr_node2>
<xnbr_node3>{46.623203}</xnbr_node3>
<xnbr_node4>{45.808380}</xnbr_node4>
<xnbr_node5>{45.108109}</xnbr_node5>
<xnbr_node6>{44.549751}</xnbr_node6>
<xnbr_node7>{44.157330}</xnbr_node7>
<xnbr_node8>{43.956211}</xnbr_node8>
<xnbr_node9>{43.965153}</xnbr_node9>
<xnbr_node10>{44.175636}</xnbr_node10>
<ynbr_node0>{-11.447052}</ynbr_node0>
<ynbr_node1>{-11.386932}</ynbr_node1>
<ynbr_node2>{-11.136684}</ynbr_node2>
<ynbr_node3>{-10.713634}</ynbr_node3>
<ynbr_node4>{-10.129955}</ynbr_node4>
<ynbr_node5>{-9.415642}</ynbr_node5>
<ynbr_node6>{-8.589405}</ynbr_node6>
<ynbr_node7>{-7.676407}</ynbr_node7>
<ynbr_node8>{-6.698059}</ynbr_node8>
<ynbr_node9>{-5.700493}</ynbr_node9>
<ynbr_node10>{-4.726509}</ynbr_node10>
</xagent>
<xagent>
<name>Sporo</name>
<id>3</id>
<iter>501</iter>
<FP>1.000000</FP>
<K0>0.200000</K0>
<TH0>2.941593</TH0>
<R0>0.998334</R0>
<coordx>{27.488195, 27.915081, 28.507215, 29.240673, 30.090042, 31.027010, 32.011005, 33.008232, 33.964966, 34.841656, 35.600311}</coordx>
<coordy>{3.726640, 4.635063, 5.434969, 6.117869, 6.643332, 6.986890, 7.126092, 7.057800, 6.779799, 6.303186, 5.657217}</coordy>
<xnbr_node0>{28.514908}</xnbr_node0>
<xnbr_node1>{28.941366}</xnbr_node1>
<xnbr_node2>{29.185993}</xnbr_node2>
<xnbr_node3>{29.244101}</xnbr_node3>
<xnbr_node4>{29.118296}</xnbr_node4>
<xnbr_node5>{28.816074}</xnbr_node5>
<xnbr_node6>{28.345102}</xnbr_node6>
<xnbr_node7>{27.722092}</xnbr_node7>
<xnbr_node8>{26.965590}</xnbr_node8>
<xnbr_node9>{26.098972}</xnbr_node9>
<xnbr_node10>{25.149937}</xnbr_node10>
<ynbr_node0>{12.127314}</ynbr_node0>
<ynbr_node1>{11.222592}</ynbr_node1>
<ynbr_node2>{10.251457}</ynbr_node2>
<ynbr_node3>{9.252421}</ynbr_node3>
<ynbr_node4>{8.266906}</ynbr_node4>
<ynbr_node5>{7.314141}</ynbr_node5>
<ynbr_node6>{6.430962}</ynbr_node6>
<ynbr_node7>{5.648509}</ynbr_node7>
<ynbr_node8>{4.998632}</ynbr_node8>
<ynbr_node9>{4.508983}</ynbr_node9>
<ynbr_node10>{4.201549}</ynbr_node10>
</xagent>
<xagent>
<name>Sporo</name>
<id>2</id>
<iter>501</iter>
<FP>1.000000</FP>
<K0>0.200000</K0>
<TH0>2.941593</TH0>
<R0>0.998334</R0>
<coordx>{28.510649, 28.937571, 29.184566, 29.244946, 29.118948, 28.820505, 28.349907, 27.728056, 26.973528, 26.108334, 25.156536}</coordx>
<coordy>{12.137341, 11.229935, 10.261851, 9.263437, 8.276929, 7.324752, 6.439006, 5.656051, 5.003506, 4.512260, 4.204809}</coordy>
<xnbr_node0>{27.491320}</xnbr_node0>
<xnbr_node1>{27.919977}</xnbr_node1>
<xnbr_node2>{28.514578}</xnbr_node2>
<xnbr_node3>{29.250875}</xnbr_node3>
<xnbr_node4>{30.098539}</xnbr_node4>
<xnbr_node5>{31.037739}</xnbr_node5>
<xnbr_node6>{32.019390}</xnbr_node6>
<xnbr_node7>{33.018532}</xnbr_node7>
<xnbr_node8>{33.974247}</xnbr_node8>
<xnbr_node9>{34.849785}</xnbr_node9>
<xnbr_node10>{35.606781}</xnbr_node10>
<ynbr_node0>{3.735978}</ynbr_node0>
<ynbr_node1>{4.640600}</ynbr_node1>
<ynbr_node2>{5.444720}</ynbr_node2>
<ynbr_node3>{6.121677}</ynbr_node3>
<ynbr_node4>{6.649371}</ynbr_node4>
<ynbr_node5>{6.986035}</ynbr_node5>
<ynbr_node6>{7.129586}</ynbr_node6>
<ynbr_node7>{7.054632}</ynbr_node7>
<ynbr_node8>{6.775616}</ynbr_node8>
<ynbr_node9>{6.298442}</ynbr_node9>
<ynbr_node10>{5.649532}</ynbr_node10>
</xagent>
<xagent>
<name>Sporo</name>
<id>1</id>
<iter>501</iter>
<FP>1.000000</FP>
<K0>0.200000</K0>
<TH0>2.941593</TH0>
<R0>0.998334</R0>
<coordx>{22.836386, 22.278116, 21.570774, 20.746727, 19.837214, 18.854094, 17.858326, 16.871939, 15.942408, 15.100256, 14.388628}</coordx>
<coordy>{5.408891, 4.581650, 3.871773, 3.305158, 2.904682, 2.680712, 2.653441, 2.818222, 3.177004, 3.719167, 4.421260}</coordy>
<xnbr_node0>{}</xnbr_node0>
<xnbr_node1>{}</xnbr_node1>
<xnbr_node2>{}</xnbr_node2>
<xnbr_node3>{}</xnbr_node3>
<xnbr_node4>{}</xnbr_node4>
<xnbr_node5>{}</xnbr_node5>
<xnbr_node6>{}</xnbr_node6>
<xnbr_node7>{}</xnbr_node7>
<xnbr_node8>{}</xnbr_node8>
<xnbr_node9>{}</xnbr_node9>
<xnbr_node10>{}</xnbr_node10>
<ynbr_node0>{}</ynbr_node0>
<ynbr_node1>{}</ynbr_node1>
<ynbr_node2>{}</ynbr_node2>
<ynbr_node3>{}</ynbr_node3>
<ynbr_node4>{}</ynbr_node4>
<ynbr_node5>{}</ynbr_node5>
<ynbr_node6>{}</ynbr_node6>
<ynbr_node7>{}</ynbr_node7>
<ynbr_node8>{}</ynbr_node8>
<ynbr_node9>{}</ynbr_node9>
<ynbr_node10>{}</ynbr_node10>
</xagent>
</states>
