<states>
<itno>601</itno>
<environment>
<NNODES>11</NNODES>
<WIDTH>0.450000</WIDTH>
<DT>0.010000</DT>
<NOISE>0.000100</NOISE>
<DELTA>1.800000</DELTA>
<KEL>30.000000</KEL>
<KI>0.020000</KI>
<KTH>4.000000</KTH>
<SIDEBOX>0.000000</SIDEBOX>
<SIDEX>60</SIDEX>
<SIDEY>60</SIDEY>
</environment>
<xagent>
<name>Sporo</name>
<id>36</id>
<iter>601</iter>
<FP>1.000000</FP>
<K0>0.200000</K0>
<TH0>2.941593</TH0>
<R0>0.998334</R0>
<coordx>{9.498593, 8.500360, 7.513545, 6.570221, 5.704508, 4.946995, 4.334538, 3.888991, 3.640026, 3.606330, 3.778008}</coordx>
<coordy>{-1.534863, -1.570545, -1.417694, -1.087144, -0.589386, 0.061676, 0.842310, 1.738907, 2.702887, 3.697462, 4.680568}</coordy>
<xnbr_node0>{-0.499241}</xnbr_node0>
<xnbr_node1>{0.472890}</xnbr_node1>
<xnbr_node2>{1.429255}</xnbr_node2>
<xnbr_node3>{2.348856}</xnbr_node3>
<xnbr_node4>{3.235435}</xnbr_node4>
<xnbr_node5>{4.059242}</xnbr_node5>
<xnbr_node6>{4.789822}</xnbr_node6>
<xnbr_node7>{5.393360}</xnbr_node7>
<xnbr_node8>{5.825021}</xnbr_node8>
<xnbr_node9>{6.057358}</xnbr_node9>
<xnbr_node10>{6.083446}</xnbr_node10>
<ynbr_node0>{1.662624}</ynbr_node0>
<ynbr_node1>{1.496948}</ynbr_node1>
<ynbr_node2>{1.218437}</ynbr_node2>
<ynbr_node3>{0.853344}</ynbr_node3>
<ynbr_node4>{0.400314}</ynbr_node4>
<ynbr_node5>{-0.158146}</ynbr_node5>
<ynbr_node6>{-0.827583}</ynbr_node6>
<ynbr_node7>{-1.617760}</ynbr_node7>
<ynbr_node8>{-2.511135}</ynbr_node8>
<ynbr_node9>{-3.479485}</ynbr_node9>
<ynbr_node10>{-4.475437}</ynbr_node10>
</xagent>
<xagent>
<name>Sporo</name>
<id>35</id>
<iter>601</iter>
<FP>1.000000</FP>
<K0>0.200000</K0>
<TH0>2.941593</TH0>
<R0>0.998334</R0>
<coordx>{58.834084, 59.380325, 59.766659, 59.960953, 59.941311, 59.699474, 59.251999, 58.629612, 57.855873, 56.972622, 56.010628}</coordx>
<coordy>{61.928986, 61.077881, 60.184460, 59.230915, 58.253094, 57.302219, 56.423801, 55.660885, 55.037521, 54.588615, 54.328751}</coordy>
<xnbr_node0>{59.500759}</xnbr_node0>
<xnbr_node1>{60.472889}</xnbr_node1>
<xnbr_node2>{61.429253}</xnbr_node2>
<xnbr_node3>{62.348858}</xnbr_node3>
<xnbr_node4>{63.235435}</xnbr_node4>
<xnbr_node5>{64.059242}</xnbr_node5>
<xnbr_node6>{64.789825}</xnbr_node6>
<xnbr_node7>{65.393356}</xnbr_node7>
<xnbr_node8>{65.825020}</xnbr_node8>
<xnbr_node9>{66.057358}</xnbr_node9>
<xnbr_node10>{66.083443}</xnbr_node10>
<ynbr_node0>{61.662624}</ynbr_node0>
<ynbr_node1>{61.496948}</ynbr_node1>
<ynbr_node2>{61.218437}</ynbr_node2>
<ynbr_node3>{60.853344}</ynbr_node3>
<ynbr_node4>{60.400314}</ynbr_node4>
<ynbr_node5>{59.841854}</ynbr_node5>
<ynbr_node6>{59.172417}</ynbr_node6>
<ynbr_node7>{58.382240}</ynbr_node7>
<ynbr_node8>{57.488865}</ynbr_node8>
<ynbr_node9>{56.520515}</ynbr_node9>
<ynbr_node10>{55.524563}</ynbr_node10>
</xagent>
<xagent>
<name>Sporo</name>
<id>34</id>
<iter>601</iter>
<FP>1.000000</FP>
<K0>0.200000</K0>
<TH0>2.941593</TH0>
<R0>0.998334</R0>
<coordx>{50.501385, 49.508244, 48.510197, 47.542038, 46.636940, 45.821747, 45.125221, 44.574066, 44.191639, 44.005653, 44.029373}</coordx>
<coordy>{48.647442, 48.531929, 48.603077, 48.854362, 49.271587, 49.849709, 50.560673, 51.389828, 52.312138, 53.287586, 54.285736}</coordy>
<xnbr_node0>{39.814808}</xnbr_node0>
<xnbr_node1>{40.805763}</xnbr_node1>
<xnbr_node2>{41.801243}</xnbr_node2>
<xnbr_node3>{42.753273}</xnbr_node3>
<xnbr_node4>{43.645237}</xnbr_node4>
<xnbr_node5>{44.431900}</xnbr_node5>
<xnbr_node6>{45.098797}</xnbr_node6>
<xnbr_node7>{45.616337}</xnbr_node7>
<xnbr_node8>{45.956661}</xnbr_node8>
<xnbr_node9>{46.099819}</xnbr_node9>
<xnbr_node10>{46.047081}</xnbr_node10>
<ynbr_node0>{51.545860}</ynbr_node0>
<ynbr_node1>{51.631443}</ynbr_node1>
<ynbr_node2>{51.526791}</ynbr_node2>
<ynbr_node3>{51.239342}</ynbr_node3>
<ynbr_node4>{50.782524}</ynbr_node4>
<ynbr_node5>{50.168488}</ynbr_node5>
<ynbr_node6>{49.429665}</ynbr_node6>
<ynbr_node7>{48.576622}</ynbr_node7>
<ynbr_node8>{47.642071}</ynbr_node8>
<ynbr_node9>{46.654907}</ynbr_node9>
<ynbr_node10>{45.656700}</ynbr_node10>
</xagent>
<xagent>
<name>Sporo</name>
<id>33</id>
<iter>601</iter>
<FP>1.000000</FP>
<K0>0.200000</K0>
<TH0>2.941593</TH0>
<R0>0.998334</R0>
<coordx>{29.422750, 30.407372, 31.410854, 32.387711, 33.306480, 34.135311, 34.846264, 35.402916, 35.784931, 35.964920, 35.945393}</coordx>
<coordy>{61.243954, 61.409271, 61.380161, 61.166378, 60.771194, 60.215702, 59.510555, 58.677853, 57.756386, 56.775162, 55.780605}</coordy>
<xnbr_node0>{}</xnbr_node0>
<xnbr_node1>{}</xnbr_node1>
<xnbr_node2>{}</xnbr_node2>
<xnbr_node3>{}</xnbr_node3>
<xnbr_node4>{}</xnbr_node4>
<xnbr_node5>{}</xnbr_node5>
<xnbr_node6>{}</xnbr_node6>
<xnbr_node7>{}</xnbr_node7>
<xnbr_node8>{}</xnbr_node8>
<xnbr_node9>{}</xnbr_node9>
<xnbr_node10>{}</xnbr_node10>
<ynbr_node0>{}</ynbr_node0>
<ynbr_node1>{}</ynbr_node1>
<ynbr_node2>{}</ynbr_node2>
<ynbr_node3>{}</ynbr_node3>
<ynbr_node4>{}</ynbr_node4>
<ynbr_node5>{}</ynbr_node5>
<ynbr_node6>{}</ynbr_node6>
<ynbr_node7>{}</ynbr_node7>
<ynbr_node8>{}</ynbr_node8>
<ynbr_node9>{}</ynbr_node9>
<ynbr_node10>{}</ynbr_node10>
</xagent>
<xagent>
<name>Sporo</name>
<id>32</id>
<iter>601</iter>
<FP>1.000000</FP>
<K0>0.200000</K0>
<TH0>2.941593</TH0>
<R0>0.998334</R0>
<coordx>{16.863092, 17.581085, 18.416838, 19.338392, 20.316801, 21.317341, 22.303299, 23.237801, 24.084154, 24.805519, 25.369141}</coordx>
<coordy>{56.898560, 57.593170, 58.138252, 58.524078, 58.733555, 58.760506, 58.597233, 58.253181, 57.726017, 57.037666, 56.218521}</coordy>
<xnbr_node0>{}</xnbr_node0>
<xnbr_node1>{}</xnbr_node1>
<xnbr_node2>{}</xnbr_node2>
<xnbr_node3>{}</xnbr_node3>
<xnbr_node4>{}</xnbr_node4>
<xnbr_node5>{}</xnbr_node5>
<xnbr_node6>{}</xnbr_node6>
<xnbr_node7>{}</xnbr_node7>
<xnbr_node8>{}</xnbr_node8>
<xnbr_node9>{}</xnbr_node9>
<xnbr_node10>{}</xnbr_node10>
<ynbr_node0>{}</ynbr_node0>
<ynbr_node1>{}</ynbr_node1>
<ynbr_node2>{}</ynbr_node2>
<ynbr_node3>{}</ynbr_node3>
<ynbr_node4>{}</ynbr_node4>
<ynbr_node5>{}</ynbr_node5>
<ynbr_node6>{}</ynbr_node6>
<ynbr_node7>{}</ynbr_node7>
<ynbr_node8>{}</ynbr_node8>
<ynbr_node9>{}</ynbr_node9>
<ynbr_node10>{}</ynbr_node10>
</xagent>
<xagent>
<name>Sporo</name>
<id>31</id>
<iter>601</iter>
<FP>1.000000</FP>
<K0>0.200000</K0>
<TH0>2.941593</TH0>
<R0>0.998334</R0>
<coordx>{7.133346, 7.343564, 7.739919, 8.292821, 8.987599, 9.802423, 10.715872, 11.688558, 12.687993, 13.670861, 14.602781}</coordx>
<coordy>{51.985085, 52.965519, 53.883816, 54.715916, 55.433628, 56.011097, 56.427048, 56.654259, 56.680794, 56.503819, 56.134037}</coordy>
<xnbr_node0>{9.489264, -0.499241}</xnbr_node0>
<xnbr_node1>{8.493835, 0.472890}</xnbr_node1>
<xnbr_node2>{7.503836, 1.429255}</xnbr_node2>
<xnbr_node3>{6.563118, 2.348856}</xnbr_node3>
<xnbr_node4>{5.696109, 3.235435}</xnbr_node4>
<xnbr_node5>{4.941210, 4.059242}</xnbr_node5>
<xnbr_node6>{4.326663, 4.789822}</xnbr_node6>
<xnbr_node7>{3.883802, 5.393360}</xnbr_node7>
<xnbr_node8>{3.637588, 5.825021}</xnbr_node8>
<xnbr_node9>{3.606186, 6.057358}</xnbr_node9>
<xnbr_node10>{3.779079, 6.083446}</xnbr_node10>
<ynbr_node0>{58.466393, 61.662624}</ynbr_node0>
<ynbr_node1>{58.427029, 61.496948}</ynbr_node1>
<ynbr_node2>{58.582916, 61.218437}</ynbr_node2>
<ynbr_node3>{58.917431, 60.853344}</ynbr_node3>
<ynbr_node4>{59.417477, 60.400314}</ynbr_node4>
<ynbr_node5>{60.069042, 59.841854}</ynbr_node5>
<ynbr_node6>{60.853577, 59.172417}</ynbr_node6>
<ynbr_node7>{61.745605, 58.382240}</ynbr_node7>
<ynbr_node8>{62.710224, 57.488865}</ynbr_node8>
<ynbr_node9>{63.706776, 56.520515}</ynbr_node9>
<ynbr_node10>{64.689804, 55.524563}</ynbr_node10>
</xagent>
<xagent>
<name>Sporo</name>
<id>30</id>
<iter>601</iter>
<FP>1.000000</FP>
<K0>0.200000</K0>
<TH0>2.941593</TH0>
<R0>0.998334</R0>
<coordx>{-0.506795, 0.467131, 1.418250, 2.343133, 3.227428, 4.050344, 4.784683, 5.388430, 5.820168, 6.054250, 6.083569}</coordx>
<coordy>{61.669792, 61.503345, 61.224487, 60.860157, 60.404243, 59.849716, 59.180527, 58.390068, 57.498379, 56.529957, 55.534168}</coordy>
<xnbr_node0>{9.489264, -1.155922, 7.133933}</xnbr_node0>
<xnbr_node1>{8.493835, -0.613052, 7.345225}</xnbr_node1>
<xnbr_node2>{7.503836, -0.226173, 7.742222}</xnbr_node2>
<xnbr_node3>{6.563118, -0.038387, 8.298389}</xnbr_node3>
<xnbr_node4>{5.696109, -0.058762, 8.995120}</xnbr_node4>
<xnbr_node5>{4.941210, -0.308689, 9.812528}</xnbr_node5>
<xnbr_node6>{4.326663, -0.754650, 10.724911}</xnbr_node6>
<xnbr_node7>{3.883802, -1.378654, 11.698670}</xnbr_node7>
<xnbr_node8>{3.637588, -2.150993, 12.696887}</xnbr_node8>
<xnbr_node9>{3.606186, -3.038429, 13.679610}</xnbr_node9>
<xnbr_node10>{3.779079, -3.998096, 14.608278}</xnbr_node10>
<ynbr_node0>{58.466393, 61.922390, 51.995842}</ynbr_node0>
<ynbr_node1>{58.427029, 61.071903, 52.974434}</ynbr_node1>
<ynbr_node2>{58.582916, 60.177280, 53.889256}</ynbr_node2>
<ynbr_node3>{58.917431, 59.222458, 54.723640}</ynbr_node3>
<ynbr_node4>{59.417477, 58.244045, 55.439152}</ynbr_node4>
<ynbr_node5>{60.069042, 57.294933, 56.018696}</ynbr_node5>
<ynbr_node6>{60.853577, 56.417366, 56.429928}</ynbr_node6>
<ynbr_node7>{61.745605, 55.653057, 56.656471}</ynbr_node7>
<ynbr_node8>{62.710224, 55.033691, 56.678749}</ynbr_node8>
<ynbr_node9>{63.706776, 54.583252, 56.500984}</ynbr_node9>
<ynbr_node10>{64.689804, 54.326378, 56.131458}</ynbr_node10>
</xagent>
<xagent>
<name>Sporo</name>
<id>29</id>
<iter>601</iter>
<FP>1.000000</FP>
<K0>0.200000</K0>
<TH0>2.941593</TH0>
<R0>0.998334</R0>
<coordx>{47.550640, 47.639507, 47.914207, 48.366264, 48.979527, 49.728039, 50.588711, 51.531437, 52.521564, 53.512085, 54.475105}</coordx>
<coordy>{41.177799, 42.175724, 43.134342, 44.026649, 44.816025, 45.478157, 45.986187, 46.321472, 46.458015, 46.394356, 46.122406}</coordy>
<xnbr_node0>{39.814808}</xnbr_node0>
<xnbr_node1>{40.805763}</xnbr_node1>
<xnbr_node2>{41.801243}</xnbr_node2>
<xnbr_node3>{42.753273}</xnbr_node3>
<xnbr_node4>{43.645237}</xnbr_node4>
<xnbr_node5>{44.431900}</xnbr_node5>
<xnbr_node6>{45.098797}</xnbr_node6>
<xnbr_node7>{45.616337}</xnbr_node7>
<xnbr_node8>{45.956661}</xnbr_node8>
<xnbr_node9>{46.099819}</xnbr_node9>
<xnbr_node10>{46.047081}</xnbr_node10>
<ynbr_node0>{51.545860}</ynbr_node0>
<ynbr_node1>{51.631443}</ynbr_node1>
<ynbr_node2>{51.526791}</ynbr_node2>
<ynbr_node3>{51.239342}</ynbr_node3>
<ynbr_node4>{50.782524}</ynbr_node4>
<ynbr_node5>{50.168488}</ynbr_node5>
<ynbr_node6>{49.429665}</ynbr_node6>
<ynbr_node7>{48.576622}</ynbr_node7>
<ynbr_node8>{47.642071}</ynbr_node8>
<ynbr_node9>{46.654907}</ynbr_node9>
<ynbr_node10>{45.656700}</ynbr_node10>
</xagent>
<xagent>
<name>Sporo</name>
<id>28</id>
<iter>601</iter>
<FP>1.000000</FP>
<K0>0.200000</K0>
<TH0>2.941593</TH0>
<R0>0.998334</R0>
<coordx>{39.805073, 40.796448, 41.793194, 42.744053, 43.636436, 44.424034, 45.092438, 45.609932, 45.953571, 46.101700, 46.047947}</coordx>
<coordy>{51.546623, 51.632210, 51.531857, 51.240807, 50.786663, 50.174812, 49.437061, 48.584553, 47.650894, 46.658962, 45.668404}</coordy>
<xnbr_node0>{50.491615}</xnbr_node0>
<xnbr_node1>{49.495937}</xnbr_node1>
<xnbr_node2>{48.501965}</xnbr_node2>
<xnbr_node3>{47.532150}</xnbr_node3>
<xnbr_node4>{46.628281}</xnbr_node4>
<xnbr_node5>{45.816338}</xnbr_node5>
<xnbr_node6>{45.118370}</xnbr_node6>
<xnbr_node7>{44.567242}</xnbr_node7>
<xnbr_node8>{44.188580}</xnbr_node8>
<xnbr_node9>{44.005417}</xnbr_node9>
<xnbr_node10>{44.029530}</xnbr_node10>
<ynbr_node0>{48.646534}</ynbr_node0>
<ynbr_node1>{48.531414}</ynbr_node1>
<ynbr_node2>{48.604801}</ynbr_node2>
<ynbr_node3>{48.857613}</ynbr_node3>
<ynbr_node4>{49.279762}</ynbr_node4>
<ynbr_node5>{49.856464}</ynbr_node5>
<ynbr_node6>{50.567665}</ynbr_node6>
<ynbr_node7>{51.399471}</ynbr_node7>
<ynbr_node8>{52.321369}</ynbr_node8>
<ynbr_node9>{53.296459}</ynbr_node9>
<ynbr_node10>{54.294456}</ynbr_node10>
</xagent>
<xagent>
<name>Sporo</name>
<id>27</id>
<iter>601</iter>
<FP>1.000000</FP>
<K0>0.200000</K0>
<TH0>2.941593</TH0>
<R0>0.998334</R0>
<coordx>{40.858692, 39.882195, 38.881840, 37.895912, 36.960148, 36.100529, 35.353794, 34.750401, 34.324581, 34.093517, 34.066078}</coordx>
<coordy>{39.067707, 38.852020, 38.826530, 38.986610, 39.324299, 39.834187, 40.500034, 41.295700, 42.198830, 43.170162, 44.168991}</coordy>
<xnbr_node0>{}</xnbr_node0>
<xnbr_node1>{}</xnbr_node1>
<xnbr_node2>{}</xnbr_node2>
<xnbr_node3>{}</xnbr_node3>
<xnbr_node4>{}</xnbr_node4>
<xnbr_node5>{}</xnbr_node5>
<xnbr_node6>{}</xnbr_node6>
<xnbr_node7>{}</xnbr_node7>
<xnbr_node8>{}</xnbr_node8>
<xnbr_node9>{}</xnbr_node9>
<xnbr_node10>{}</xnbr_node10>
<ynbr_node0>{}</ynbr_node0>
<ynbr_node1>{}</ynbr_node1>
<ynbr_node2>{}</ynbr_node2>
<ynbr_node3>{}</ynbr_node3>
<ynbr_node4>{}</ynbr_node4>
<ynbr_node5>{}</ynbr_node5>
<ynbr_node6>{}</ynbr_node6>
<ynbr_node7>{}</ynbr_node7>
<ynbr_node8>{}</ynbr_node8>
<ynbr_node9>{}</ynbr_node9>
<ynbr_node10>{}</ynbr_node10>
</xagent>
<xagent>
<name>Sporo</name>
<id>26</id>
<iter>601</iter>
<FP>1.000000</FP>
<K0>0.200000</K0>
<TH0>2.941593</TH0>
<R0>0.998334</R0>
<coordx>{19.477055, 19.197809, 19.108114, 19.207352, 19.479950, 19.927090, 20.529482, 21.283411, 22.145346, 23.092226, 24.081940}</coordx>
<coordy>{38.653694, 39.616409, 40.606071, 41.606998, 42.568462, 43.463306, 44.261299, 44.919182, 45.420174, 45.732643, 45.850655}</coordy>
<xnbr_node0>{}</xnbr_node0>
<xnbr_node1>{}</xnbr_node1>
<xnbr_node2>{}</xnbr_node2>
<xnbr_node3>{}</xnbr_node3>
<xnbr_node4>{}</xnbr_node4>
<xnbr_node5>{}</xnbr_node5>
<xnbr_node6>{}</xnbr_node6>
<xnbr_node7>{}</xnbr_node7>
<xnbr_node8>{}</xnbr_node8>
<xnbr_node9>{}</xnbr_node9>
<xnbr_node10>{}</xnbr_node10>
<ynbr_node0>{}</ynbr_node0>
<ynbr_node1>{}</ynbr_node1>
<ynbr_node2>{}</ynbr_node2>
<ynbr_node3>{}</ynbr_node3>
<ynbr_node4>{}</ynbr_node4>
<ynbr_node5>{}</ynbr_node5>
<ynbr_node6>{}</ynbr_node6>
<ynbr_node7>{}</ynbr_node7>
<ynbr_node8>{}</ynbr_node8>
<ynbr_node9>{}</ynbr_node9>
<ynbr_node10>{}</ynbr_node10>
</xagent>
<xagent>
<name>Sporo</name>
<id>25</id>
<iter>601</iter>
<FP>1.000000</FP>
<K0>0.200000</K0>
<TH0>2.941593</TH0>
<R0>0.998334</R0>
<coordx>{7.478271, 7.584716, 7.877970, 8.343610, 8.969716, 9.727754, 10.596698, 11.540751, 12.531525, 13.528194, 14.487777}</coordx>
<coordy>{41.242561, 42.232292, 43.187199, 44.069389, 44.856552, 45.508232, 46.005329, 46.324154, 46.451012, 46.376438, 46.093105}</coordy>
<xnbr_node0>{}</xnbr_node0>
<xnbr_node1>{}</xnbr_node1>
<xnbr_node2>{}</xnbr_node2>
<xnbr_node3>{}</xnbr_node3>
<xnbr_node4>{}</xnbr_node4>
<xnbr_node5>{}</xnbr_node5>
<xnbr_node6>{}</xnbr_node6>
<xnbr_node7>{}</xnbr_node7>
<xnbr_node8>{}</xnbr_node8>
<xnbr_node9>{}</xnbr_node9>
<xnbr_node10>{}</xnbr_node10>
<ynbr_node0>{}</ynbr_node0>
<ynbr_node1>{}</ynbr_node1>
<ynbr_node2>{}</ynbr_node2>
<ynbr_node3>{}</ynbr_node3>
<ynbr_node4>{}</ynbr_node4>
<ynbr_node5>{}</ynbr_node5>
<ynbr_node6>{}</ynbr_node6>
<ynbr_node7>{}</ynbr_node7>
<ynbr_node8>{}</ynbr_node8>
<ynbr_node9>{}</ynbr_node9>
<ynbr_node10>{}</ynbr_node10>
</xagent>
<xagent>
<name>Sporo</name>
<id>24</id>
<iter>601</iter>
<FP>1.000000</FP>
<K0>0.200000</K0>
<TH0>2.941593</TH0>
<R0>0.998334</R0>
<coordx>{-1.432508, -1.608779, -1.595718, -1.388964, -0.982636, -0.350628, 0.415258, 1.267065, 2.192353, 3.167499, 4.165636}</coordx>
<coordy>{39.305168, 40.293198, 41.301971, 42.297386, 43.239700, 44.016972, 44.662155, 45.187145, 45.575134, 45.803127, 45.841465}</coordy>
<xnbr_node0>{-0.654079}</xnbr_node0>
<xnbr_node1>{-0.370964}</xnbr_node1>
<xnbr_node2>{-0.242043}</xnbr_node2>
<xnbr_node3>{-0.249760}</xnbr_node3>
<xnbr_node4>{-0.375385}</xnbr_node4>
<xnbr_node5>{-0.624924}</xnbr_node5>
<xnbr_node6>{-1.010593}</xnbr_node6>
<xnbr_node7>{-1.543003}</xnbr_node7>
<xnbr_node8>{-2.219597}</xnbr_node8>
<xnbr_node9>{-3.024834}</xnbr_node9>
<xnbr_node10>{-3.930622}</xnbr_node10>
<ynbr_node0>{42.769493}</ynbr_node0>
<ynbr_node1>{41.856258}</ynbr_node1>
<ynbr_node2>{40.897068}</ynbr_node2>
<ynbr_node3>{39.915627}</ynbr_node3>
<ynbr_node4>{38.937756}</ynbr_node4>
<ynbr_node5>{37.976692}</ynbr_node5>
<ynbr_node6>{37.062473}</ynbr_node6>
<ynbr_node7>{36.218872}</ynbr_node7>
<ynbr_node8>{35.486908}</ynbr_node8>
<ynbr_node9>{34.901215}</ynbr_node9>
<ynbr_node10>{34.487106}</ynbr_node10>
</xagent>
<xagent>
<name>Sporo</name>
<id>23</id>
<iter>601</iter>
<FP>1.000000</FP>
<K0>0.200000</K0>
<TH0>2.941593</TH0>
<R0>0.998334</R0>
<coordx>{59.350643, 59.630127, 59.759094, 59.753242, 59.629948, 59.378044, 58.991356, 58.461620, 57.787243, 56.983700, 56.080284}</coordx>
<coordy>{42.773754, 41.862942, 40.903618, 39.924755, 38.946331, 37.985100, 37.068825, 36.230881, 35.493271, 34.904762, 34.495781}</coordy>
<xnbr_node0>{58.566086, 58.339943}</xnbr_node0>
<xnbr_node1>{58.390648, 58.894100}</xnbr_node1>
<xnbr_node2>{58.408001, 59.283047}</xnbr_node2>
<xnbr_node3>{58.614555, 59.494404}</xnbr_node3>
<xnbr_node4>{59.023552, 59.527100}</xnbr_node4>
<xnbr_node5>{59.656094, 59.373512}</xnbr_node5>
<xnbr_node6>{60.425926, 59.032776}</xnbr_node6>
<xnbr_node7>{61.278667, 58.515793}</xnbr_node7>
<xnbr_node8>{62.201359, 57.837906}</xnbr_node8>
<xnbr_node9>{63.177227, 57.032444}</xnbr_node9>
<xnbr_node10>{64.176285, 56.119781}</xnbr_node10>
<ynbr_node0>{39.312912, 32.676521}</ynbr_node0>
<ynbr_node1>{40.302902, 31.845922}</ynbr_node1>
<ynbr_node2>{41.307846, 30.925013}</ynbr_node2>
<ynbr_node3>{42.305611, 29.946974}</ynbr_node3>
<ynbr_node4>{43.242607, 28.948130}</ynbr_node4>
<ynbr_node5>{44.020607, 27.960161}</ynbr_node5>
<ynbr_node6>{44.665897, 27.020330}</ynbr_node6>
<ynbr_node7>{45.190819, 26.168795}</ynbr_node7>
<ynbr_node8>{45.577381, 25.434158}</ynbr_node8>
<ynbr_node9>{45.805050, 24.850613}</ynbr_node9>
<ynbr_node10>{45.843105, 24.447033}</ynbr_node10>
</xagent>
<xagent>
<name>Sporo</name>
<id>22</id>
<iter>601</iter>
<FP>1.000000</FP>
<K0>0.200000</K0>
<TH0>2.941593</TH0>
<R0>0.998334</R0>
<coordx>{37.920521, 37.924850, 38.121307, 38.497410, 39.037579, 39.719131, 40.531982, 41.442966, 42.414066, 43.407711, 44.392490}</coordx>
<coordy>{30.524183, 31.521955, 32.501621, 33.426849, 34.269989, 34.996098, 35.579628, 35.993221, 36.217968, 36.243542, 36.067356}</coordy>
<xnbr_node0>{40.981087}</xnbr_node0>
<xnbr_node1>{41.206425}</xnbr_node1>
<xnbr_node2>{41.229858}</xnbr_node2>
<xnbr_node3>{41.054260}</xnbr_node3>
<xnbr_node4>{40.683266}</xnbr_node4>
<xnbr_node5>{40.131622}</xnbr_node5>
<xnbr_node6>{39.417320}</xnbr_node6>
<xnbr_node7>{38.562000}</xnbr_node7>
<xnbr_node8>{37.620300}</xnbr_node8>
<xnbr_node9>{36.626987}</xnbr_node9>
<xnbr_node10>{35.635929}</xnbr_node10>
<ynbr_node0>{30.236481}</ynbr_node0>
<ynbr_node1>{29.259403}</ynbr_node1>
<ynbr_node2>{28.258490}</ynbr_node2>
<ynbr_node3>{27.275574}</ynbr_node3>
<ynbr_node4>{26.348881}</ynbr_node4>
<ynbr_node5>{25.521177}</ynbr_node5>
<ynbr_node6>{24.833317}</ynbr_node6>
<ynbr_node7>{24.318743}</ynbr_node7>
<ynbr_node8>{23.992357}</ynbr_node8>
<ynbr_node9>{23.880747}</ynbr_node9>
<ynbr_node10>{23.976799}</ynbr_node10>
</xagent>
<xagent>
<name>Sporo</name>
<id>21</id>
<iter>601</iter>
<FP>1.000000</FP>
<K0>0.200000</K0>
<TH0>2.941593</TH0>
<R0>0.998334</R0>
<coordx>{32.083656, 31.214268, 30.500700, 30.042665, 29.894146, 30.075436, 30.551300, 31.251955, 32.107727, 33.062717, 34.057693}</coordx>
<coordy>{29.504208, 29.962078, 30.631550, 31.492228, 32.466702, 33.437561, 34.306370, 35.011505, 35.515118, 35.805008, 35.883793}</coordy>
<xnbr_node0>{32.604622}</xnbr_node0>
<xnbr_node1>{31.582872}</xnbr_node1>
<xnbr_node2>{30.591951}</xnbr_node2>
<xnbr_node3>{29.621454}</xnbr_node3>
<xnbr_node4>{28.689585}</xnbr_node4>
<xnbr_node5>{27.788334}</xnbr_node5>
<xnbr_node6>{26.936234}</xnbr_node6>
<xnbr_node7>{26.167261}</xnbr_node7>
<xnbr_node8>{25.494665}</xnbr_node8>
<xnbr_node9>{24.960878}</xnbr_node9>
<xnbr_node10>{24.597271}</xnbr_node10>
<ynbr_node0>{29.150686}</ynbr_node0>
<ynbr_node1>{29.097500}</ynbr_node1>
<ynbr_node2>{29.230051}</ynbr_node2>
<ynbr_node3>{29.492048}</ynbr_node3>
<ynbr_node4>{29.850576}</ynbr_node4>
<ynbr_node5>{30.298157}</ynbr_node5>
<ynbr_node6>{30.831789}</ynbr_node6>
<ynbr_node7>{31.468943}</ynbr_node7>
<ynbr_node8>{32.206413}</ynbr_node8>
<ynbr_node9>{33.055359}</ynbr_node9>
<ynbr_node10>{33.986176}</ynbr_node10>
</xagent>
<xagent>
<name>Sporo</name>
<id>20</id>
<iter>601</iter>
<FP>1.000000</FP>
<K0>0.200000</K0>
<TH0>2.941593</TH0>
<R0>0.998334</R0>
<coordx>{32.610817, 31.594042, 30.599964, 29.630999, 28.696539, 27.795511, 26.946360, 26.173622, 25.499842, 24.965891, 24.599056}</coordx>
<coordy>{29.143799, 29.096041, 29.226416, 29.485929, 29.847456, 30.290956, 30.826115, 31.462742, 32.199974, 33.045914, 33.979691}</coordy>
<xnbr_node0>{32.072598, 23.367697, 16.656012}</xnbr_node0>
<xnbr_node1>{31.208405, 22.857285, 17.164598}</xnbr_node1>
<xnbr_node2>{30.493624, 22.192780, 17.831263}</xnbr_node2>
<xnbr_node3>{30.038738, 21.401751, 18.621532}</xnbr_node3>
<xnbr_node4>{29.896387, 20.505844, 19.511583}</xnbr_node4>
<xnbr_node5>{30.084339, 19.548979, 20.471458}</xnbr_node5>
<xnbr_node6>{30.556257, 18.552359, 21.467003}</xnbr_node6>
<xnbr_node7>{31.263466, 17.558577, 22.462027}</xnbr_node7>
<xnbr_node8>{32.117554, 16.601923, 23.416059}</xnbr_node8>
<xnbr_node9>{33.072392, 15.728006, 24.289446}</xnbr_node9>
<xnbr_node10>{34.067764, 14.977003, 25.042398}</xnbr_node10>
<ynbr_node0>{29.505814, 35.294395, 24.780708}</ynbr_node0>
<ynbr_node1>{29.966784, 34.432068, 25.638021}</ynbr_node1>
<ynbr_node2>{30.639112, 33.684948, 26.386904}</ynbr_node2>
<ynbr_node3>{31.502983, 33.076797, 26.989862}</ynbr_node3>
<ynbr_node4>{32.475967, 32.627003, 27.437689}</ynbr_node4>
<ynbr_node5>{33.444771, 32.346840, 27.708784}</ynbr_node5>
<ynbr_node6>{34.314224, 32.250118, 27.793005}</ynbr_node6>
<ynbr_node7>{35.019413, 32.347179, 27.686440}</ynbr_node7>
<ynbr_node8>{35.519672, 32.637707, 27.388466}</ynbr_node8>
<ynbr_node9>{35.806068, 33.120502, 26.907194}</ynbr_node9>
<ynbr_node10>{35.883240, 33.774120, 26.254711}</ynbr_node10>
</xagent>
<xagent>
<name>Sporo</name>
<id>19</id>
<iter>601</iter>
<FP>1.000000</FP>
<K0>0.200000</K0>
<TH0>2.941593</TH0>
<R0>0.998334</R0>
<coordx>{23.372025, 22.863270, 22.202562, 21.408560, 20.516699, 19.558517, 18.563192, 17.570608, 16.609701, 15.737310, 14.983794}</coordx>
<coordy>{35.306190, 34.440300, 33.691700, 33.082745, 32.629116, 32.348835, 32.251186, 32.344097, 32.634472, 33.114571, 33.768730}</coordy>
<xnbr_node0>{32.604622}</xnbr_node0>
<xnbr_node1>{31.582872}</xnbr_node1>
<xnbr_node2>{30.591951}</xnbr_node2>
<xnbr_node3>{29.621454}</xnbr_node3>
<xnbr_node4>{28.689585}</xnbr_node4>
<xnbr_node5>{27.788334}</xnbr_node5>
<xnbr_node6>{26.936234}</xnbr_node6>
<xnbr_node7>{26.167261}</xnbr_node7>
<xnbr_node8>{25.494665}</xnbr_node8>
<xnbr_node9>{24.960878}</xnbr_node9>
<xnbr_node10>{24.597271}</xnbr_node10>
<ynbr_node0>{29.150686}</ynbr_node0>
<ynbr_node1>{29.097500}</ynbr_node1>
<ynbr_node2>{29.230051}</ynbr_node2>
<ynbr_node3>{29.492048}</ynbr_node3>
<ynbr_node4>{29.850576}</ynbr_node4>
<ynbr_node5>{30.298157}</ynbr_node5>
<ynbr_node6>{30.831789}</ynbr_node6>
<ynbr_node7>{31.468943}</ynbr_node7>
<ynbr_node8>{32.206413}</ynbr_node8>
<ynbr_node9>{33.055359}</ynbr_node9>
<ynbr_node10>{33.986176}</ynbr_node10>
</xagent>
<xagent>
<name>Sporo</name>
<id>18</id>
<iter>601</iter>
<FP>1.000000</FP>
<K0>0.200000</K0>
<TH0>2.941593</TH0>
<R0>0.998334</R0>
<coordx>{11.788536, 10.857605, 9.874926, 8.876488, 7.892293, 6.965549, 6.125801, 5.404136, 4.829658, 4.439422, 4.245783}</coordx>
<coordy>{30.065659, 29.700266, 29.519775, 29.526966, 29.710455, 30.078735, 30.616701, 31.306208, 32.122284, 33.039680, 34.023170}</coordy>
<xnbr_node0>{}</xnbr_node0>
<xnbr_node1>{}</xnbr_node1>
<xnbr_node2>{}</xnbr_node2>
<xnbr_node3>{}</xnbr_node3>
<xnbr_node4>{}</xnbr_node4>
<xnbr_node5>{}</xnbr_node5>
<xnbr_node6>{}</xnbr_node6>
<xnbr_node7>{}</xnbr_node7>
<xnbr_node8>{}</xnbr_node8>
<xnbr_node9>{}</xnbr_node9>
<xnbr_node10>{}</xnbr_node10>
<ynbr_node0>{}</ynbr_node0>
<ynbr_node1>{}</ynbr_node1>
<ynbr_node2>{}</ynbr_node2>
<ynbr_node3>{}</ynbr_node3>
<ynbr_node4>{}</ynbr_node4>
<ynbr_node5>{}</ynbr_node5>
<ynbr_node6>{}</ynbr_node6>
<ynbr_node7>{}</ynbr_node7>
<ynbr_node8>{}</ynbr_node8>
<ynbr_node9>{}</ynbr_node9>
<ynbr_node10>{}</ynbr_node10>
</xagent>
<xagent>
<name>Sporo</name>
<id>17</id>
<iter>601</iter>
<FP>1.000000</FP>
<K0>0.200000</K0>
<TH0>2.941593</TH0>
<R0>0.998334</R0>
<coordx>{58.331871, 58.892345, 59.278835, 59.497528, 59.527523, 59.375698, 59.034351, 58.521236, 57.846439, 57.040333, 56.127758}</coordx>
<coordy>{32.684216, 31.853071, 30.933115, 29.955999, 28.958145, 27.967312, 27.027500, 26.176893, 25.440802, 24.856005, 24.455750}</coordy>
<xnbr_node0>{59.345921}</xnbr_node0>
<xnbr_node1>{59.629036}</xnbr_node1>
<xnbr_node2>{59.757957}</xnbr_node2>
<xnbr_node3>{59.750240}</xnbr_node3>
<xnbr_node4>{59.624615}</xnbr_node4>
<xnbr_node5>{59.375076}</xnbr_node5>
<xnbr_node6>{58.989407}</xnbr_node6>
<xnbr_node7>{58.456997}</xnbr_node7>
<xnbr_node8>{57.780403}</xnbr_node8>
<xnbr_node9>{56.975166}</xnbr_node9>
<xnbr_node10>{56.069378}</xnbr_node10>
<ynbr_node0>{42.769493}</ynbr_node0>
<ynbr_node1>{41.856258}</ynbr_node1>
<ynbr_node2>{40.897068}</ynbr_node2>
<ynbr_node3>{39.915627}</ynbr_node3>
<ynbr_node4>{38.937756}</ynbr_node4>
<ynbr_node5>{37.976692}</ynbr_node5>
<ynbr_node6>{37.062473}</ynbr_node6>
<ynbr_node7>{36.218872}</ynbr_node7>
<ynbr_node8>{35.486908}</ynbr_node8>
<ynbr_node9>{34.901215}</ynbr_node9>
<ynbr_node10>{34.487106}</ynbr_node10>
</xagent>
<xagent>
<name>Sporo</name>
<id>16</id>
<iter>601</iter>
<FP>1.000000</FP>
<K0>0.200000</K0>
<TH0>2.941593</TH0>
<R0>0.998334</R0>
<coordx>{37.096306, 37.579922, 38.226639, 39.010891, 39.903748, 40.877239, 41.870403, 42.843597, 43.736755, 44.509453, 45.130947}</coordx>
<coordy>{25.484055, 26.357382, 27.120167, 27.737495, 28.178606, 28.414268, 28.428532, 28.211428, 27.775101, 27.145956, 26.367296}</coordy>
<xnbr_node0>{40.981087}</xnbr_node0>
<xnbr_node1>{41.206425}</xnbr_node1>
<xnbr_node2>{41.229858}</xnbr_node2>
<xnbr_node3>{41.054260}</xnbr_node3>
<xnbr_node4>{40.683266}</xnbr_node4>
<xnbr_node5>{40.131622}</xnbr_node5>
<xnbr_node6>{39.417320}</xnbr_node6>
<xnbr_node7>{38.562000}</xnbr_node7>
<xnbr_node8>{37.620300}</xnbr_node8>
<xnbr_node9>{36.626987}</xnbr_node9>
<xnbr_node10>{35.635929}</xnbr_node10>
<ynbr_node0>{30.236481}</ynbr_node0>
<ynbr_node1>{29.259403}</ynbr_node1>
<ynbr_node2>{28.258490}</ynbr_node2>
<ynbr_node3>{27.275574}</ynbr_node3>
<ynbr_node4>{26.348881}</ynbr_node4>
<ynbr_node5>{25.521177}</ynbr_node5>
<ynbr_node6>{24.833317}</ynbr_node6>
<ynbr_node7>{24.318743}</ynbr_node7>
<ynbr_node8>{23.992357}</ynbr_node8>
<ynbr_node9>{23.880747}</ynbr_node9>
<ynbr_node10>{23.976799}</ynbr_node10>
</xagent>
<xagent>
<name>Sporo</name>
<id>15</id>
<iter>601</iter>
<FP>1.000000</FP>
<K0>0.200000</K0>
<TH0>2.941593</TH0>
<R0>0.998334</R0>
<coordx>{40.977779, 41.205025, 41.230927, 41.053635, 40.689186, 40.135979, 39.424088, 38.571617, 37.629311, 36.637936, 35.644173}</coordx>
<coordy>{30.246050, 29.270082, 28.269354, 27.282911, 26.356476, 25.531668, 24.839279, 24.321486, 23.995790, 23.879955, 23.974031}</coordy>
<xnbr_node0>{37.920792, 37.101940}</xnbr_node0>
<xnbr_node1>{37.924133, 37.584370}</xnbr_node1>
<xnbr_node2>{38.124847, 38.237061}</xnbr_node2>
<xnbr_node3>{38.501762, 39.017899}</xnbr_node3>
<xnbr_node4>{39.040619, 39.913670}</xnbr_node4>
<xnbr_node5>{39.728035, 40.886078}</xnbr_node5>
<xnbr_node6>{40.540981, 41.882374}</xnbr_node6>
<xnbr_node7>{41.449867, 42.852062}</xnbr_node7>
<xnbr_node8>{42.424770, 43.745468}</xnbr_node8>
<xnbr_node9>{43.418114, 44.516026}</xnbr_node9>
<xnbr_node10>{44.400356, 45.137127}</xnbr_node10>
<ynbr_node0>{30.532877, 25.492535}</ynbr_node0>
<ynbr_node1>{31.534412, 26.365326}</ynbr_node1>
<ynbr_node2>{32.511261, 27.126898}</ynbr_node2>
<ynbr_node3>{33.434681, 27.742313}</ynbr_node3>
<ynbr_node4>{34.275509, 28.181179}</ynbr_node4>
<ynbr_node5>{35.001316, 28.415575}</ynbr_node5>
<ynbr_node6>{35.585011, 28.427193}</ynbr_node6>
<ynbr_node7>{35.996063, 28.208874}</ynbr_node7>
<ynbr_node8>{36.220833, 27.770775}</ynbr_node8>
<ynbr_node9>{36.241657, 27.138330}</ynbr_node9>
<ynbr_node10>{36.060081, 26.360056}</ynbr_node10>
</xagent>
<xagent>
<name>Sporo</name>
<id>14</id>
<iter>601</iter>
<FP>1.000000</FP>
<K0>0.200000</K0>
<TH0>2.941593</TH0>
<R0>0.998334</R0>
<coordx>{16.649454, 17.158587, 17.822758, 18.612597, 19.502563, 20.462275, 21.457533, 22.453711, 23.402777, 24.278610, 25.037355}</coordx>
<coordy>{24.771578, 25.629780, 26.378389, 26.987116, 27.433905, 27.707056, 27.792746, 27.689404, 27.390362, 26.912239, 26.259085}</coordy>
<xnbr_node0>{23.414343}</xnbr_node0>
<xnbr_node1>{22.861834}</xnbr_node1>
<xnbr_node2>{22.166918}</xnbr_node2>
<xnbr_node3>{21.352381}</xnbr_node3>
<xnbr_node4>{20.447689}</xnbr_node4>
<xnbr_node5>{19.480719}</xnbr_node5>
<xnbr_node6>{18.480072}</xnbr_node6>
<xnbr_node7>{17.489990}</xnbr_node7>
<xnbr_node8>{16.542454}</xnbr_node8>
<xnbr_node9>{15.685036}</xnbr_node9>
<xnbr_node10>{14.950830}</xnbr_node10>
<ynbr_node0>{24.999243}</ynbr_node0>
<ynbr_node1>{24.166561}</ynbr_node1>
<ynbr_node2>{23.452539}</ynbr_node2>
<ynbr_node3>{22.871048}</ynbr_node3>
<ynbr_node4>{22.448015}</ynbr_node4>
<ynbr_node5>{22.197365}</ynbr_node5>
<ynbr_node6>{22.132494}</ynbr_node6>
<ynbr_node7>{22.265535}</ynbr_node7>
<ynbr_node8>{22.592104}</ynbr_node8>
<ynbr_node9>{23.097416}</ynbr_node9>
<ynbr_node10>{23.775597}</ynbr_node10>
</xagent>
<xagent>
<name>Sporo</name>
<id>13</id>
<iter>601</iter>
<FP>1.000000</FP>
<K0>0.200000</K0>
<TH0>2.941593</TH0>
<R0>0.998334</R0>
<coordx>{23.418854, 22.868910, 22.174501, 21.361818, 20.457188, 19.494688, 18.493143, 17.499475, 16.552925, 15.696228, 14.959501}</coordx>
<coordy>{25.007126, 24.174501, 23.457674, 22.875463, 22.450823, 22.198048, 22.133450, 22.262423, 22.587118, 23.091461, 23.765524}</coordy>
<xnbr_node0>{16.656012}</xnbr_node0>
<xnbr_node1>{17.164598}</xnbr_node1>
<xnbr_node2>{17.831263}</xnbr_node2>
<xnbr_node3>{18.621532}</xnbr_node3>
<xnbr_node4>{19.511583}</xnbr_node4>
<xnbr_node5>{20.471458}</xnbr_node5>
<xnbr_node6>{21.467003}</xnbr_node6>
<xnbr_node7>{22.462027}</xnbr_node7>
<xnbr_node8>{23.416059}</xnbr_node8>
<xnbr_node9>{24.289446}</xnbr_node9>
<xnbr_node10>{25.042398}</xnbr_node10>
<ynbr_node0>{24.780708}</ynbr_node0>
<ynbr_node1>{25.638021}</ynbr_node1>
<ynbr_node2>{26.386904}</ynbr_node2>
<ynbr_node3>{26.989862}</ynbr_node3>
<ynbr_node4>{27.437689}</ynbr_node4>
<ynbr_node5>{27.708784}</ynbr_node5>
<ynbr_node6>{27.793005}</ynbr_node6>
<ynbr_node7>{27.686440}</ynbr_node7>
<ynbr_node8>{27.388466}</ynbr_node8>
<ynbr_node9>{26.907194}</ynbr_node9>
<ynbr_node10>{26.254711}</ynbr_node10>
</xagent>
<xagent>
<name>Sporo</name>
<id>12</id>
<iter>601</iter>
<FP>1.000000</FP>
<K0>0.200000</K0>
<TH0>2.941593</TH0>
<R0>0.998334</R0>
<coordx>{10.664508, 9.743019, 8.770841, 7.777093, 6.810481, 5.924520, 5.172832, 4.588138, 4.202842, 4.025116, 4.059011}</coordx>
<coordy>{19.759691, 19.375282, 19.169739, 19.171146, 19.408546, 19.858086, 20.506449, 21.313553, 22.230719, 23.213934, 24.208673}</coordy>
<xnbr_node0>{7.308858}</xnbr_node0>
<xnbr_node1>{8.014205}</xnbr_node1>
<xnbr_node2>{8.842671}</xnbr_node2>
<xnbr_node3>{9.757827}</xnbr_node3>
<xnbr_node4>{10.718629}</xnbr_node4>
<xnbr_node5>{11.712609}</xnbr_node5>
<xnbr_node6>{12.694180}</xnbr_node6>
<xnbr_node7>{13.609378}</xnbr_node7>
<xnbr_node8>{14.416152}</xnbr_node8>
<xnbr_node9>{15.067745}</xnbr_node9>
<xnbr_node10>{15.547235}</xnbr_node10>
<ynbr_node0>{17.000334}</ynbr_node0>
<ynbr_node1>{17.707212}</ynbr_node1>
<ynbr_node2>{18.261869}</ynbr_node2>
<ynbr_node3>{18.653772}</ynbr_node3>
<ynbr_node4>{18.891466}</ynbr_node4>
<ynbr_node5>{18.938051}</ynbr_node5>
<ynbr_node6>{18.769775}</ynbr_node6>
<ynbr_node7>{18.387882}</ynbr_node7>
<ynbr_node8>{17.796270}</ynbr_node8>
<ynbr_node9>{17.040773}</ynbr_node9>
<ynbr_node10>{16.166307}</ynbr_node10>
</xagent>
<xagent>
<name>Sporo</name>
<id>11</id>
<iter>601</iter>
<FP>1.000000</FP>
<K0>0.200000</K0>
<TH0>2.941593</TH0>
<R0>0.998334</R0>
<coordx>{50.104195, 49.731853, 49.546707, 49.552208, 49.737644, 50.102367, 50.638260, 51.323738, 52.142475, 53.058346, 54.031113}</coordx>
<coordy>{8.220772, 9.146685, 10.126686, 11.128414, 12.107113, 13.037218, 13.876487, 14.603038, 15.172477, 15.569123, 15.775894}</coordy>
<xnbr_node0>{}</xnbr_node0>
<xnbr_node1>{}</xnbr_node1>
<xnbr_node2>{}</xnbr_node2>
<xnbr_node3>{}</xnbr_node3>
<xnbr_node4>{}</xnbr_node4>
<xnbr_node5>{}</xnbr_node5>
<xnbr_node6>{}</xnbr_node6>
<xnbr_node7>{}</xnbr_node7>
<xnbr_node8>{}</xnbr_node8>
<xnbr_node9>{}</xnbr_node9>
<xnbr_node10>{}</xnbr_node10>
<ynbr_node0>{}</ynbr_node0>
<ynbr_node1>{}</ynbr_node1>
<ynbr_node2>{}</ynbr_node2>
<ynbr_node3>{}</ynbr_node3>
<ynbr_node4>{}</ynbr_node4>
<ynbr_node5>{}</ynbr_node5>
<ynbr_node6>{}</ynbr_node6>
<ynbr_node7>{}</ynbr_node7>
<ynbr_node8>{}</ynbr_node8>
<ynbr_node9>{}</ynbr_node9>
<ynbr_node10>{}</ynbr_node10>
</xagent>
<xagent>
<name>Sporo</name>
<id>10</id>
<iter>601</iter>
<FP>1.000000</FP>
<K0>0.200000</K0>
<TH0>2.941593</TH0>
<R0>0.998334</R0>
<coordx>{38.505840, 38.392979, 38.475021, 38.729836, 39.157692, 39.749454, 40.484535, 41.336189, 42.274147, 43.261173, 44.259300}</coordx>
<coordy>{9.667350, 10.661113, 11.654242, 12.619196, 13.524432, 14.329582, 15.006482, 15.526120, 15.867041, 16.016844, 15.965569}</coordy>
<xnbr_node0>{}</xnbr_node0>
<xnbr_node1>{}</xnbr_node1>
<xnbr_node2>{}</xnbr_node2>
<xnbr_node3>{}</xnbr_node3>
<xnbr_node4>{}</xnbr_node4>
<xnbr_node5>{}</xnbr_node5>
<xnbr_node6>{}</xnbr_node6>
<xnbr_node7>{}</xnbr_node7>
<xnbr_node8>{}</xnbr_node8>
<xnbr_node9>{}</xnbr_node9>
<xnbr_node10>{}</xnbr_node10>
<ynbr_node0>{}</ynbr_node0>
<ynbr_node1>{}</ynbr_node1>
<ynbr_node2>{}</ynbr_node2>
<ynbr_node3>{}</ynbr_node3>
<ynbr_node4>{}</ynbr_node4>
<ynbr_node5>{}</ynbr_node5>
<ynbr_node6>{}</ynbr_node6>
<ynbr_node7>{}</ynbr_node7>
<ynbr_node8>{}</ynbr_node8>
<ynbr_node9>{}</ynbr_node9>
<ynbr_node10>{}</ynbr_node10>
</xagent>
<xagent>
<name>Sporo</name>
<id>9</id>
<iter>601</iter>
<FP>1.000000</FP>
<K0>0.200000</K0>
<TH0>2.941593</TH0>
<R0>0.998334</R0>
<coordx>{26.719206, 27.125570, 27.699694, 28.411234, 29.243179, 30.163712, 31.141756, 32.140251, 33.121216, 34.045101, 34.867413}</coordx>
<coordy>{13.784866, 14.697817, 15.524854, 16.222307, 16.773027, 17.154280, 17.358221, 17.373264, 17.189714, 16.808535, 16.245260}</coordy>
<xnbr_node0>{27.977991}</xnbr_node0>
<xnbr_node1>{28.554697}</xnbr_node1>
<xnbr_node2>{28.963211}</xnbr_node2>
<xnbr_node3>{29.199469}</xnbr_node3>
<xnbr_node4>{29.255037}</xnbr_node4>
<xnbr_node5>{29.125622}</xnbr_node5>
<xnbr_node6>{28.819538}</xnbr_node6>
<xnbr_node7>{28.345142}</xnbr_node7>
<xnbr_node8>{27.711355}</xnbr_node8>
<xnbr_node9>{26.936249}</xnbr_node9>
<xnbr_node10>{26.054838}</xnbr_node10>
<ynbr_node0>{12.951121}</ynbr_node0>
<ynbr_node1>{12.137725}</ynbr_node1>
<ynbr_node2>{11.222667}</ynbr_node2>
<ynbr_node3>{10.258753}</ynbr_node3>
<ynbr_node4>{9.258858}</ynbr_node4>
<ynbr_node5>{8.264416}</ynbr_node5>
<ynbr_node6>{7.316161}</ynbr_node6>
<ynbr_node7>{6.436139}</ynbr_node7>
<ynbr_node8>{5.665498}</ynbr_node8>
<ynbr_node9>{5.031999}</ynbr_node9>
<ynbr_node10>{4.566932}</ynbr_node10>
</xagent>
<xagent>
<name>Sporo</name>
<id>8</id>
<iter>601</iter>
<FP>1.000000</FP>
<K0>0.200000</K0>
<TH0>2.941593</TH0>
<R0>0.998334</R0>
<coordx>{20.208382, 19.824100, 19.628082, 19.617935, 19.788519, 20.137953, 20.655535, 21.323704, 22.130203, 23.035042, 24.012484}</coordx>
<coordy>{8.109473, 9.034544, 10.007957, 11.007288, 11.992657, 12.927052, 13.785772, 14.523752, 15.117899, 15.529047, 15.743253}</coordy>
<xnbr_node0>{23.224363}</xnbr_node0>
<xnbr_node1>{22.834578}</xnbr_node1>
<xnbr_node2>{22.271765}</xnbr_node2>
<xnbr_node3>{21.566214}</xnbr_node3>
<xnbr_node4>{20.740986}</xnbr_node4>
<xnbr_node5>{19.823124}</xnbr_node5>
<xnbr_node6>{18.850538}</xnbr_node6>
<xnbr_node7>{17.849916}</xnbr_node7>
<xnbr_node8>{16.868521}</xnbr_node8>
<xnbr_node9>{15.944443}</xnbr_node9>
<xnbr_node10>{15.115373}</xnbr_node10>
<ynbr_node0>{6.305943}</ynbr_node0>
<ynbr_node1>{5.389551}</ynbr_node1>
<ynbr_node2>{4.559017}</ynbr_node2>
<ynbr_node3>{3.851966}</ynbr_node3>
<ynbr_node4>{3.292476}</ynbr_node4>
<ynbr_node5>{2.895364}</ynbr_node5>
<ynbr_node6>{2.683348}</ynbr_node6>
<ynbr_node7>{2.664890}</ynbr_node7>
<ynbr_node8>{2.846028}</ynbr_node8>
<ynbr_node9>{3.218088}</ynbr_node9>
<ynbr_node10>{3.774156}</ynbr_node10>
</xagent>
<xagent>
<name>Sporo</name>
<id>7</id>
<iter>601</iter>
<FP>1.000000</FP>
<K0>0.200000</K0>
<TH0>2.941593</TH0>
<R0>0.998334</R0>
<coordx>{7.301301, 8.007588, 8.830647, 9.746343, 10.708025, 11.703065, 12.684124, 13.598844, 14.409043, 15.060811, 15.543096}</coordx>
<coordy>{16.991737, 17.699940, 18.255379, 18.652712, 18.889650, 18.940380, 18.772774, 18.390955, 17.805910, 17.048780, 16.175179}</coordy>
<xnbr_node0>{10.654909}</xnbr_node0>
<xnbr_node1>{9.734240}</xnbr_node1>
<xnbr_node2>{8.758608}</xnbr_node2>
<xnbr_node3>{7.766081}</xnbr_node3>
<xnbr_node4>{6.800730}</xnbr_node4>
<xnbr_node5>{5.915956}</xnbr_node5>
<xnbr_node6>{5.166228}</xnbr_node6>
<xnbr_node7>{4.583347}</xnbr_node7>
<xnbr_node8>{4.200716}</xnbr_node8>
<xnbr_node9>{4.025282}</xnbr_node9>
<xnbr_node10>{4.060440}</xnbr_node10>
<ynbr_node0>{19.754757}</ynbr_node0>
<ynbr_node1>{19.371782}</ynbr_node1>
<ynbr_node2>{19.167578}</ynbr_node2>
<ynbr_node3>{19.175623}</ynbr_node3>
<ynbr_node4>{19.410744}</ynbr_node4>
<ynbr_node5>{19.862726}</ynbr_node5>
<ynbr_node6>{20.514544}</ynbr_node6>
<ynbr_node7>{21.321117}</ynbr_node7>
<ynbr_node8>{22.240053}</ynbr_node8>
<ynbr_node9>{23.222143}</ynbr_node9>
<ynbr_node10>{24.218374}</ynbr_node10>
</xagent>
<xagent>
<name>Sporo</name>
<id>6</id>
<iter>601</iter>
<FP>1.000000</FP>
<K0>0.200000</K0>
<TH0>2.941593</TH0>
<R0>0.998334</R0>
<coordx>{13.242780, 12.548207, 11.733047, 10.824093, 9.856931, 8.860033, 7.868941, 6.922918, 6.056216, 5.309080, 4.718304}</coordx>
<coordy>{13.436033, 12.715647, 12.135760, 11.715858, 11.470860, 11.407400, 11.532912, 11.843161, 12.334613, 12.992268, 13.792976}</coordy>
<xnbr_node0>{}</xnbr_node0>
<xnbr_node1>{}</xnbr_node1>
<xnbr_node2>{}</xnbr_node2>
<xnbr_node3>{}</xnbr_node3>
<xnbr_node4>{}</xnbr_node4>
<xnbr_node5>{}</xnbr_node5>
<xnbr_node6>{}</xnbr_node6>
<xnbr_node7>{}</xnbr_node7>
<xnbr_node8>{}</xnbr_node8>
<xnbr_node9>{}</xnbr_node9>
<xnbr_node10>{}</xnbr_node10>
<ynbr_node0>{}</ynbr_node0>
<ynbr_node1>{}</ynbr_node1>
<ynbr_node2>{}</ynbr_node2>
<ynbr_node3>{}</ynbr_node3>
<ynbr_node4>{}</ynbr_node4>
<ynbr_node5>{}</ynbr_node5>
<ynbr_node6>{}</ynbr_node6>
<ynbr_node7>{}</ynbr_node7>
<ynbr_node8>{}</ynbr_node8>
<ynbr_node9>{}</ynbr_node9>
<ynbr_node10>{}</ynbr_node10>
</xagent>
<xagent>
<name>Sporo</name>
<id>5</id>
<iter>601</iter>
<FP>1.000000</FP>
<K0>0.200000</K0>
<TH0>2.941593</TH0>
<R0>0.998334</R0>
<coordx>{57.763844, 58.374809, 58.821968, 59.103977, 59.201973, 59.114807, 58.846226, 58.402115, 57.786720, 57.028187, 56.148335}</coordx>
<coordy>{12.921457, 12.130738, 11.239822, 10.276772, 9.281671, 8.287765, 7.324202, 6.431463, 5.643691, 4.996758, 4.521026}</coordy>
<xnbr_node0>{}</xnbr_node0>
<xnbr_node1>{}</xnbr_node1>
<xnbr_node2>{}</xnbr_node2>
<xnbr_node3>{}</xnbr_node3>
<xnbr_node4>{}</xnbr_node4>
<xnbr_node5>{}</xnbr_node5>
<xnbr_node6>{}</xnbr_node6>
<xnbr_node7>{}</xnbr_node7>
<xnbr_node8>{}</xnbr_node8>
<xnbr_node9>{}</xnbr_node9>
<xnbr_node10>{}</xnbr_node10>
<ynbr_node0>{}</ynbr_node0>
<ynbr_node1>{}</ynbr_node1>
<ynbr_node2>{}</ynbr_node2>
<ynbr_node3>{}</ynbr_node3>
<ynbr_node4>{}</ynbr_node4>
<ynbr_node5>{}</ynbr_node5>
<ynbr_node6>{}</ynbr_node6>
<ynbr_node7>{}</ynbr_node7>
<ynbr_node8>{}</ynbr_node8>
<ynbr_node9>{}</ynbr_node9>
<ynbr_node10>{}</ynbr_node10>
</xagent>
<xagent>
<name>Sporo</name>
<id>4</id>
<iter>601</iter>
<FP>1.000000</FP>
<K0>0.200000</K0>
<TH0>2.941593</TH0>
<R0>0.998334</R0>
<coordx>{44.960709, 44.130291, 43.419769, 42.847099, 42.430473, 42.186920, 42.127270, 42.263165, 42.588051, 43.104294, 43.780788}</coordx>
<coordy>{-3.408657, -2.853873, -2.154895, -1.335203, -0.424438, 0.543894, 1.542973, 2.531447, 3.475316, 4.329282, 5.063411}</coordy>
<xnbr_node0>{}</xnbr_node0>
<xnbr_node1>{}</xnbr_node1>
<xnbr_node2>{}</xnbr_node2>
<xnbr_node3>{}</xnbr_node3>
<xnbr_node4>{}</xnbr_node4>
<xnbr_node5>{}</xnbr_node5>
<xnbr_node6>{}</xnbr_node6>
<xnbr_node7>{}</xnbr_node7>
<xnbr_node8>{}</xnbr_node8>
<xnbr_node9>{}</xnbr_node9>
<xnbr_node10>{}</xnbr_node10>
<ynbr_node0>{}</ynbr_node0>
<ynbr_node1>{}</ynbr_node1>
<ynbr_node2>{}</ynbr_node2>
<ynbr_node3>{}</ynbr_node3>
<ynbr_node4>{}</ynbr_node4>
<ynbr_node5>{}</ynbr_node5>
<ynbr_node6>{}</ynbr_node6>
<ynbr_node7>{}</ynbr_node7>
<ynbr_node8>{}</ynbr_node8>
<ynbr_node9>{}</ynbr_node9>
<ynbr_node10>{}</ynbr_node10>
</xagent>
<xagent>
<name>Sporo</name>
<id>3</id>
<iter>601</iter>
<FP>1.000000</FP>
<K0>0.200000</K0>
<TH0>2.941593</TH0>
<R0>0.998334</R0>
<coordx>{27.207542, 27.466295, 27.903185, 28.501478, 29.233103, 30.082884, 31.023870, 32.012871, 33.006962, 33.965042, 34.845207}</coordx>
<coordy>{2.768476, 3.735448, 4.633472, 5.431705, 6.106451, 6.628401, 6.967155, 7.107177, 7.036440, 6.753357, 6.279173}</coordy>
<xnbr_node0>{29.431181, 27.977991}</xnbr_node0>
<xnbr_node1>{30.420685, 28.554697}</xnbr_node1>
<xnbr_node2>{31.422285, 28.963211}</xnbr_node2>
<xnbr_node3>{32.397198, 29.199469}</xnbr_node3>
<xnbr_node4>{33.316311, 29.255037}</xnbr_node4>
<xnbr_node5>{34.143482, 29.125622}</xnbr_node5>
<xnbr_node6>{34.850506, 28.819538}</xnbr_node6>
<xnbr_node7>{35.409191, 28.345142}</xnbr_node7>
<xnbr_node8>{35.785423, 27.711355}</xnbr_node8>
<xnbr_node9>{35.965572, 26.936249}</xnbr_node9>
<xnbr_node10>{35.947174, 26.054838}</xnbr_node10>
<ynbr_node0>{1.245041, 12.951121}</ynbr_node0>
<ynbr_node1>{1.408562, 12.137725}</ynbr_node1>
<ynbr_node2>{1.377911, 11.222667}</ynbr_node2>
<ynbr_node3>{1.163338, 10.258753}</ynbr_node3>
<ynbr_node4>{0.767536, 9.258858}</ynbr_node4>
<ynbr_node5>{0.209236, 8.264416}</ynbr_node5>
<ynbr_node6>{-0.498074, 7.316161}</ynbr_node6>
<ynbr_node7>{-1.328274, 6.436139}</ynbr_node7>
<ynbr_node8>{-2.252415, 5.665498}</ynbr_node8>
<ynbr_node9>{-3.234482, 5.031999}</ynbr_node9>
<ynbr_node10>{-4.231384, 4.566932}</ynbr_node10>
</xagent>
<xagent>
<name>Sporo</name>
<id>2</id>
<iter>601</iter>
<FP>1.000000</FP>
<K0>0.200000</K0>
<TH0>2.941593</TH0>
<R0>0.998334</R0>
<coordx>{27.971817, 28.549141, 28.960611, 29.198769, 29.253313, 29.127930, 28.826315, 28.348072, 27.717241, 26.945889, 26.061436}</coordx>
<coordy>{12.959003, 12.142625, 11.234379, 10.265536, 9.266648, 8.273854, 7.323990, 6.447429, 5.672197, 5.039937, 4.568903}</coordy>
<xnbr_node0>{26.721258, 27.210051}</xnbr_node0>
<xnbr_node1>{27.128832, 27.469656}</xnbr_node1>
<xnbr_node2>{27.702555, 27.908760}</xnbr_node2>
<xnbr_node3>{28.420763, 28.508570}</xnbr_node3>
<xnbr_node4>{29.251471, 29.244329}</xnbr_node4>
<xnbr_node5>{30.174450, 30.090536}</xnbr_node5>
<xnbr_node6>{31.150507, 31.034012}</xnbr_node6>
<xnbr_node7>{32.150433, 32.023663}</xnbr_node7>
<xnbr_node8>{33.131744, 33.016171}</xnbr_node8>
<xnbr_node9>{34.053513, 33.974731}</xnbr_node9>
<xnbr_node10>{34.877609, 34.852413}</xnbr_node10>
<ynbr_node0>{13.794119, 2.778766}</ynbr_node0>
<ynbr_node1>{14.708626, 3.743384}</ynbr_node1>
<ynbr_node2>{15.530201, 4.641723}</ynbr_node2>
<ynbr_node3>{16.229269, 5.437854}</ynbr_node3>
<ynbr_node4>{16.777630, 6.113254}</ynbr_node4>
<ynbr_node5>{17.159126, 6.632648}</ynbr_node5>
<ynbr_node6>{17.358908, 6.968159}</ynbr_node6>
<ynbr_node7>{17.371881, 7.107650}</ynbr_node7>
<ynbr_node8>{17.186638, 7.030798}</ynbr_node8>
<ynbr_node9>{16.804787, 6.750540}</ynbr_node9>
<ynbr_node10>{16.238695, 6.273901}</ynbr_node10>
</xagent>
<xagent>
<name>Sporo</name>
<id>1</id>
<iter>601</iter>
<FP>1.000000</FP>
<K0>0.200000</K0>
<TH0>2.941593</TH0>
<R0>0.998334</R0>
<coordx>{23.226782, 22.834604, 22.278843, 21.574141, 20.751619, 19.833567, 18.858568, 17.860306, 16.879215, 15.952045, 15.125221}</coordx>
<coordy>{6.313640, 5.399064, 4.566454, 3.859026, 3.294309, 2.898596, 2.684242, 2.664970, 2.842531, 3.217497, 3.767849}</coordy>
<xnbr_node0>{20.203663}</xnbr_node0>
<xnbr_node1>{19.823885}</xnbr_node1>
<xnbr_node2>{19.626249}</xnbr_node2>
<xnbr_node3>{19.618202}</xnbr_node3>
<xnbr_node4>{19.790279}</xnbr_node4>
<xnbr_node5>{20.145611}</xnbr_node5>
<xnbr_node6>{20.659697}</xnbr_node6>
<xnbr_node7>{21.330349}</xnbr_node7>
<xnbr_node8>{22.137804}</xnbr_node8>
<xnbr_node9>{23.046961}</xnbr_node9>
<xnbr_node10>{24.020426}</xnbr_node10>
<ynbr_node0>{8.118901}</ynbr_node0>
<ynbr_node1>{9.040290}</ynbr_node1>
<ynbr_node2>{10.017067}</ynbr_node2>
<ynbr_node3>{11.015215}</ynbr_node3>
<ynbr_node4>{12.003569}</ynbr_node4>
<ynbr_node5>{12.936126}</ynbr_node5>
<ynbr_node6>{13.794512}</ynbr_node6>
<ynbr_node7>{14.532526}</ynbr_node7>
<ynbr_node8>{15.122547}</ynbr_node8>
<ynbr_node9>{15.533757}</ynbr_node9>
<ynbr_node10>{15.743939}</ynbr_node10>
</xagent>
</states>
